date,shift,station,zone,day_of_week,safety_critical,operator_level,qualified_backups,zone_trainees,crew_trainees,zone_floaters,zone_absence_rate_4w,crew_overtime_h_last_week,gap
2026-03-30,early,S01,A,Monday,0,2,0,0,0,2,0.12,2.4,0
2026-03-30,early,S02,A,Monday,0,2,2,0,0,2,0.12,2.4,0
2026-03-30,early,S03,A,Monday,0,2,2,0,0,2,0.12,2.4,0
2026-03-30,early,S04,A,Monday,0,2,1,0,0,2,0.12,2.4,0
2026-03-30,early,S05,A,Monday,0,3,2,0,0,2,0.12,2.4,0
2026-03-30,early,S06,A,Monday,0,2,1,0,0,2,0.12,2.4,0
2026-03-30,early,S07,B,Monday,0,2,3,0,0,2,0.12,2.4,0
2026-03-30,early,S08,B,Monday,0,2,2,0,0,2,0.12,2.4,1
2026-03-30,early,S09,B,Monday,0,2,2,0,0,2,0.12,2.4,0
2026-03-30,early,S10,B,Monday,0,2,2,0,0,2,0.12,2.4,0
2026-03-30,early,S11,B,Monday,0,3,1,0,0,2,0.12,2.4,0
2026-03-30,early,S12,B,Monday,0,2,1,0,0,2,0.12,2.4,0
2026-03-30,early,S13,C,Monday,0,3,2,0,0,2,0.12,2.4,0
2026-03-30,early,S14,C,Monday,0,2,1,0,0,2,0.12,2.4,0
2026-03-30,early,S15,C,Monday,1,3,2,0,0,2,0.12,2.4,0
2026-03-30,early,S16,C,Monday,0,2,1,0,0,2,0.12,2.4,0
2026-03-30,early,S17,C,Monday,0,2,1,0,0,2,0.12,2.4,0
2026-03-30,early,S18,C,Monday,1,2,3,0,0,2,0.12,2.4,0
2026-03-30,early,S19,D,Monday,0,2,3,0,0,2,0.12,2.4,0
2026-03-30,early,S20,D,Monday,0,3,2,0,0,2,0.12,2.4,0
2026-03-30,early,S21,D,Monday,0,2,1,0,0,2,0.12,2.4,0
2026-03-30,early,S22,D,Monday,0,2,2,0,0,2,0.12,2.4,0
2026-03-30,early,S23,D,Monday,0,2,1,0,0,2,0.12,2.4,0
2026-03-30,early,S24,D,Monday,0,2,2,0,0,2,0.12,2.4,0
2026-03-31,early,S01,A,Tuesday,0,2,0,0,0,2,0.125,2.4,0
2026-03-31,early,S02,A,Tuesday,0,2,2,0,0,2,0.125,2.4,0
2026-03-31,early,S03,A,Tuesday,0,2,2,0,0,2,0.125,2.4,0
2026-03-31,early,S04,A,Tuesday,0,2,1,0,0,2,0.125,2.4,0
2026-03-31,early,S05,A,Tuesday,0,3,2,0,0,2,0.125,2.4,0
2026-03-31,early,S06,A,Tuesday,0,2,1,0,0,2,0.125,2.4,0
2026-03-31,early,S07,B,Tuesday,0,2,3,0,0,2,0.375,2.4,0
2026-03-31,early,S08,B,Tuesday,0,2,2,0,0,2,0.375,2.4,0
2026-03-31,early,S09,B,Tuesday,0,2,2,0,0,2,0.375,2.4,0
2026-03-31,early,S10,B,Tuesday,0,2,2,0,0,2,0.375,2.4,0
2026-03-31,early,S11,B,Tuesday,0,3,1,0,0,2,0.375,2.4,0
2026-03-31,early,S12,B,Tuesday,0,2,1,0,0,2,0.375,2.4,0
2026-03-31,early,S13,C,Tuesday,0,3,2,0,0,2,0.0,2.4,0
2026-03-31,early,S14,C,Tuesday,0,2,1,0,0,2,0.0,2.4,0
2026-03-31,early,S15,C,Tuesday,1,3,2,0,0,2,0.0,2.4,0
2026-03-31,early,S16,C,Tuesday,0,2,1,0,0,2,0.0,2.4,0
2026-03-31,early,S17,C,Tuesday,0,2,1,0,0,2,0.0,2.4,0
2026-03-31,early,S18,C,Tuesday,1,2,3,0,0,2,0.0,2.4,0
2026-03-31,early,S19,D,Tuesday,0,2,3,0,0,2,0.125,2.4,0
2026-03-31,early,S20,D,Tuesday,0,3,2,0,0,2,0.125,2.4,0
2026-03-31,early,S21,D,Tuesday,0,2,1,0,0,2,0.125,2.4,0
2026-03-31,early,S22,D,Tuesday,0,2,2,0,0,2,0.125,2.4,0
2026-03-31,early,S23,D,Tuesday,0,2,1,0,0,2,0.125,2.4,0
2026-03-31,early,S24,D,Tuesday,0,2,2,0,0,2,0.125,2.4,0
2026-04-01,early,S01,A,Wednesday,0,2,0,0,0,2,0.062,2.4,0
2026-04-01,early,S02,A,Wednesday,0,2,2,0,0,2,0.062,2.4,0
2026-04-01,early,S03,A,Wednesday,0,2,2,0,0,2,0.062,2.4,0
2026-04-01,early,S04,A,Wednesday,0,2,1,0,0,2,0.062,2.4,0
2026-04-01,early,S05,A,Wednesday,0,3,2,0,0,2,0.062,2.4,0
2026-04-01,early,S06,A,Wednesday,0,2,1,0,0,2,0.062,2.4,0
2026-04-01,early,S07,B,Wednesday,0,2,3,0,0,2,0.312,2.4,0
2026-04-01,early,S08,B,Wednesday,0,2,2,0,0,2,0.312,2.4,0
2026-04-01,early,S09,B,Wednesday,0,2,2,0,0,2,0.312,2.4,0
2026-04-01,early,S10,B,Wednesday,0,2,2,0,0,2,0.312,2.4,0
2026-04-01,early,S11,B,Wednesday,0,3,1,0,0,2,0.312,2.4,0
2026-04-01,early,S12,B,Wednesday,0,2,1,0,0,2,0.312,2.4,0
2026-04-01,early,S13,C,Wednesday,0,3,2,0,0,2,0.062,2.4,0
2026-04-01,early,S14,C,Wednesday,0,2,1,0,0,2,0.062,2.4,0
2026-04-01,early,S15,C,Wednesday,1,3,2,0,0,2,0.062,2.4,0
2026-04-01,early,S16,C,Wednesday,0,2,1,0,0,2,0.062,2.4,0
2026-04-01,early,S17,C,Wednesday,0,2,1,0,0,2,0.062,2.4,0
2026-04-01,early,S18,C,Wednesday,1,2,3,0,0,2,0.062,2.4,0
2026-04-01,early,S19,D,Wednesday,0,2,3,0,0,2,0.188,2.4,0
2026-04-01,early,S20,D,Wednesday,0,3,2,0,0,2,0.188,2.4,0
2026-04-01,early,S21,D,Wednesday,0,2,1,0,0,2,0.188,2.4,0
2026-04-01,early,S22,D,Wednesday,0,2,2,0,0,2,0.188,2.4,0
2026-04-01,early,S23,D,Wednesday,0,2,1,0,0,2,0.188,2.4,0
2026-04-01,early,S24,D,Wednesday,0,2,2,0,0,2,0.188,2.4,0
2026-04-02,early,S01,A,Thursday,0,2,0,0,0,2,0.083,2.4,1
2026-04-02,early,S02,A,Thursday,0,2,2,0,0,2,0.083,2.4,0
2026-04-02,early,S03,A,Thursday,0,2,2,0,0,2,0.083,2.4,0
2026-04-02,early,S04,A,Thursday,0,2,1,0,0,2,0.083,2.4,0
2026-04-02,early,S05,A,Thursday,0,3,2,0,0,2,0.083,2.4,0
2026-04-02,early,S06,A,Thursday,0,2,1,0,0,2,0.083,2.4,0
2026-04-02,early,S07,B,Thursday,0,2,3,0,0,2,0.208,2.4,0
2026-04-02,early,S08,B,Thursday,0,2,2,0,0,2,0.208,2.4,0
2026-04-02,early,S09,B,Thursday,0,2,2,0,0,2,0.208,2.4,0
2026-04-02,early,S10,B,Thursday,0,2,2,0,0,2,0.208,2.4,0
2026-04-02,early,S11,B,Thursday,0,3,1,0,0,2,0.208,2.4,0
2026-04-02,early,S12,B,Thursday,0,2,1,0,0,2,0.208,2.4,0
2026-04-02,early,S13,C,Thursday,0,3,2,0,0,2,0.083,2.4,0
2026-04-02,early,S14,C,Thursday,0,2,1,0,0,2,0.083,2.4,0
2026-04-02,early,S15,C,Thursday,1,3,2,0,0,2,0.083,2.4,0
2026-04-02,early,S16,C,Thursday,0,2,1,0,0,2,0.083,2.4,0
2026-04-02,early,S17,C,Thursday,0,2,1,0,0,2,0.083,2.4,0
2026-04-02,early,S18,C,Thursday,1,2,3,0,0,2,0.083,2.4,0
2026-04-02,early,S19,D,Thursday,0,2,3,0,0,2,0.167,2.4,0
2026-04-02,early,S20,D,Thursday,0,3,2,0,0,2,0.167,2.4,0
2026-04-02,early,S21,D,Thursday,0,2,1,0,0,2,0.167,2.4,0
2026-04-02,early,S22,D,Thursday,0,2,2,0,0,2,0.167,2.4,0
2026-04-02,early,S23,D,Thursday,0,2,1,0,0,2,0.167,2.4,0
2026-04-02,early,S24,D,Thursday,0,2,2,0,0,2,0.167,2.4,0
2026-04-03,early,S01,A,Friday,0,2,0,0,0,2,0.094,2.4,0
2026-04-03,early,S02,A,Friday,0,2,2,0,0,2,0.094,2.4,0
2026-04-03,early,S03,A,Friday,0,2,2,0,0,2,0.094,2.4,0
2026-04-03,early,S04,A,Friday,0,2,1,0,0,2,0.094,2.4,0
2026-04-03,early,S05,A,Friday,0,3,2,0,0,2,0.094,2.4,0
2026-04-03,early,S06,A,Friday,0,2,1,0,0,2,0.094,2.4,0
2026-04-03,early,S07,B,Friday,0,2,3,0,0,2,0.219,2.4,0
2026-04-03,early,S08,B,Friday,0,2,2,0,0,2,0.219,2.4,0
2026-04-03,early,S09,B,Friday,0,2,2,0,0,2,0.219,2.4,0
2026-04-03,early,S10,B,Friday,0,2,2,0,0,2,0.219,2.4,0
2026-04-03,early,S11,B,Friday,0,3,1,0,0,2,0.219,2.4,1
2026-04-03,early,S12,B,Friday,0,2,1,0,0,2,0.219,2.4,0
2026-04-03,early,S13,C,Friday,0,3,2,0,0,2,0.125,2.4,0
2026-04-03,early,S14,C,Friday,0,2,1,0,0,2,0.125,2.4,0
2026-04-03,early,S15,C,Friday,1,3,2,0,0,2,0.125,2.4,0
2026-04-03,early,S16,C,Friday,0,2,1,0,0,2,0.125,2.4,0
2026-04-03,early,S17,C,Friday,0,2,1,0,0,2,0.125,2.4,1
2026-04-03,early,S18,C,Friday,1,2,3,0,0,2,0.125,2.4,0
2026-04-03,early,S19,D,Friday,0,2,3,0,0,2,0.125,2.4,0
2026-04-03,early,S20,D,Friday,0,3,2,0,0,2,0.125,2.4,0
2026-04-03,early,S21,D,Friday,0,2,1,0,0,2,0.125,2.4,0
2026-04-03,early,S22,D,Friday,0,2,2,0,0,2,0.125,2.4,0
2026-04-03,early,S23,D,Friday,0,2,1,0,0,2,0.125,2.4,0
2026-04-03,early,S24,D,Friday,0,2,2,0,0,2,0.125,2.4,0
2026-04-04,early,S01,A,Saturday,0,2,0,0,0,2,0.1,2.4,0
2026-04-04,early,S02,A,Saturday,0,2,2,0,0,2,0.1,2.4,0
2026-04-04,early,S03,A,Saturday,0,2,2,0,0,2,0.1,2.4,0
2026-04-04,early,S04,A,Saturday,0,2,1,0,0,2,0.1,2.4,0
2026-04-04,early,S05,A,Saturday,0,3,2,0,0,2,0.1,2.4,0
2026-04-04,early,S06,A,Saturday,0,2,1,0,0,2,0.1,2.4,1
2026-04-04,early,S07,B,Saturday,0,2,3,0,0,2,0.225,2.4,0
2026-04-04,early,S08,B,Saturday,0,2,2,0,0,2,0.225,2.4,0
2026-04-04,early,S09,B,Saturday,0,2,2,0,0,2,0.225,2.4,0
2026-04-04,early,S10,B,Saturday,0,2,2,0,0,2,0.225,2.4,0
2026-04-04,early,S11,B,Saturday,0,3,1,0,0,2,0.225,2.4,0
2026-04-04,early,S12,B,Saturday,0,2,1,0,0,2,0.225,2.4,0
2026-04-04,early,S13,C,Saturday,0,3,2,0,0,2,0.15,2.4,0
2026-04-04,early,S14,C,Saturday,0,2,1,0,0,2,0.15,2.4,0
2026-04-04,early,S15,C,Saturday,1,3,2,0,0,2,0.15,2.4,0
2026-04-04,early,S16,C,Saturday,0,2,1,0,0,2,0.15,2.4,0
2026-04-04,early,S17,C,Saturday,0,2,1,0,0,2,0.15,2.4,0
2026-04-04,early,S18,C,Saturday,1,2,3,0,0,2,0.15,2.4,0
2026-04-04,early,S19,D,Saturday,0,2,3,0,0,2,0.1,2.4,0
2026-04-04,early,S20,D,Saturday,0,3,2,0,0,2,0.1,2.4,0
2026-04-04,early,S21,D,Saturday,0,2,1,0,0,2,0.1,2.4,0
2026-04-04,early,S22,D,Saturday,0,2,2,0,0,2,0.1,2.4,0
2026-04-04,early,S23,D,Saturday,0,2,1,0,0,2,0.1,2.4,0
2026-04-04,early,S24,D,Saturday,0,2,2,0,0,2,0.1,2.4,0
2026-03-30,late,S01,A,Monday,0,3,2,0,0,2,0.12,1.0,0
2026-03-30,late,S02,A,Monday,0,2,2,0,0,2,0.12,1.0,0
2026-03-30,late,S03,A,Monday,0,2,3,0,0,2,0.12,1.0,0
2026-03-30,late,S04,A,Monday,0,3,1,0,0,2,0.12,1.0,0
2026-03-30,late,S05,A,Monday,0,3,3,0,0,2,0.12,1.0,0
2026-03-30,late,S06,A,Monday,0,2,0,0,0,2,0.12,1.0,0
2026-03-30,late,S07,B,Monday,0,3,2,0,0,2,0.12,1.0,0
2026-03-30,late,S08,B,Monday,0,2,1,0,0,2,0.12,1.0,0
2026-03-30,late,S09,B,Monday,0,3,1,0,0,2,0.12,1.0,0
2026-03-30,late,S10,B,Monday,0,2,1,0,0,2,0.12,1.0,0
2026-03-30,late,S11,B,Monday,0,2,2,0,0,2,0.12,1.0,0
2026-03-30,late,S12,B,Monday,0,2,1,0,0,2,0.12,1.0,0
2026-03-30,late,S13,C,Monday,0,2,1,0,0,2,0.12,1.0,0
2026-03-30,late,S14,C,Monday,0,2,2,0,0,2,0.12,1.0,0
2026-03-30,late,S15,C,Monday,1,2,2,0,0,2,0.12,1.0,0
2026-03-30,late,S16,C,Monday,0,2,2,0,0,2,0.12,1.0,0
2026-03-30,late,S17,C,Monday,0,3,2,0,0,2,0.12,1.0,0
2026-03-30,late,S18,C,Monday,1,2,0,0,0,2,0.12,1.0,0
2026-03-30,late,S19,D,Monday,0,2,1,0,0,2,0.12,1.0,1
2026-03-30,late,S20,D,Monday,0,2,2,0,0,2,0.12,1.0,0
2026-03-30,late,S21,D,Monday,0,2,2,0,0,2,0.12,1.0,0
2026-03-30,late,S22,D,Monday,0,3,2,0,0,2,0.12,1.0,0
2026-03-30,late,S23,D,Monday,0,2,2,0,0,2,0.12,1.0,0
2026-03-30,late,S24,D,Monday,0,3,3,0,0,2,0.12,1.0,0
2026-03-31,late,S01,A,Tuesday,0,3,2,0,0,2,0.0,1.0,0
2026-03-31,late,S02,A,Tuesday,0,2,2,0,0,2,0.0,1.0,0
2026-03-31,late,S03,A,Tuesday,0,2,3,0,0,2,0.0,1.0,0
2026-03-31,late,S04,A,Tuesday,0,3,1,0,0,2,0.0,1.0,0
2026-03-31,late,S05,A,Tuesday,0,3,3,0,0,2,0.0,1.0,0
2026-03-31,late,S06,A,Tuesday,0,2,0,0,0,2,0.0,1.0,0
2026-03-31,late,S07,B,Tuesday,0,3,2,0,0,2,0.0,1.0,0
2026-03-31,late,S08,B,Tuesday,0,2,1,0,0,2,0.0,1.0,0
2026-03-31,late,S09,B,Tuesday,0,3,1,0,0,2,0.0,1.0,0
2026-03-31,late,S10,B,Tuesday,0,2,1,0,0,2,0.0,1.0,0
2026-03-31,late,S11,B,Tuesday,0,2,2,0,0,2,0.0,1.0,0
2026-03-31,late,S12,B,Tuesday,0,2,1,0,0,2,0.0,1.0,0
2026-03-31,late,S13,C,Tuesday,0,2,1,0,0,2,0.125,1.0,0
2026-03-31,late,S14,C,Tuesday,0,2,2,0,0,2,0.125,1.0,0
2026-03-31,late,S15,C,Tuesday,1,2,2,0,0,2,0.125,1.0,0
2026-03-31,late,S16,C,Tuesday,0,2,2,0,0,2,0.125,1.0,0
2026-03-31,late,S17,C,Tuesday,0,3,2,0,0,2,0.125,1.0,0
2026-03-31,late,S18,C,Tuesday,1,2,0,0,0,2,0.125,1.0,0
2026-03-31,late,S19,D,Tuesday,0,2,1,0,0,2,0.375,1.0,0
2026-03-31,late,S20,D,Tuesday,0,2,2,0,0,2,0.375,1.0,0
2026-03-31,late,S21,D,Tuesday,0,2,2,0,0,2,0.375,1.0,0
2026-03-31,late,S22,D,Tuesday,0,3,2,0,0,2,0.375,1.0,0
2026-03-31,late,S23,D,Tuesday,0,2,2,0,0,2,0.375,1.0,0
2026-03-31,late,S24,D,Tuesday,0,3,3,0,0,2,0.375,1.0,0
2026-04-01,late,S01,A,Wednesday,0,3,2,0,0,2,0.0,1.0,0
2026-04-01,late,S02,A,Wednesday,0,2,2,0,0,2,0.0,1.0,0
2026-04-01,late,S03,A,Wednesday,0,2,3,0,0,2,0.0,1.0,0
2026-04-01,late,S04,A,Wednesday,0,3,1,0,0,2,0.0,1.0,0
2026-04-01,late,S05,A,Wednesday,0,3,3,0,0,2,0.0,1.0,0
2026-04-01,late,S06,A,Wednesday,0,2,0,0,0,2,0.0,1.0,0
2026-04-01,late,S07,B,Wednesday,0,3,2,0,0,2,0.062,1.0,0
2026-04-01,late,S08,B,Wednesday,0,2,1,0,0,2,0.062,1.0,0
2026-04-01,late,S09,B,Wednesday,0,3,1,0,0,2,0.062,1.0,0
2026-04-01,late,S10,B,Wednesday,0,2,1,0,0,2,0.062,1.0,0
2026-04-01,late,S11,B,Wednesday,0,2,2,0,0,2,0.062,1.0,0
2026-04-01,late,S12,B,Wednesday,0,2,1,0,0,2,0.062,1.0,0
2026-04-01,late,S13,C,Wednesday,0,2,1,0,0,2,0.125,1.0,0
2026-04-01,late,S14,C,Wednesday,0,2,2,0,0,2,0.125,1.0,0
2026-04-01,late,S15,C,Wednesday,1,2,2,0,0,2,0.125,1.0,0
2026-04-01,late,S16,C,Wednesday,0,2,2,0,0,2,0.125,1.0,0
2026-04-01,late,S17,C,Wednesday,0,3,2,0,0,2,0.125,1.0,0
2026-04-01,late,S18,C,Wednesday,1,2,0,0,0,2,0.125,1.0,0
2026-04-01,late,S19,D,Wednesday,0,2,1,0,0,2,0.25,1.0,0
2026-04-01,late,S20,D,Wednesday,0,2,2,0,0,2,0.25,1.0,0
2026-04-01,late,S21,D,Wednesday,0,2,2,0,0,2,0.25,1.0,0
2026-04-01,late,S22,D,Wednesday,0,3,2,0,0,2,0.25,1.0,0
2026-04-01,late,S23,D,Wednesday,0,2,2,0,0,2,0.25,1.0,0
2026-04-01,late,S24,D,Wednesday,0,3,3,0,0,2,0.25,1.0,0
2026-04-02,late,S01,A,Thursday,0,3,2,0,0,2,0.042,1.0,0
2026-04-02,late,S02,A,Thursday,0,2,2,0,0,2,0.042,1.0,0
2026-04-02,late,S03,A,Thursday,0,2,3,0,0,2,0.042,1.0,0
2026-04-02,late,S04,A,Thursday,0,3,1,0,0,2,0.042,1.0,0
2026-04-02,late,S05,A,Thursday,0,3,3,0,0,2,0.042,1.0,0
2026-04-02,late,S06,A,Thursday,0,2,0,0,0,2,0.042,1.0,0
2026-04-02,late,S07,B,Thursday,0,3,2,0,0,2,0.083,1.0,0
2026-04-02,late,S08,B,Thursday,0,2,1,0,0,2,0.083,1.0,0
2026-04-02,late,S09,B,Thursday,0,3,1,0,0,2,0.083,1.0,0
2026-04-02,late,S10,B,Thursday,0,2,1,0,0,2,0.083,1.0,0
2026-04-02,late,S11,B,Thursday,0,2,2,0,0,2,0.083,1.0,0
2026-04-02,late,S12,B,Thursday,0,2,1,0,0,2,0.083,1.0,0
2026-04-02,late,S13,C,Thursday,0,2,1,0,0,2,0.167,1.0,0
2026-04-02,late,S14,C,Thursday,0,2,2,0,0,2,0.167,1.0,0
2026-04-02,late,S15,C,Thursday,1,2,2,0,0,2,0.167,1.0,0
2026-04-02,late,S16,C,Thursday,0,2,2,0,0,2,0.167,1.0,0
2026-04-02,late,S17,C,Thursday,0,3,2,0,0,2,0.167,1.0,0
2026-04-02,late,S18,C,Thursday,1,2,0,0,0,2,0.167,1.0,0
2026-04-02,late,S19,D,Thursday,0,2,1,0,0,2,0.167,1.0,0
2026-04-02,late,S20,D,Thursday,0,2,2,0,0,2,0.167,1.0,0
2026-04-02,late,S21,D,Thursday,0,2,2,0,0,2,0.167,1.0,0
2026-04-02,late,S22,D,Thursday,0,3,2,0,0,2,0.167,1.0,0
2026-04-02,late,S23,D,Thursday,0,2,2,0,0,2,0.167,1.0,0
2026-04-02,late,S24,D,Thursday,0,3,3,0,0,2,0.167,1.0,0
2026-04-03,late,S01,A,Friday,0,3,2,0,0,2,0.031,1.0,0
2026-04-03,late,S02,A,Friday,0,2,2,0,0,2,0.031,1.0,0
2026-04-03,late,S03,A,Friday,0,2,3,0,0,2,0.031,1.0,0
2026-04-03,late,S04,A,Friday,0,3,1,0,0,2,0.031,1.0,0
2026-04-03,late,S05,A,Friday,0,3,3,0,0,2,0.031,1.0,0
2026-04-03,late,S06,A,Friday,0,2,0,0,0,2,0.031,1.0,0
2026-04-03,late,S07,B,Friday,0,3,2,0,0,2,0.094,1.0,0
2026-04-03,late,S08,B,Friday,0,2,1,0,0,2,0.094,1.0,0
2026-04-03,late,S09,B,Friday,0,3,1,0,0,2,0.094,1.0,0
2026-04-03,late,S10,B,Friday,0,2,1,0,0,2,0.094,1.0,1
2026-04-03,late,S11,B,Friday,0,2,2,0,0,2,0.094,1.0,0
2026-04-03,late,S12,B,Friday,0,2,1,0,0,2,0.094,1.0,0
2026-04-03,late,S13,C,Friday,0,2,1,0,0,2,0.188,1.0,0
2026-04-03,late,S14,C,Friday,0,2,2,0,0,2,0.188,1.0,0
2026-04-03,late,S15,C,Friday,1,2,2,0,0,2,0.188,1.0,0
2026-04-03,late,S16,C,Friday,0,2,2,0,0,2,0.188,1.0,1
2026-04-03,late,S17,C,Friday,0,3,2,0,0,2,0.188,1.0,0
2026-04-03,late,S18,C,Friday,1,2,0,0,0,2,0.188,1.0,1
2026-04-03,late,S19,D,Friday,0,2,1,0,0,2,0.156,1.0,0
2026-04-03,late,S20,D,Friday,0,2,2,0,0,2,0.156,1.0,0
2026-04-03,late,S21,D,Friday,0,2,2,0,0,2,0.156,1.0,0
2026-04-03,late,S22,D,Friday,0,3,2,0,0,2,0.156,1.0,0
2026-04-03,late,S23,D,Friday,0,2,2,0,0,2,0.156,1.0,0
2026-04-03,late,S24,D,Friday,0,3,3,0,0,2,0.156,1.0,0
2026-04-04,late,S01,A,Saturday,0,3,2,0,0,2,0.075,1.0,0
2026-04-04,late,S02,A,Saturday,0,2,2,0,0,2,0.075,1.0,0
2026-04-04,late,S03,A,Saturday,0,2,3,0,0,2,0.075,1.0,0
2026-04-04,late,S04,A,Saturday,0,3,1,0,0,2,0.075,1.0,0
2026-04-04,late,S05,A,Saturday,0,3,3,0,0,2,0.075,1.0,0
2026-04-04,late,S06,A,Saturday,0,2,0,0,0,2,0.075,1.0,0
2026-04-04,late,S07,B,Saturday,0,3,2,0,0,2,0.125,1.0,0
2026-04-04,late,S08,B,Saturday,0,2,1,0,0,2,0.125,1.0,0
2026-04-04,late,S09,B,Saturday,0,3,1,0,0,2,0.125,1.0,0
2026-04-04,late,S10,B,Saturday,0,2,1,0,0,2,0.125,1.0,0
2026-04-04,late,S11,B,Saturday,0,2,2,0,0,2,0.125,1.0,0
2026-04-04,late,S12,B,Saturday,0,2,1,0,0,2,0.125,1.0,0
2026-04-04,late,S13,C,Saturday,0,2,1,0,0,2,0.225,1.0,0
2026-04-04,late,S14,C,Saturday,0,2,2,0,0,2,0.225,1.0,0
2026-04-04,late,S15,C,Saturday,1,2,2,0,0,2,0.225,1.0,0
2026-04-04,late,S16,C,Saturday,0,2,2,0,0,2,0.225,1.0,0
2026-04-04,late,S17,C,Saturday,0,3,2,0,0,2,0.225,1.0,0
2026-04-04,late,S18,C,Saturday,1,2,0,0,0,2,0.225,1.0,1
2026-04-04,late,S19,D,Saturday,0,2,1,0,0,2,0.125,1.0,0
2026-04-04,late,S20,D,Saturday,0,2,2,0,0,2,0.125,1.0,0
2026-04-04,late,S21,D,Saturday,0,2,2,0,0,2,0.125,1.0,0
2026-04-04,late,S22,D,Saturday,0,3,2,0,0,2,0.125,1.0,0
2026-04-04,late,S23,D,Saturday,0,2,2,0,0,2,0.125,1.0,0
2026-04-04,late,S24,D,Saturday,0,3,3,0,0,2,0.125,1.0,0
2026-03-30,night,S01,A,Monday,0,3,1,0,0,2,0.12,2.7,1
2026-03-30,night,S02,A,Monday,0,2,2,0,0,2,0.12,2.7,0
2026-03-30,night,S03,A,Monday,0,2,3,0,0,2,0.12,2.7,0
2026-03-30,night,S04,A,Monday,0,3,1,0,0,2,0.12,2.7,0
2026-03-30,night,S05,A,Monday,0,2,3,0,0,2,0.12,2.7,0
2026-03-30,night,S06,A,Monday,0,2,2,0,0,2,0.12,2.7,0
2026-03-30,night,S07,B,Monday,0,2,1,0,0,2,0.12,2.7,0
2026-03-30,night,S08,B,Monday,0,2,2,0,0,2,0.12,2.7,0
2026-03-30,night,S09,B,Monday,0,2,3,0,0,2,0.12,2.7,0
2026-03-30,night,S10,B,Monday,0,2,3,0,0,2,0.12,2.7,0
2026-03-30,night,S11,B,Monday,0,2,1,0,0,2,0.12,2.7,1
2026-03-30,night,S12,B,Monday,0,3,1,0,0,2,0.12,2.7,1
2026-03-30,night,S13,C,Monday,0,2,2,0,0,2,0.12,2.7,0
2026-03-30,night,S14,C,Monday,0,2,3,0,0,2,0.12,2.7,0
2026-03-30,night,S15,C,Monday,1,2,2,0,0,2,0.12,2.7,0
2026-03-30,night,S16,C,Monday,0,2,2,0,0,2,0.12,2.7,0
2026-03-30,night,S17,C,Monday,0,2,0,0,0,2,0.12,2.7,1
2026-03-30,night,S18,C,Monday,1,2,0,0,0,2,0.12,2.7,0
2026-03-30,night,S19,D,Monday,0,3,1,0,0,2,0.12,2.7,0
2026-03-30,night,S20,D,Monday,0,3,2,0,0,2,0.12,2.7,0
2026-03-30,night,S21,D,Monday,0,2,1,0,0,2,0.12,2.7,0
2026-03-30,night,S22,D,Monday,0,3,1,0,0,2,0.12,2.7,0
2026-03-30,night,S23,D,Monday,0,2,2,0,0,2,0.12,2.7,0
2026-03-30,night,S24,D,Monday,0,2,1,0,0,2,0.12,2.7,0
2026-03-31,night,S01,A,Tuesday,0,3,1,0,0,2,0.375,2.7,0
2026-03-31,night,S02,A,Tuesday,0,2,2,0,0,2,0.375,2.7,0
2026-03-31,night,S03,A,Tuesday,0,2,3,0,0,2,0.375,2.7,0
2026-03-31,night,S04,A,Tuesday,0,3,1,0,0,2,0.375,2.7,0
2026-03-31,night,S05,A,Tuesday,0,2,3,0,0,2,0.375,2.7,0
2026-03-31,night,S06,A,Tuesday,0,2,2,0,0,2,0.375,2.7,0
2026-03-31,night,S07,B,Tuesday,0,2,1,0,0,2,0.375,2.7,0
2026-03-31,night,S08,B,Tuesday,0,2,2,0,0,2,0.375,2.7,0
2026-03-31,night,S09,B,Tuesday,0,2,3,0,0,2,0.375,2.7,0
2026-03-31,night,S10,B,Tuesday,0,2,3,0,0,2,0.375,2.7,0
2026-03-31,night,S11,B,Tuesday,0,2,1,0,0,2,0.375,2.7,0
2026-03-31,night,S12,B,Tuesday,0,3,1,0,0,2,0.375,2.7,0
2026-03-31,night,S13,C,Tuesday,0,2,2,0,0,2,0.25,2.7,0
2026-03-31,night,S14,C,Tuesday,0,2,3,0,0,2,0.25,2.7,0
2026-03-31,night,S15,C,Tuesday,1,2,2,0,0,2,0.25,2.7,0
2026-03-31,night,S16,C,Tuesday,0,2,2,0,0,2,0.25,2.7,0
2026-03-31,night,S17,C,Tuesday,0,2,0,0,0,2,0.25,2.7,0
2026-03-31,night,S18,C,Tuesday,1,2,0,0,0,2,0.25,2.7,0
2026-03-31,night,S19,D,Tuesday,0,3,1,0,0,2,0.0,2.7,0
2026-03-31,night,S20,D,Tuesday,0,3,2,0,0,2,0.0,2.7,0
2026-03-31,night,S21,D,Tuesday,0,2,1,0,0,2,0.0,2.7,0
2026-03-31,night,S22,D,Tuesday,0,3,1,0,0,2,0.0,2.7,0
2026-03-31,night,S23,D,Tuesday,0,2,2,0,0,2,0.0,2.7,0
2026-03-31,night,S24,D,Tuesday,0,2,1,0,0,2,0.0,2.7,0
2026-04-01,night,S01,A,Wednesday,0,3,1,0,0,2,0.25,2.7,0
2026-04-01,night,S02,A,Wednesday,0,2,2,0,0,2,0.25,2.7,0
2026-04-01,night,S03,A,Wednesday,0,2,3,0,0,2,0.25,2.7,0
2026-04-01,night,S04,A,Wednesday,0,3,1,0,0,2,0.25,2.7,0
2026-04-01,night,S05,A,Wednesday,0,2,3,0,0,2,0.25,2.7,0
2026-04-01,night,S06,A,Wednesday,0,2,2,0,0,2,0.25,2.7,0
2026-04-01,night,S07,B,Wednesday,0,2,1,0,0,2,0.25,2.7,0
2026-04-01,night,S08,B,Wednesday,0,2,2,0,0,2,0.25,2.7,0
2026-04-01,night,S09,B,Wednesday,0,2,3,0,0,2,0.25,2.7,0
2026-04-01,night,S10,B,Wednesday,0,2,3,0,0,2,0.25,2.7,0
2026-04-01,night,S11,B,Wednesday,0,2,1,0,0,2,0.25,2.7,0
2026-04-01,night,S12,B,Wednesday,0,3,1,0,0,2,0.25,2.7,0
2026-04-01,night,S13,C,Wednesday,0,2,2,0,0,2,0.25,2.7,0
2026-04-01,night,S14,C,Wednesday,0,2,3,0,0,2,0.25,2.7,0
2026-04-01,night,S15,C,Wednesday,1,2,2,0,0,2,0.25,2.7,0
2026-04-01,night,S16,C,Wednesday,0,2,2,0,0,2,0.25,2.7,0
2026-04-01,night,S17,C,Wednesday,0,2,0,0,0,2,0.25,2.7,0
2026-04-01,night,S18,C,Wednesday,1,2,0,0,0,2,0.25,2.7,1
2026-04-01,night,S19,D,Wednesday,0,3,1,0,0,2,0.0,2.7,0
2026-04-01,night,S20,D,Wednesday,0,3,2,0,0,2,0.0,2.7,0
2026-04-01,night,S21,D,Wednesday,0,2,1,0,0,2,0.0,2.7,0
2026-04-01,night,S22,D,Wednesday,0,3,1,0,0,2,0.0,2.7,0
2026-04-01,night,S23,D,Wednesday,0,2,2,0,0,2,0.0,2.7,0
2026-04-01,night,S24,D,Wednesday,0,2,1,0,0,2,0.0,2.7,0
2026-04-02,night,S01,A,Thursday,0,3,1,0,0,2,0.167,2.7,0
2026-04-02,night,S02,A,Thursday,0,2,2,0,0,2,0.167,2.7,0
2026-04-02,night,S03,A,Thursday,0,2,3,0,0,2,0.167,2.7,0
2026-04-02,night,S04,A,Thursday,0,3,1,0,0,2,0.167,2.7,0
2026-04-02,night,S05,A,Thursday,0,2,3,0,0,2,0.167,2.7,0
2026-04-02,night,S06,A,Thursday,0,2,2,0,0,2,0.167,2.7,0
2026-04-02,night,S07,B,Thursday,0,2,1,0,0,2,0.25,2.7,0
2026-04-02,night,S08,B,Thursday,0,2,2,0,0,2,0.25,2.7,0
2026-04-02,night,S09,B,Thursday,0,2,3,0,0,2,0.25,2.7,0
2026-04-02,night,S10,B,Thursday,0,2,3,0,0,2,0.25,2.7,0
2026-04-02,night,S11,B,Thursday,0,2,1,0,0,2,0.25,2.7,0
2026-04-02,night,S12,B,Thursday,0,3,1,0,0,2,0.25,2.7,0
2026-04-02,night,S13,C,Thursday,0,2,2,0,0,2,0.208,2.7,0
2026-04-02,night,S14,C,Thursday,0,2,3,0,0,2,0.208,2.7,0
2026-04-02,night,S15,C,Thursday,1,2,2,0,0,2,0.208,2.7,0
2026-04-02,night,S16,C,Thursday,0,2,2,0,0,2,0.208,2.7,0
2026-04-02,night,S17,C,Thursday,0,2,0,0,0,2,0.208,2.7,0
2026-04-02,night,S18,C,Thursday,1,2,0,0,0,2,0.208,2.7,0
2026-04-02,night,S19,D,Thursday,0,3,1,0,0,2,0.0,2.7,0
2026-04-02,night,S20,D,Thursday,0,3,2,0,0,2,0.0,2.7,0
2026-04-02,night,S21,D,Thursday,0,2,1,0,0,2,0.0,2.7,0
2026-04-02,night,S22,D,Thursday,0,3,1,0,0,2,0.0,2.7,0
2026-04-02,night,S23,D,Thursday,0,2,2,0,0,2,0.0,2.7,0
2026-04-02,night,S24,D,Thursday,0,2,1,0,0,2,0.0,2.7,0
2026-04-03,night,S01,A,Friday,0,3,1,0,0,2,0.188,2.7,0
2026-04-03,night,S02,A,Friday,0,2,2,0,0,2,0.188,2.7,0
2026-04-03,night,S03,A,Friday,0,2,3,0,0,2,0.188,2.7,0
2026-04-03,night,S04,A,Friday,0,3,1,0,0,2,0.188,2.7,0
2026-04-03,night,S05,A,Friday,0,2,3,0,0,2,0.188,2.7,0
2026-04-03,night,S06,A,Friday,0,2,2,0,0,2,0.188,2.7,0
2026-04-03,night,S07,B,Friday,0,2,1,0,0,2,0.188,2.7,0
2026-04-03,night,S08,B,Friday,0,2,2,0,0,2,0.188,2.7,0
2026-04-03,night,S09,B,Friday,0,2,3,0,0,2,0.188,2.7,0
2026-04-03,night,S10,B,Friday,0,2,3,0,0,2,0.188,2.7,0
2026-04-03,night,S11,B,Friday,0,2,1,0,0,2,0.188,2.7,0
2026-04-03,night,S12,B,Friday,0,3,1,0,0,2,0.188,2.7,0
2026-04-03,night,S13,C,Friday,0,2,2,0,0,2,0.188,2.7,0
2026-04-03,night,S14,C,Friday,0,2,3,0,0,2,0.188,2.7,0
2026-04-03,night,S15,C,Friday,1,2,2,0,0,2,0.188,2.7,0
2026-04-03,night,S16,C,Friday,0,2,2,0,0,2,0.188,2.7,0
2026-04-03,night,S17,C,Friday,0,2,0,0,0,2,0.188,2.7,0
2026-04-03,night,S18,C,Friday,1,2,0,0,0,2,0.188,2.7,0
2026-04-03,night,S19,D,Friday,0,3,1,0,0,2,0.062,2.7,0
2026-04-03,night,S20,D,Friday,0,3,2,0,0,2,0.062,2.7,0
2026-04-03,night,S21,D,Friday,0,2,1,0,0,2,0.062,2.7,0
2026-04-03,night,S22,D,Friday,0,3,1,0,0,2,0.062,2.7,0
2026-04-03,night,S23,D,Friday,0,2,2,0,0,2,0.062,2.7,0
2026-04-03,night,S24,D,Friday,0,2,1,0,0,2,0.062,2.7,1
2026-04-04,night,S01,A,Saturday,0,3,1,0,0,2,0.15,2.7,0
2026-04-04,night,S02,A,Saturday,0,2,2,0,0,2,0.15,2.7,0
2026-04-04,night,S03,A,Saturday,0,2,3,0,0,2,0.15,2.7,0
2026-04-04,night,S04,A,Saturday,0,3,1,0,0,2,0.15,2.7,0
2026-04-04,night,S05,A,Saturday,0,2,3,0,0,2,0.15,2.7,0
2026-04-04,night,S06,A,Saturday,0,2,2,0,0,2,0.15,2.7,0
2026-04-04,night,S07,B,Saturday,0,2,1,0,0,2,0.225,2.7,0
2026-04-04,night,S08,B,Saturday,0,2,2,0,0,2,0.225,2.7,0
2026-04-04,night,S09,B,Saturday,0,2,3,0,0,2,0.225,2.7,0
2026-04-04,night,S10,B,Saturday,0,2,3,0,0,2,0.225,2.7,0
2026-04-04,night,S11,B,Saturday,0,2,1,0,0,2,0.225,2.7,0
2026-04-04,night,S12,B,Saturday,0,3,1,0,0,2,0.225,2.7,0
2026-04-04,night,S13,C,Saturday,0,2,2,0,0,2,0.15,2.7,0
2026-04-04,night,S14,C,Saturday,0,2,3,0,0,2,0.15,2.7,0
2026-04-04,night,S15,C,Saturday,1,2,2,0,0,2,0.15,2.7,0
2026-04-04,night,S16,C,Saturday,0,2,2,0,0,2,0.15,2.7,0
2026-04-04,night,S17,C,Saturday,0,2,0,0,0,2,0.15,2.7,0
2026-04-04,night,S18,C,Saturday,1,2,0,0,0,2,0.15,2.7,0
2026-04-04,night,S19,D,Saturday,0,3,1,0,0,2,0.125,2.7,1
2026-04-04,night,S20,D,Saturday,0,3,2,0,0,2,0.125,2.7,0
2026-04-04,night,S21,D,Saturday,0,2,1,0,0,2,0.125,2.7,0
2026-04-04,night,S22,D,Saturday,0,3,1,0,0,2,0.125,2.7,1
2026-04-04,night,S23,D,Saturday,0,2,2,0,0,2,0.125,2.7,0
2026-04-04,night,S24,D,Saturday,0,2,1,0,0,2,0.125,2.7,0
2026-04-06,early,S01,A,Monday,0,2,0,1,1,2,0.125,0.0,1
2026-04-06,early,S02,A,Monday,0,2,2,1,1,2,0.125,0.0,0
2026-04-06,early,S03,A,Monday,0,2,2,1,1,2,0.125,0.0,0
2026-04-06,early,S04,A,Monday,0,2,1,1,1,2,0.125,0.0,0
2026-04-06,early,S05,A,Monday,0,1,2,1,1,2,0.125,0.0,0
2026-04-06,early,S06,A,Monday,0,2,1,1,1,2,0.125,0.0,0
2026-04-06,early,S07,B,Monday,0,2,3,0,1,2,0.25,0.0,0
2026-04-06,early,S08,B,Monday,0,2,2,0,1,2,0.25,0.0,0
2026-04-06,early,S09,B,Monday,0,2,2,0,1,2,0.25,0.0,0
2026-04-06,early,S10,B,Monday,0,2,2,0,1,2,0.25,0.0,0
2026-04-06,early,S11,B,Monday,0,3,1,0,1,2,0.25,0.0,0
2026-04-06,early,S12,B,Monday,0,2,1,0,1,2,0.25,0.0,0
2026-04-06,early,S13,C,Monday,0,3,2,0,1,2,0.146,0.0,0
2026-04-06,early,S14,C,Monday,0,2,1,0,1,2,0.146,0.0,0
2026-04-06,early,S15,C,Monday,1,3,2,0,1,2,0.146,0.0,0
2026-04-06,early,S16,C,Monday,0,2,1,0,1,2,0.146,0.0,0
2026-04-06,early,S17,C,Monday,0,2,1,0,1,2,0.146,0.0,0
2026-04-06,early,S18,C,Monday,1,2,3,0,1,2,0.146,0.0,0
2026-04-06,early,S19,D,Monday,0,2,3,0,1,2,0.083,0.0,0
2026-04-06,early,S20,D,Monday,0,3,2,0,1,2,0.083,0.0,0
2026-04-06,early,S21,D,Monday,0,2,1,0,1,2,0.083,0.0,0
2026-04-06,early,S22,D,Monday,0,2,2,0,1,2,0.083,0.0,0
2026-04-06,early,S23,D,Monday,0,2,1,0,1,2,0.083,0.0,0
2026-04-06,early,S24,D,Monday,0,2,2,0,1,2,0.083,0.0,0
2026-04-07,early,S01,A,Tuesday,0,2,0,1,1,2,0.143,0.0,1
2026-04-07,early,S02,A,Tuesday,0,2,2,1,1,2,0.143,0.0,0
2026-04-07,early,S03,A,Tuesday,0,2,2,1,1,2,0.143,0.0,0
2026-04-07,early,S04,A,Tuesday,0,2,1,1,1,2,0.143,0.0,0
2026-04-07,early,S05,A,Tuesday,0,1,2,1,1,2,0.143,0.0,1
2026-04-07,early,S06,A,Tuesday,0,2,1,1,1,2,0.143,0.0,0
2026-04-07,early,S07,B,Tuesday,0,2,3,0,1,2,0.25,0.0,0
2026-04-07,early,S08,B,Tuesday,0,2,2,0,1,2,0.25,0.0,0
2026-04-07,early,S09,B,Tuesday,0,2,2,0,1,2,0.25,0.0,0
2026-04-07,early,S10,B,Tuesday,0,2,2,0,1,2,0.25,0.0,0
2026-04-07,early,S11,B,Tuesday,0,3,1,0,1,2,0.25,0.0,0
2026-04-07,early,S12,B,Tuesday,0,2,1,0,1,2,0.25,0.0,0
2026-04-07,early,S13,C,Tuesday,0,3,2,0,1,2,0.143,0.0,0
2026-04-07,early,S14,C,Tuesday,0,2,1,0,1,2,0.143,0.0,0
2026-04-07,early,S15,C,Tuesday,1,3,2,0,1,2,0.143,0.0,0
2026-04-07,early,S16,C,Tuesday,0,2,1,0,1,2,0.143,0.0,0
2026-04-07,early,S17,C,Tuesday,0,2,1,0,1,2,0.143,0.0,0
2026-04-07,early,S18,C,Tuesday,1,2,3,0,1,2,0.143,0.0,0
2026-04-07,early,S19,D,Tuesday,0,2,3,0,1,2,0.089,0.0,0
2026-04-07,early,S20,D,Tuesday,0,3,2,0,1,2,0.089,0.0,0
2026-04-07,early,S21,D,Tuesday,0,2,1,0,1,2,0.089,0.0,0
2026-04-07,early,S22,D,Tuesday,0,2,2,0,1,2,0.089,0.0,0
2026-04-07,early,S23,D,Tuesday,0,2,1,0,1,2,0.089,0.0,0
2026-04-07,early,S24,D,Tuesday,0,2,2,0,1,2,0.089,0.0,0
2026-04-08,early,S01,A,Wednesday,0,2,0,1,1,2,0.172,0.0,0
2026-04-08,early,S02,A,Wednesday,0,2,2,1,1,2,0.172,0.0,0
2026-04-08,early,S03,A,Wednesday,0,2,2,1,1,2,0.172,0.0,0
2026-04-08,early,S04,A,Wednesday,0,2,1,1,1,2,0.172,0.0,0
2026-04-08,early,S05,A,Wednesday,0,1,2,1,1,2,0.172,0.0,0
2026-04-08,early,S06,A,Wednesday,0,2,1,1,1,2,0.172,0.0,0
2026-04-08,early,S07,B,Wednesday,0,2,3,0,1,2,0.219,0.0,0
2026-04-08,early,S08,B,Wednesday,0,2,2,0,1,2,0.219,0.0,0
2026-04-08,early,S09,B,Wednesday,0,2,2,0,1,2,0.219,0.0,0
2026-04-08,early,S10,B,Wednesday,0,2,2,0,1,2,0.219,0.0,0
2026-04-08,early,S11,B,Wednesday,0,3,1,0,1,2,0.219,0.0,0
2026-04-08,early,S12,B,Wednesday,0,2,1,0,1,2,0.219,0.0,0
2026-04-08,early,S13,C,Wednesday,0,3,2,0,1,2,0.125,0.0,0
2026-04-08,early,S14,C,Wednesday,0,2,1,0,1,2,0.125,0.0,0
2026-04-08,early,S15,C,Wednesday,1,3,2,0,1,2,0.125,0.0,0
2026-04-08,early,S16,C,Wednesday,0,2,1,0,1,2,0.125,0.0,0
2026-04-08,early,S17,C,Wednesday,0,2,1,0,1,2,0.125,0.0,0
2026-04-08,early,S18,C,Wednesday,1,2,3,0,1,2,0.125,0.0,0
2026-04-08,early,S19,D,Wednesday,0,2,3,0,1,2,0.094,0.0,0
2026-04-08,early,S20,D,Wednesday,0,3,2,0,1,2,0.094,0.0,0
2026-04-08,early,S21,D,Wednesday,0,2,1,0,1,2,0.094,0.0,0
2026-04-08,early,S22,D,Wednesday,0,2,2,0,1,2,0.094,0.0,0
2026-04-08,early,S23,D,Wednesday,0,2,1,0,1,2,0.094,0.0,0
2026-04-08,early,S24,D,Wednesday,0,2,2,0,1,2,0.094,0.0,0
2026-04-09,early,S01,A,Thursday,0,2,0,1,1,2,0.167,0.0,0
2026-04-09,early,S02,A,Thursday,0,2,2,1,1,2,0.167,0.0,0
2026-04-09,early,S03,A,Thursday,0,2,2,1,1,2,0.167,0.0,0
2026-04-09,early,S04,A,Thursday,0,2,1,1,1,2,0.167,0.0,0
2026-04-09,early,S05,A,Thursday,0,1,2,1,1,2,0.167,0.0,0
2026-04-09,early,S06,A,Thursday,0,2,1,1,1,2,0.167,0.0,0
2026-04-09,early,S07,B,Thursday,0,2,3,0,1,2,0.194,0.0,0
2026-04-09,early,S08,B,Thursday,0,2,2,0,1,2,0.194,0.0,0
2026-04-09,early,S09,B,Thursday,0,2,2,0,1,2,0.194,0.0,0
2026-04-09,early,S10,B,Thursday,0,2,2,0,1,2,0.194,0.0,0
2026-04-09,early,S11,B,Thursday,0,3,1,0,1,2,0.194,0.0,0
2026-04-09,early,S12,B,Thursday,0,2,1,0,1,2,0.194,0.0,0
2026-04-09,early,S13,C,Thursday,0,3,2,0,1,2,0.125,0.0,0
2026-04-09,early,S14,C,Thursday,0,2,1,0,1,2,0.125,0.0,1
2026-04-09,early,S15,C,Thursday,1,3,2,0,1,2,0.125,0.0,0
2026-04-09,early,S16,C,Thursday,0,2,1,0,1,2,0.125,0.0,0
2026-04-09,early,S17,C,Thursday,0,2,1,0,1,2,0.125,0.0,0
2026-04-09,early,S18,C,Thursday,1,2,3,0,1,2,0.125,0.0,0
2026-04-09,early,S19,D,Thursday,0,2,3,0,1,2,0.097,0.0,0
2026-04-09,early,S20,D,Thursday,0,3,2,0,1,2,0.097,0.0,0
2026-04-09,early,S21,D,Thursday,0,2,1,0,1,2,0.097,0.0,0
2026-04-09,early,S22,D,Thursday,0,2,2,0,1,2,0.097,0.0,0
2026-04-09,early,S23,D,Thursday,0,2,1,0,1,2,0.097,0.0,0
2026-04-09,early,S24,D,Thursday,0,2,2,0,1,2,0.097,0.0,0
2026-04-10,early,S01,A,Friday,0,2,0,1,1,2,0.15,0.0,0
2026-04-10,early,S02,A,Friday,0,2,2,1,1,2,0.15,0.0,0
2026-04-10,early,S03,A,Friday,0,2,2,1,1,2,0.15,0.0,0
2026-04-10,early,S04,A,Friday,0,2,1,1,1,2,0.15,0.0,0
2026-04-10,early,S05,A,Friday,0,1,2,1,1,2,0.15,0.0,0
2026-04-10,early,S06,A,Friday,0,2,1,1,1,2,0.15,0.0,0
2026-04-10,early,S07,B,Friday,0,2,3,0,1,2,0.188,0.0,0
2026-04-10,early,S08,B,Friday,0,2,2,0,1,2,0.188,0.0,0
2026-04-10,early,S09,B,Friday,0,2,2,0,1,2,0.188,0.0,0
2026-04-10,early,S10,B,Friday,0,2,2,0,1,2,0.188,0.0,0
2026-04-10,early,S11,B,Friday,0,3,1,0,1,2,0.188,0.0,0
2026-04-10,early,S12,B,Friday,0,2,1,0,1,2,0.188,0.0,0
2026-04-10,early,S13,C,Friday,0,3,2,0,1,2,0.138,0.0,0
2026-04-10,early,S14,C,Friday,0,2,1,0,1,2,0.138,0.0,0
2026-04-10,early,S15,C,Friday,1,3,2,0,1,2,0.138,0.0,0
2026-04-10,early,S16,C,Friday,0,2,1,0,1,2,0.138,0.0,0
2026-04-10,early,S17,C,Friday,0,2,1,0,1,2,0.138,0.0,0
2026-04-10,early,S18,C,Friday,1,2,3,0,1,2,0.138,0.0,0
2026-04-10,early,S19,D,Friday,0,2,3,0,1,2,0.1,0.0,0
2026-04-10,early,S20,D,Friday,0,3,2,0,1,2,0.1,0.0,0
2026-04-10,early,S21,D,Friday,0,2,1,0,1,2,0.1,0.0,0
2026-04-10,early,S22,D,Friday,0,2,2,0,1,2,0.1,0.0,0
2026-04-10,early,S23,D,Friday,0,2,1,0,1,2,0.1,0.0,0
2026-04-10,early,S24,D,Friday,0,2,2,0,1,2,0.1,0.0,1
2026-04-11,early,S01,A,Saturday,0,2,0,1,1,2,0.136,0.0,0
2026-04-11,early,S02,A,Saturday,0,2,2,1,1,2,0.136,0.0,0
2026-04-11,early,S03,A,Saturday,0,2,2,1,1,2,0.136,0.0,0
2026-04-11,early,S04,A,Saturday,0,2,1,1,1,2,0.136,0.0,0
2026-04-11,early,S05,A,Saturday,0,1,2,1,1,2,0.136,0.0,0
2026-04-11,early,S06,A,Saturday,0,2,1,1,1,2,0.136,0.0,0
2026-04-11,early,S07,B,Saturday,0,2,3,0,1,2,0.182,0.0,0
2026-04-11,early,S08,B,Saturday,0,2,2,0,1,2,0.182,0.0,0
2026-04-11,early,S09,B,Saturday,0,2,2,0,1,2,0.182,0.0,0
2026-04-11,early,S10,B,Saturday,0,2,2,0,1,2,0.182,0.0,0
2026-04-11,early,S11,B,Saturday,0,3,1,0,1,2,0.182,0.0,0
2026-04-11,early,S12,B,Saturday,0,2,1,0,1,2,0.182,0.0,0
2026-04-11,early,S13,C,Saturday,0,3,2,0,1,2,0.125,0.0,0
2026-04-11,early,S14,C,Saturday,0,2,1,0,1,2,0.125,0.0,0
2026-04-11,early,S15,C,Saturday,1,3,2,0,1,2,0.125,0.0,0
2026-04-11,early,S16,C,Saturday,0,2,1,0,1,2,0.125,0.0,0
2026-04-11,early,S17,C,Saturday,0,2,1,0,1,2,0.125,0.0,0
2026-04-11,early,S18,C,Saturday,1,2,3,0,1,2,0.125,0.0,0
2026-04-11,early,S19,D,Saturday,0,2,3,0,1,2,0.136,0.0,0
2026-04-11,early,S20,D,Saturday,0,3,2,0,1,2,0.136,0.0,0
2026-04-11,early,S21,D,Saturday,0,2,1,0,1,2,0.136,0.0,0
2026-04-11,early,S22,D,Saturday,0,2,2,0,1,2,0.136,0.0,0
2026-04-11,early,S23,D,Saturday,0,2,1,0,1,2,0.136,0.0,0
2026-04-11,early,S24,D,Saturday,0,2,2,0,1,2,0.136,0.0,0
2026-04-06,late,S01,A,Monday,0,3,2,0,0,2,0.083,2.8,0
2026-04-06,late,S02,A,Monday,0,2,2,0,0,2,0.083,2.8,0
2026-04-06,late,S03,A,Monday,0,2,3,0,0,2,0.083,2.8,0
2026-04-06,late,S04,A,Monday,0,3,1,0,0,2,0.083,2.8,0
2026-04-06,late,S05,A,Monday,0,3,3,0,0,2,0.083,2.8,0
2026-04-06,late,S06,A,Monday,0,2,0,0,0,2,0.083,2.8,0
2026-04-06,late,S07,B,Monday,0,3,2,0,0,2,0.125,2.8,0
2026-04-06,late,S08,B,Monday,0,2,1,0,0,2,0.125,2.8,0
2026-04-06,late,S09,B,Monday,0,3,1,0,0,2,0.125,2.8,0
2026-04-06,late,S10,B,Monday,0,2,1,0,0,2,0.125,2.8,0
2026-04-06,late,S11,B,Monday,0,2,2,0,0,2,0.125,2.8,0
2026-04-06,late,S12,B,Monday,0,2,1,0,0,2,0.125,2.8,0
2026-04-06,late,S13,C,Monday,0,2,1,0,0,2,0.229,2.8,0
2026-04-06,late,S14,C,Monday,0,2,2,0,0,2,0.229,2.8,0
2026-04-06,late,S15,C,Monday,1,2,2,0,0,2,0.229,2.8,0
2026-04-06,late,S16,C,Monday,0,2,2,0,0,2,0.229,2.8,0
2026-04-06,late,S17,C,Monday,0,3,2,0,0,2,0.229,2.8,1
2026-04-06,late,S18,C,Monday,1,2,0,0,0,2,0.229,2.8,0
2026-04-06,late,S19,D,Monday,0,2,1,0,0,2,0.104,2.8,0
2026-04-06,late,S20,D,Monday,0,2,2,0,0,2,0.104,2.8,0
2026-04-06,late,S21,D,Monday,0,2,2,0,0,2,0.104,2.8,0
2026-04-06,late,S22,D,Monday,0,3,2,0,0,2,0.104,2.8,0
2026-04-06,late,S23,D,Monday,0,2,2,0,0,2,0.104,2.8,0
2026-04-06,late,S24,D,Monday,0,3,3,0,0,2,0.104,2.8,0
2026-04-07,late,S01,A,Tuesday,0,3,2,0,0,2,0.089,2.8,0
2026-04-07,late,S02,A,Tuesday,0,2,2,0,0,2,0.089,2.8,0
2026-04-07,late,S03,A,Tuesday,0,2,3,0,0,2,0.089,2.8,0
2026-04-07,late,S04,A,Tuesday,0,3,1,0,0,2,0.089,2.8,0
2026-04-07,late,S05,A,Tuesday,0,3,3,0,0,2,0.089,2.8,0
2026-04-07,late,S06,A,Tuesday,0,2,0,0,0,2,0.089,2.8,1
2026-04-07,late,S07,B,Tuesday,0,3,2,0,0,2,0.125,2.8,0
2026-04-07,late,S08,B,Tuesday,0,2,1,0,0,2,0.125,2.8,0
2026-04-07,late,S09,B,Tuesday,0,3,1,0,0,2,0.125,2.8,0
2026-04-07,late,S10,B,Tuesday,0,2,1,0,0,2,0.125,2.8,0
2026-04-07,late,S11,B,Tuesday,0,2,2,0,0,2,0.125,2.8,0
2026-04-07,late,S12,B,Tuesday,0,2,1,0,0,2,0.125,2.8,0
2026-04-07,late,S13,C,Tuesday,0,2,1,0,0,2,0.25,2.8,1
2026-04-07,late,S14,C,Tuesday,0,2,2,0,0,2,0.25,2.8,1
2026-04-07,late,S15,C,Tuesday,1,2,2,0,0,2,0.25,2.8,0
2026-04-07,late,S16,C,Tuesday,0,2,2,0,0,2,0.25,2.8,0
2026-04-07,late,S17,C,Tuesday,0,3,2,0,0,2,0.25,2.8,0
2026-04-07,late,S18,C,Tuesday,1,2,0,0,0,2,0.25,2.8,1
2026-04-07,late,S19,D,Tuesday,0,2,1,0,0,2,0.107,2.8,0
2026-04-07,late,S20,D,Tuesday,0,2,2,0,0,2,0.107,2.8,0
2026-04-07,late,S21,D,Tuesday,0,2,2,0,0,2,0.107,2.8,0
2026-04-07,late,S22,D,Tuesday,0,3,2,0,0,2,0.107,2.8,1
2026-04-07,late,S23,D,Tuesday,0,2,2,0,0,2,0.107,2.8,0
2026-04-07,late,S24,D,Tuesday,0,3,3,0,0,2,0.107,2.8,0
2026-04-08,late,S01,A,Wednesday,0,3,2,0,0,2,0.125,2.8,0
2026-04-08,late,S02,A,Wednesday,0,2,2,0,0,2,0.125,2.8,0
2026-04-08,late,S03,A,Wednesday,0,2,3,0,0,2,0.125,2.8,0
2026-04-08,late,S04,A,Wednesday,0,3,1,0,0,2,0.125,2.8,0
2026-04-08,late,S05,A,Wednesday,0,3,3,0,0,2,0.125,2.8,0
2026-04-08,late,S06,A,Wednesday,0,2,0,0,0,2,0.125,2.8,1
2026-04-08,late,S07,B,Wednesday,0,3,2,0,0,2,0.109,2.8,0
2026-04-08,late,S08,B,Wednesday,0,2,1,0,0,2,0.109,2.8,0
2026-04-08,late,S09,B,Wednesday,0,3,1,0,0,2,0.109,2.8,0
2026-04-08,late,S10,B,Wednesday,0,2,1,0,0,2,0.109,2.8,0
2026-04-08,late,S11,B,Wednesday,0,2,2,0,0,2,0.109,2.8,0
2026-04-08,late,S12,B,Wednesday,0,2,1,0,0,2,0.109,2.8,0
2026-04-08,late,S13,C,Wednesday,0,2,1,0,0,2,0.297,2.8,0
2026-04-08,late,S14,C,Wednesday,0,2,2,0,0,2,0.297,2.8,0
2026-04-08,late,S15,C,Wednesday,1,2,2,0,0,2,0.297,2.8,0
2026-04-08,late,S16,C,Wednesday,0,2,2,0,0,2,0.297,2.8,0
2026-04-08,late,S17,C,Wednesday,0,3,2,0,0,2,0.297,2.8,0
2026-04-08,late,S18,C,Wednesday,1,2,0,0,0,2,0.297,2.8,0
2026-04-08,late,S19,D,Wednesday,0,2,1,0,0,2,0.141,2.8,0
2026-04-08,late,S20,D,Wednesday,0,2,2,0,0,2,0.141,2.8,0
2026-04-08,late,S21,D,Wednesday,0,2,2,0,0,2,0.141,2.8,0
2026-04-08,late,S22,D,Wednesday,0,3,2,0,0,2,0.141,2.8,0
2026-04-08,late,S23,D,Wednesday,0,2,2,0,0,2,0.141,2.8,0
2026-04-08,late,S24,D,Wednesday,0,3,3,0,0,2,0.141,2.8,0
2026-04-09,late,S01,A,Thursday,0,3,2,0,0,2,0.125,2.8,0
2026-04-09,late,S02,A,Thursday,0,2,2,0,0,2,0.125,2.8,0
2026-04-09,late,S03,A,Thursday,0,2,3,0,0,2,0.125,2.8,0
2026-04-09,late,S04,A,Thursday,0,3,1,0,0,2,0.125,2.8,0
2026-04-09,late,S05,A,Thursday,0,3,3,0,0,2,0.125,2.8,0
2026-04-09,late,S06,A,Thursday,0,2,0,0,0,2,0.125,2.8,0
2026-04-09,late,S07,B,Thursday,0,3,2,0,0,2,0.125,2.8,0
2026-04-09,late,S08,B,Thursday,0,2,1,0,0,2,0.125,2.8,0
2026-04-09,late,S09,B,Thursday,0,3,1,0,0,2,0.125,2.8,0
2026-04-09,late,S10,B,Thursday,0,2,1,0,0,2,0.125,2.8,0
2026-04-09,late,S11,B,Thursday,0,2,2,0,0,2,0.125,2.8,0
2026-04-09,late,S12,B,Thursday,0,2,1,0,0,2,0.125,2.8,0
2026-04-09,late,S13,C,Thursday,0,2,1,0,0,2,0.264,2.8,0
2026-04-09,late,S14,C,Thursday,0,2,2,0,0,2,0.264,2.8,0
2026-04-09,late,S15,C,Thursday,1,2,2,0,0,2,0.264,2.8,0
2026-04-09,late,S16,C,Thursday,0,2,2,0,0,2,0.264,2.8,0
2026-04-09,late,S17,C,Thursday,0,3,2,0,0,2,0.264,2.8,0
2026-04-09,late,S18,C,Thursday,1,2,0,0,0,2,0.264,2.8,0
2026-04-09,late,S19,D,Thursday,0,2,1,0,0,2,0.139,2.8,0
2026-04-09,late,S20,D,Thursday,0,2,2,0,0,2,0.139,2.8,0
2026-04-09,late,S21,D,Thursday,0,2,2,0,0,2,0.139,2.8,0
2026-04-09,late,S22,D,Thursday,0,3,2,0,0,2,0.139,2.8,0
2026-04-09,late,S23,D,Thursday,0,2,2,0,0,2,0.139,2.8,0
2026-04-09,late,S24,D,Thursday,0,3,3,0,0,2,0.139,2.8,0
2026-04-10,late,S01,A,Friday,0,3,2,0,0,2,0.113,2.8,0
2026-04-10,late,S02,A,Friday,0,2,2,0,0,2,0.113,2.8,0
2026-04-10,late,S03,A,Friday,0,2,3,0,0,2,0.113,2.8,0
2026-04-10,late,S04,A,Friday,0,3,1,0,0,2,0.113,2.8,0
2026-04-10,late,S05,A,Friday,0,3,3,0,0,2,0.113,2.8,0
2026-04-10,late,S06,A,Friday,0,2,0,0,0,2,0.113,2.8,0
2026-04-10,late,S07,B,Friday,0,3,2,0,0,2,0.113,2.8,0
2026-04-10,late,S08,B,Friday,0,2,1,0,0,2,0.113,2.8,0
2026-04-10,late,S09,B,Friday,0,3,1,0,0,2,0.113,2.8,0
2026-04-10,late,S10,B,Friday,0,2,1,0,0,2,0.113,2.8,0
2026-04-10,late,S11,B,Friday,0,2,2,0,0,2,0.113,2.8,0
2026-04-10,late,S12,B,Friday,0,2,1,0,0,2,0.113,2.8,0
2026-04-10,late,S13,C,Friday,0,2,1,0,0,2,0.263,2.8,0
2026-04-10,late,S14,C,Friday,0,2,2,0,0,2,0.263,2.8,0
2026-04-10,late,S15,C,Friday,1,2,2,0,0,2,0.263,2.8,0
2026-04-10,late,S16,C,Friday,0,2,2,0,0,2,0.263,2.8,0
2026-04-10,late,S17,C,Friday,0,3,2,0,0,2,0.263,2.8,0
2026-04-10,late,S18,C,Friday,1,2,0,0,0,2,0.263,2.8,1
2026-04-10,late,S19,D,Friday,0,2,1,0,0,2,0.138,2.8,0
2026-04-10,late,S20,D,Friday,0,2,2,0,0,2,0.138,2.8,0
2026-04-10,late,S21,D,Friday,0,2,2,0,0,2,0.138,2.8,0
2026-04-10,late,S22,D,Friday,0,3,2,0,0,2,0.138,2.8,0
2026-04-10,late,S23,D,Friday,0,2,2,0,0,2,0.138,2.8,0
2026-04-10,late,S24,D,Friday,0,3,3,0,0,2,0.138,2.8,0
2026-04-11,late,S01,A,Saturday,0,3,2,0,0,2,0.114,2.8,0
2026-04-11,late,S02,A,Saturday,0,2,2,0,0,2,0.114,2.8,0
2026-04-11,late,S03,A,Saturday,0,2,3,0,0,2,0.114,2.8,0
2026-04-11,late,S04,A,Saturday,0,3,1,0,0,2,0.114,2.8,0
2026-04-11,late,S05,A,Saturday,0,3,3,0,0,2,0.114,2.8,0
2026-04-11,late,S06,A,Saturday,0,2,0,0,0,2,0.114,2.8,1
2026-04-11,late,S07,B,Saturday,0,3,2,0,0,2,0.125,2.8,0
2026-04-11,late,S08,B,Saturday,0,2,1,0,0,2,0.125,2.8,0
2026-04-11,late,S09,B,Saturday,0,3,1,0,0,2,0.125,2.8,0
2026-04-11,late,S10,B,Saturday,0,2,1,0,0,2,0.125,2.8,0
2026-04-11,late,S11,B,Saturday,0,2,2,0,0,2,0.125,2.8,0
2026-04-11,late,S12,B,Saturday,0,2,1,0,0,2,0.125,2.8,0
2026-04-11,late,S13,C,Saturday,0,2,1,0,0,2,0.261,2.8,1
2026-04-11,late,S14,C,Saturday,0,2,2,0,0,2,0.261,2.8,0
2026-04-11,late,S15,C,Saturday,1,2,2,0,0,2,0.261,2.8,0
2026-04-11,late,S16,C,Saturday,0,2,2,0,0,2,0.261,2.8,0
2026-04-11,late,S17,C,Saturday,0,3,2,0,0,2,0.261,2.8,0
2026-04-11,late,S18,C,Saturday,1,2,0,0,0,2,0.261,2.8,0
2026-04-11,late,S19,D,Saturday,0,2,1,0,0,2,0.159,2.8,0
2026-04-11,late,S20,D,Saturday,0,2,2,0,0,2,0.159,2.8,0
2026-04-11,late,S21,D,Saturday,0,2,2,0,0,2,0.159,2.8,0
2026-04-11,late,S22,D,Saturday,0,3,2,0,0,2,0.159,2.8,0
2026-04-11,late,S23,D,Saturday,0,2,2,0,0,2,0.159,2.8,0
2026-04-11,late,S24,D,Saturday,0,3,3,0,0,2,0.159,2.8,0
2026-04-06,night,S01,A,Monday,0,3,1,0,0,2,0.146,1.2,0
2026-04-06,night,S02,A,Monday,0,2,2,0,0,2,0.146,1.2,0
2026-04-06,night,S03,A,Monday,0,2,3,0,0,2,0.146,1.2,0
2026-04-06,night,S04,A,Monday,0,3,1,0,0,2,0.146,1.2,0
2026-04-06,night,S05,A,Monday,0,2,3,0,0,2,0.146,1.2,0
2026-04-06,night,S06,A,Monday,0,2,2,0,0,2,0.146,1.2,0
2026-04-06,night,S07,B,Monday,0,2,1,0,0,2,0.208,1.2,0
2026-04-06,night,S08,B,Monday,0,2,2,0,0,2,0.208,1.2,1
2026-04-06,night,S09,B,Monday,0,2,3,0,0,2,0.208,1.2,0
2026-04-06,night,S10,B,Monday,0,2,3,0,0,2,0.208,1.2,0
2026-04-06,night,S11,B,Monday,0,2,1,0,0,2,0.208,1.2,0
2026-04-06,night,S12,B,Monday,0,3,1,0,0,2,0.208,1.2,0
2026-04-06,night,S13,C,Monday,0,2,2,0,0,2,0.125,1.2,0
2026-04-06,night,S14,C,Monday,0,2,3,0,0,2,0.125,1.2,0
2026-04-06,night,S15,C,Monday,1,2,2,0,0,2,0.125,1.2,0
2026-04-06,night,S16,C,Monday,0,2,2,0,0,2,0.125,1.2,0
2026-04-06,night,S17,C,Monday,0,2,0,0,0,2,0.125,1.2,0
2026-04-06,night,S18,C,Monday,1,2,0,0,0,2,0.125,1.2,0
2026-04-06,night,S19,D,Monday,0,3,1,0,0,2,0.167,1.2,0
2026-04-06,night,S20,D,Monday,0,3,2,0,0,2,0.167,1.2,0
2026-04-06,night,S21,D,Monday,0,2,1,0,0,2,0.167,1.2,1
2026-04-06,night,S22,D,Monday,0,3,1,0,0,2,0.167,1.2,0
2026-04-06,night,S23,D,Monday,0,2,2,0,0,2,0.167,1.2,0
2026-04-06,night,S24,D,Monday,0,2,1,0,0,2,0.167,1.2,0
2026-04-07,night,S01,A,Tuesday,0,3,1,0,0,2,0.161,1.2,0
2026-04-07,night,S02,A,Tuesday,0,2,2,0,0,2,0.161,1.2,0
2026-04-07,night,S03,A,Tuesday,0,2,3,0,0,2,0.161,1.2,0
2026-04-07,night,S04,A,Tuesday,0,3,1,0,0,2,0.161,1.2,0
2026-04-07,night,S05,A,Tuesday,0,2,3,0,0,2,0.161,1.2,0
2026-04-07,night,S06,A,Tuesday,0,2,2,0,0,2,0.161,1.2,0
2026-04-07,night,S07,B,Tuesday,0,2,1,0,0,2,0.214,1.2,0
2026-04-07,night,S08,B,Tuesday,0,2,2,0,0,2,0.214,1.2,0
2026-04-07,night,S09,B,Tuesday,0,2,3,0,0,2,0.214,1.2,0
2026-04-07,night,S10,B,Tuesday,0,2,3,0,0,2,0.214,1.2,0
2026-04-07,night,S11,B,Tuesday,0,2,1,0,0,2,0.214,1.2,0
2026-04-07,night,S12,B,Tuesday,0,3,1,0,0,2,0.214,1.2,0
2026-04-07,night,S13,C,Tuesday,0,2,2,0,0,2,0.125,1.2,0
2026-04-07,night,S14,C,Tuesday,0,2,3,0,0,2,0.125,1.2,0
2026-04-07,night,S15,C,Tuesday,1,2,2,0,0,2,0.125,1.2,0
2026-04-07,night,S16,C,Tuesday,0,2,2,0,0,2,0.125,1.2,0
2026-04-07,night,S17,C,Tuesday,0,2,0,0,0,2,0.125,1.2,0
2026-04-07,night,S18,C,Tuesday,1,2,0,0,0,2,0.125,1.2,0
2026-04-07,night,S19,D,Tuesday,0,3,1,0,0,2,0.196,1.2,0
2026-04-07,night,S20,D,Tuesday,0,3,2,0,0,2,0.196,1.2,0
2026-04-07,night,S21,D,Tuesday,0,2,1,0,0,2,0.196,1.2,0
2026-04-07,night,S22,D,Tuesday,0,3,1,0,0,2,0.196,1.2,0
2026-04-07,night,S23,D,Tuesday,0,2,2,0,0,2,0.196,1.2,0
2026-04-07,night,S24,D,Tuesday,0,2,1,0,0,2,0.196,1.2,0
2026-04-08,night,S01,A,Wednesday,0,3,1,0,0,2,0.141,1.2,0
2026-04-08,night,S02,A,Wednesday,0,2,2,0,0,2,0.141,1.2,0
2026-04-08,night,S03,A,Wednesday,0,2,3,0,0,2,0.141,1.2,0
2026-04-08,night,S04,A,Wednesday,0,3,1,0,0,2,0.141,1.2,0
2026-04-08,night,S05,A,Wednesday,0,2,3,0,0,2,0.141,1.2,0
2026-04-08,night,S06,A,Wednesday,0,2,2,0,0,2,0.141,1.2,0
2026-04-08,night,S07,B,Wednesday,0,2,1,0,0,2,0.203,1.2,0
2026-04-08,night,S08,B,Wednesday,0,2,2,0,0,2,0.203,1.2,0
2026-04-08,night,S09,B,Wednesday,0,2,3,0,0,2,0.203,1.2,0
2026-04-08,night,S10,B,Wednesday,0,2,3,0,0,2,0.203,1.2,0
2026-04-08,night,S11,B,Wednesday,0,2,1,0,0,2,0.203,1.2,0
2026-04-08,night,S12,B,Wednesday,0,3,1,0,0,2,0.203,1.2,0
2026-04-08,night,S13,C,Wednesday,0,2,2,0,0,2,0.109,1.2,0
2026-04-08,night,S14,C,Wednesday,0,2,3,0,0,2,0.109,1.2,0
2026-04-08,night,S15,C,Wednesday,1,2,2,0,0,2,0.109,1.2,0
2026-04-08,night,S16,C,Wednesday,0,2,2,0,0,2,0.109,1.2,0
2026-04-08,night,S17,C,Wednesday,0,2,0,0,0,2,0.109,1.2,0
2026-04-08,night,S18,C,Wednesday,1,2,0,0,0,2,0.109,1.2,1
2026-04-08,night,S19,D,Wednesday,0,3,1,0,0,2,0.188,1.2,0
2026-04-08,night,S20,D,Wednesday,0,3,2,0,0,2,0.188,1.2,0
2026-04-08,night,S21,D,Wednesday,0,2,1,0,0,2,0.188,1.2,0
2026-04-08,night,S22,D,Wednesday,0,3,1,0,0,2,0.188,1.2,0
2026-04-08,night,S23,D,Wednesday,0,2,2,0,0,2,0.188,1.2,0
2026-04-08,night,S24,D,Wednesday,0,2,1,0,0,2,0.188,1.2,0
2026-04-09,night,S01,A,Thursday,0,3,1,0,0,2,0.139,1.2,0
2026-04-09,night,S02,A,Thursday,0,2,2,0,0,2,0.139,1.2,0
2026-04-09,night,S03,A,Thursday,0,2,3,0,0,2,0.139,1.2,0
2026-04-09,night,S04,A,Thursday,0,3,1,0,0,2,0.139,1.2,0
2026-04-09,night,S05,A,Thursday,0,2,3,0,0,2,0.139,1.2,0
2026-04-09,night,S06,A,Thursday,0,2,2,0,0,2,0.139,1.2,0
2026-04-09,night,S07,B,Thursday,0,2,1,0,0,2,0.208,1.2,1
2026-04-09,night,S08,B,Thursday,0,2,2,0,0,2,0.208,1.2,0
2026-04-09,night,S09,B,Thursday,0,2,3,0,0,2,0.208,1.2,0
2026-04-09,night,S10,B,Thursday,0,2,3,0,0,2,0.208,1.2,0
2026-04-09,night,S11,B,Thursday,0,2,1,0,0,2,0.208,1.2,0
2026-04-09,night,S12,B,Thursday,0,3,1,0,0,2,0.208,1.2,0
2026-04-09,night,S13,C,Thursday,0,2,2,0,0,2,0.139,1.2,0
2026-04-09,night,S14,C,Thursday,0,2,3,0,0,2,0.139,1.2,0
2026-04-09,night,S15,C,Thursday,1,2,2,0,0,2,0.139,1.2,0
2026-04-09,night,S16,C,Thursday,0,2,2,0,0,2,0.139,1.2,0
2026-04-09,night,S17,C,Thursday,0,2,0,0,0,2,0.139,1.2,0
2026-04-09,night,S18,C,Thursday,1,2,0,0,0,2,0.139,1.2,0
2026-04-09,night,S19,D,Thursday,0,3,1,0,0,2,0.181,1.2,0
2026-04-09,night,S20,D,Thursday,0,3,2,0,0,2,0.181,1.2,0
2026-04-09,night,S21,D,Thursday,0,2,1,0,0,2,0.181,1.2,0
2026-04-09,night,S22,D,Thursday,0,3,1,0,0,2,0.181,1.2,0
2026-04-09,night,S23,D,Thursday,0,2,2,0,0,2,0.181,1.2,0
2026-04-09,night,S24,D,Thursday,0,2,1,0,0,2,0.181,1.2,0
2026-04-10,night,S01,A,Friday,0,3,1,0,0,2,0.138,1.2,0
2026-04-10,night,S02,A,Friday,0,2,2,0,0,2,0.138,1.2,0
2026-04-10,night,S03,A,Friday,0,2,3,0,0,2,0.138,1.2,0
2026-04-10,night,S04,A,Friday,0,3,1,0,0,2,0.138,1.2,0
2026-04-10,night,S05,A,Friday,0,2,3,0,0,2,0.138,1.2,0
2026-04-10,night,S06,A,Friday,0,2,2,0,0,2,0.138,1.2,0
2026-04-10,night,S07,B,Friday,0,2,1,0,0,2,0.225,1.2,0
2026-04-10,night,S08,B,Friday,0,2,2,0,0,2,0.225,1.2,0
2026-04-10,night,S09,B,Friday,0,2,3,0,0,2,0.225,1.2,0
2026-04-10,night,S10,B,Friday,0,2,3,0,0,2,0.225,1.2,0
2026-04-10,night,S11,B,Friday,0,2,1,0,0,2,0.225,1.2,0
2026-04-10,night,S12,B,Friday,0,3,1,0,0,2,0.225,1.2,0
2026-04-10,night,S13,C,Friday,0,2,2,0,0,2,0.138,1.2,0
2026-04-10,night,S14,C,Friday,0,2,3,0,0,2,0.138,1.2,0
2026-04-10,night,S15,C,Friday,1,2,2,0,0,2,0.138,1.2,0
2026-04-10,night,S16,C,Friday,0,2,2,0,0,2,0.138,1.2,0
2026-04-10,night,S17,C,Friday,0,2,0,0,0,2,0.138,1.2,0
2026-04-10,night,S18,C,Friday,1,2,0,0,0,2,0.138,1.2,0
2026-04-10,night,S19,D,Friday,0,3,1,0,0,2,0.175,1.2,1
2026-04-10,night,S20,D,Friday,0,3,2,0,0,2,0.175,1.2,0
2026-04-10,night,S21,D,Friday,0,2,1,0,0,2,0.175,1.2,0
2026-04-10,night,S22,D,Friday,0,3,1,0,0,2,0.175,1.2,1
2026-04-10,night,S23,D,Friday,0,2,2,0,0,2,0.175,1.2,0
2026-04-10,night,S24,D,Friday,0,2,1,0,0,2,0.175,1.2,0
2026-04-11,night,S01,A,Saturday,0,3,1,0,0,2,0.148,1.2,0
2026-04-11,night,S02,A,Saturday,0,2,2,0,0,2,0.148,1.2,0
2026-04-11,night,S03,A,Saturday,0,2,3,0,0,2,0.148,1.2,0
2026-04-11,night,S04,A,Saturday,0,3,1,0,0,2,0.148,1.2,0
2026-04-11,night,S05,A,Saturday,0,2,3,0,0,2,0.148,1.2,0
2026-04-11,night,S06,A,Saturday,0,2,2,0,0,2,0.148,1.2,0
2026-04-11,night,S07,B,Saturday,0,2,1,0,0,2,0.216,1.2,0
2026-04-11,night,S08,B,Saturday,0,2,2,0,0,2,0.216,1.2,0
2026-04-11,night,S09,B,Saturday,0,2,3,0,0,2,0.216,1.2,0
2026-04-11,night,S10,B,Saturday,0,2,3,0,0,2,0.216,1.2,0
2026-04-11,night,S11,B,Saturday,0,2,1,0,0,2,0.216,1.2,0
2026-04-11,night,S12,B,Saturday,0,3,1,0,0,2,0.216,1.2,0
2026-04-11,night,S13,C,Saturday,0,2,2,0,0,2,0.125,1.2,0
2026-04-11,night,S14,C,Saturday,0,2,3,0,0,2,0.125,1.2,0
2026-04-11,night,S15,C,Saturday,1,2,2,0,0,2,0.125,1.2,1
2026-04-11,night,S16,C,Saturday,0,2,2,0,0,2,0.125,1.2,0
2026-04-11,night,S17,C,Saturday,0,2,0,0,0,2,0.125,1.2,0
2026-04-11,night,S18,C,Saturday,1,2,0,0,0,2,0.125,1.2,0
2026-04-11,night,S19,D,Saturday,0,3,1,0,0,2,0.193,1.2,0
2026-04-11,night,S20,D,Saturday,0,3,2,0,0,2,0.193,1.2,0
2026-04-11,night,S21,D,Saturday,0,2,1,0,0,2,0.193,1.2,0
2026-04-11,night,S22,D,Saturday,0,3,1,0,0,2,0.193,1.2,0
2026-04-11,night,S23,D,Saturday,0,2,2,0,0,2,0.193,1.2,0
2026-04-11,night,S24,D,Saturday,0,2,1,0,0,2,0.193,1.2,0
2026-04-13,early,S01,A,Monday,0,2,0,1,1,2,0.125,2.5,1
2026-04-13,early,S02,A,Monday,0,2,2,1,1,2,0.125,2.5,0
2026-04-13,early,S03,A,Monday,0,2,2,1,1,2,0.125,2.5,0
2026-04-13,early,S04,A,Monday,0,2,1,1,1,2,0.125,2.5,0
2026-04-13,early,S05,A,Monday,0,1,2,1,1,2,0.125,2.5,0
2026-04-13,early,S06,A,Monday,0,2,1,1,1,2,0.125,2.5,0
2026-04-13,early,S07,B,Monday,0,2,3,0,1,2,0.167,2.5,0
2026-04-13,early,S08,B,Monday,0,2,2,0,1,2,0.167,2.5,0
2026-04-13,early,S09,B,Monday,0,2,2,0,1,2,0.167,2.5,0
2026-04-13,early,S10,B,Monday,0,2,2,0,1,2,0.167,2.5,0
2026-04-13,early,S11,B,Monday,0,3,1,0,1,2,0.167,2.5,0
2026-04-13,early,S12,B,Monday,0,2,1,0,1,2,0.167,2.5,0
2026-04-13,early,S13,C,Monday,0,3,2,0,1,2,0.125,2.5,0
2026-04-13,early,S14,C,Monday,0,2,1,0,1,2,0.125,2.5,0
2026-04-13,early,S15,C,Monday,1,3,2,0,1,2,0.125,2.5,0
2026-04-13,early,S16,C,Monday,0,2,1,0,1,2,0.125,2.5,0
2026-04-13,early,S17,C,Monday,0,2,1,0,1,2,0.125,2.5,0
2026-04-13,early,S18,C,Monday,1,2,3,0,1,2,0.125,2.5,0
2026-04-13,early,S19,D,Monday,0,2,3,0,1,2,0.125,2.5,0
2026-04-13,early,S20,D,Monday,0,3,2,0,1,2,0.125,2.5,0
2026-04-13,early,S21,D,Monday,0,2,1,0,1,2,0.125,2.5,0
2026-04-13,early,S22,D,Monday,0,2,2,0,1,2,0.125,2.5,0
2026-04-13,early,S23,D,Monday,0,2,1,0,1,2,0.125,2.5,0
2026-04-13,early,S24,D,Monday,0,2,2,0,1,2,0.125,2.5,0
2026-04-14,early,S01,A,Tuesday,0,2,0,1,1,2,0.125,2.5,0
2026-04-14,early,S02,A,Tuesday,0,2,2,1,1,2,0.125,2.5,0
2026-04-14,early,S03,A,Tuesday,0,2,2,1,1,2,0.125,2.5,0
2026-04-14,early,S04,A,Tuesday,0,2,1,1,1,2,0.125,2.5,0
2026-04-14,early,S05,A,Tuesday,0,1,2,1,1,2,0.125,2.5,0
2026-04-14,early,S06,A,Tuesday,0,2,1,1,1,2,0.125,2.5,0
2026-04-14,early,S07,B,Tuesday,0,2,3,0,1,2,0.154,2.5,0
2026-04-14,early,S08,B,Tuesday,0,2,2,0,1,2,0.154,2.5,0
2026-04-14,early,S09,B,Tuesday,0,2,2,0,1,2,0.154,2.5,0
2026-04-14,early,S10,B,Tuesday,0,2,2,0,1,2,0.154,2.5,0
2026-04-14,early,S11,B,Tuesday,0,3,1,0,1,2,0.154,2.5,0
2026-04-14,early,S12,B,Tuesday,0,2,1,0,1,2,0.154,2.5,0
2026-04-14,early,S13,C,Tuesday,0,3,2,0,1,2,0.125,2.5,0
2026-04-14,early,S14,C,Tuesday,0,2,1,0,1,2,0.125,2.5,0
2026-04-14,early,S15,C,Tuesday,1,3,2,0,1,2,0.125,2.5,0
2026-04-14,early,S16,C,Tuesday,0,2,1,0,1,2,0.125,2.5,0
2026-04-14,early,S17,C,Tuesday,0,2,1,0,1,2,0.125,2.5,0
2026-04-14,early,S18,C,Tuesday,1,2,3,0,1,2,0.125,2.5,0
2026-04-14,early,S19,D,Tuesday,0,2,3,0,1,2,0.125,2.5,0
2026-04-14,early,S20,D,Tuesday,0,3,2,0,1,2,0.125,2.5,0
2026-04-14,early,S21,D,Tuesday,0,2,1,0,1,2,0.125,2.5,0
2026-04-14,early,S22,D,Tuesday,0,2,2,0,1,2,0.125,2.5,0
2026-04-14,early,S23,D,Tuesday,0,2,1,0,1,2,0.125,2.5,0
2026-04-14,early,S24,D,Tuesday,0,2,2,0,1,2,0.125,2.5,0
2026-04-15,early,S01,A,Wednesday,0,2,0,1,1,2,0.116,2.5,1
2026-04-15,early,S02,A,Wednesday,0,2,2,1,1,2,0.116,2.5,0
2026-04-15,early,S03,A,Wednesday,0,2,2,1,1,2,0.116,2.5,0
2026-04-15,early,S04,A,Wednesday,0,2,1,1,1,2,0.116,2.5,0
2026-04-15,early,S05,A,Wednesday,0,1,2,1,1,2,0.116,2.5,0
2026-04-15,early,S06,A,Wednesday,0,2,1,1,1,2,0.116,2.5,0
2026-04-15,early,S07,B,Wednesday,0,2,3,0,1,2,0.152,2.5,0
2026-04-15,early,S08,B,Wednesday,0,2,2,0,1,2,0.152,2.5,0
2026-04-15,early,S09,B,Wednesday,0,2,2,0,1,2,0.152,2.5,0
2026-04-15,early,S10,B,Wednesday,0,2,2,0,1,2,0.152,2.5,1
2026-04-15,early,S11,B,Wednesday,0,3,1,0,1,2,0.152,2.5,0
2026-04-15,early,S12,B,Wednesday,0,2,1,0,1,2,0.152,2.5,0
2026-04-15,early,S13,C,Wednesday,0,3,2,0,1,2,0.116,2.5,0
2026-04-15,early,S14,C,Wednesday,0,2,1,0,1,2,0.116,2.5,0
2026-04-15,early,S15,C,Wednesday,1,3,2,0,1,2,0.116,2.5,0
2026-04-15,early,S16,C,Wednesday,0,2,1,0,1,2,0.116,2.5,0
2026-04-15,early,S17,C,Wednesday,0,2,1,0,1,2,0.116,2.5,0
2026-04-15,early,S18,C,Wednesday,1,2,3,0,1,2,0.116,2.5,0
2026-04-15,early,S19,D,Wednesday,0,2,3,0,1,2,0.116,2.5,0
2026-04-15,early,S20,D,Wednesday,0,3,2,0,1,2,0.116,2.5,0
2026-04-15,early,S21,D,Wednesday,0,2,1,0,1,2,0.116,2.5,0
2026-04-15,early,S22,D,Wednesday,0,2,2,0,1,2,0.116,2.5,0
2026-04-15,early,S23,D,Wednesday,0,2,1,0,1,2,0.116,2.5,0
2026-04-15,early,S24,D,Wednesday,0,2,2,0,1,2,0.116,2.5,0
2026-04-16,early,S01,A,Thursday,0,2,0,1,1,2,0.125,2.5,0
2026-04-16,early,S02,A,Thursday,0,2,2,1,1,2,0.125,2.5,0
2026-04-16,early,S03,A,Thursday,0,2,2,1,1,2,0.125,2.5,0
2026-04-16,early,S04,A,Thursday,0,2,1,1,1,2,0.125,2.5,0
2026-04-16,early,S05,A,Thursday,0,1,2,1,1,2,0.125,2.5,0
2026-04-16,early,S06,A,Thursday,0,2,1,1,1,2,0.125,2.5,0
2026-04-16,early,S07,B,Thursday,0,2,3,0,1,2,0.167,2.5,0
2026-04-16,early,S08,B,Thursday,0,2,2,0,1,2,0.167,2.5,0
2026-04-16,early,S09,B,Thursday,0,2,2,0,1,2,0.167,2.5,0
2026-04-16,early,S10,B,Thursday,0,2,2,0,1,2,0.167,2.5,0
2026-04-16,early,S11,B,Thursday,0,3,1,0,1,2,0.167,2.5,0
2026-04-16,early,S12,B,Thursday,0,2,1,0,1,2,0.167,2.5,0
2026-04-16,early,S13,C,Thursday,0,3,2,0,1,2,0.117,2.5,0
2026-04-16,early,S14,C,Thursday,0,2,1,0,1,2,0.117,2.5,0
2026-04-16,early,S15,C,Thursday,1,3,2,0,1,2,0.117,2.5,0
2026-04-16,early,S16,C,Thursday,0,2,1,0,1,2,0.117,2.5,0
2026-04-16,early,S17,C,Thursday,0,2,1,0,1,2,0.117,2.5,0
2026-04-16,early,S18,C,Thursday,1,2,3,0,1,2,0.117,2.5,0
2026-04-16,early,S19,D,Thursday,0,2,3,0,1,2,0.117,2.5,0
2026-04-16,early,S20,D,Thursday,0,3,2,0,1,2,0.117,2.5,0
2026-04-16,early,S21,D,Thursday,0,2,1,0,1,2,0.117,2.5,0
2026-04-16,early,S22,D,Thursday,0,2,2,0,1,2,0.117,2.5,0
2026-04-16,early,S23,D,Thursday,0,2,1,0,1,2,0.117,2.5,0
2026-04-16,early,S24,D,Thursday,0,2,2,0,1,2,0.117,2.5,0
2026-04-17,early,S01,A,Friday,0,2,0,1,1,2,0.125,2.5,0
2026-04-17,early,S02,A,Friday,0,2,2,1,1,2,0.125,2.5,0
2026-04-17,early,S03,A,Friday,0,2,2,1,1,2,0.125,2.5,0
2026-04-17,early,S04,A,Friday,0,2,1,1,1,2,0.125,2.5,0
2026-04-17,early,S05,A,Friday,0,1,2,1,1,2,0.125,2.5,0
2026-04-17,early,S06,A,Friday,0,2,1,1,1,2,0.125,2.5,0
2026-04-17,early,S07,B,Friday,0,2,3,0,1,2,0.164,2.5,0
2026-04-17,early,S08,B,Friday,0,2,2,0,1,2,0.164,2.5,0
2026-04-17,early,S09,B,Friday,0,2,2,0,1,2,0.164,2.5,0
2026-04-17,early,S10,B,Friday,0,2,2,0,1,2,0.164,2.5,0
2026-04-17,early,S11,B,Friday,0,3,1,0,1,2,0.164,2.5,0
2026-04-17,early,S12,B,Friday,0,2,1,0,1,2,0.164,2.5,0
2026-04-17,early,S13,C,Friday,0,3,2,0,1,2,0.117,2.5,0
2026-04-17,early,S14,C,Friday,0,2,1,0,1,2,0.117,2.5,0
2026-04-17,early,S15,C,Friday,1,3,2,0,1,2,0.117,2.5,0
2026-04-17,early,S16,C,Friday,0,2,1,0,1,2,0.117,2.5,0
2026-04-17,early,S17,C,Friday,0,2,1,0,1,2,0.117,2.5,0
2026-04-17,early,S18,C,Friday,1,2,3,0,1,2,0.117,2.5,0
2026-04-17,early,S19,D,Friday,0,2,3,0,1,2,0.109,2.5,0
2026-04-17,early,S20,D,Friday,0,3,2,0,1,2,0.109,2.5,0
2026-04-17,early,S21,D,Friday,0,2,1,0,1,2,0.109,2.5,0
2026-04-17,early,S22,D,Friday,0,2,2,0,1,2,0.109,2.5,0
2026-04-17,early,S23,D,Friday,0,2,1,0,1,2,0.109,2.5,0
2026-04-17,early,S24,D,Friday,0,2,2,0,1,2,0.109,2.5,0
2026-04-18,early,S01,A,Saturday,0,2,0,1,1,2,0.118,2.5,1
2026-04-18,early,S02,A,Saturday,0,2,2,1,1,2,0.118,2.5,0
2026-04-18,early,S03,A,Saturday,0,2,2,1,1,2,0.118,2.5,0
2026-04-18,early,S04,A,Saturday,0,2,1,1,1,2,0.118,2.5,0
2026-04-18,early,S05,A,Saturday,0,1,2,1,1,2,0.118,2.5,0
2026-04-18,early,S06,A,Saturday,0,2,1,1,1,2,0.118,2.5,0
2026-04-18,early,S07,B,Saturday,0,2,3,0,1,2,0.184,2.5,0
2026-04-18,early,S08,B,Saturday,0,2,2,0,1,2,0.184,2.5,0
2026-04-18,early,S09,B,Saturday,0,2,2,0,1,2,0.184,2.5,0
2026-04-18,early,S10,B,Saturday,0,2,2,0,1,2,0.184,2.5,0
2026-04-18,early,S11,B,Saturday,0,3,1,0,1,2,0.184,2.5,0
2026-04-18,early,S12,B,Saturday,0,2,1,0,1,2,0.184,2.5,0
2026-04-18,early,S13,C,Saturday,0,3,2,0,1,2,0.11,2.5,0
2026-04-18,early,S14,C,Saturday,0,2,1,0,1,2,0.11,2.5,0
2026-04-18,early,S15,C,Saturday,1,3,2,0,1,2,0.11,2.5,0
2026-04-18,early,S16,C,Saturday,0,2,1,0,1,2,0.11,2.5,0
2026-04-18,early,S17,C,Saturday,0,2,1,0,1,2,0.11,2.5,0
2026-04-18,early,S18,C,Saturday,1,2,3,0,1,2,0.11,2.5,0
2026-04-18,early,S19,D,Saturday,0,2,3,0,1,2,0.118,2.5,0
2026-04-18,early,S20,D,Saturday,0,3,2,0,1,2,0.118,2.5,0
2026-04-18,early,S21,D,Saturday,0,2,1,0,1,2,0.118,2.5,0
2026-04-18,early,S22,D,Saturday,0,2,2,0,1,2,0.118,2.5,0
2026-04-18,early,S23,D,Saturday,0,2,1,0,1,2,0.118,2.5,0
2026-04-18,early,S24,D,Saturday,0,2,2,0,1,2,0.118,2.5,0
2026-04-13,late,S01,A,Monday,0,3,2,0,0,2,0.125,1.3,0
2026-04-13,late,S02,A,Monday,0,2,2,0,0,2,0.125,1.3,0
2026-04-13,late,S03,A,Monday,0,2,3,0,0,2,0.125,1.3,0
2026-04-13,late,S04,A,Monday,0,3,1,0,0,2,0.125,1.3,0
2026-04-13,late,S05,A,Monday,0,3,3,0,0,2,0.125,1.3,0
2026-04-13,late,S06,A,Monday,0,2,0,0,0,2,0.125,1.3,0
2026-04-13,late,S07,B,Monday,0,3,2,0,0,2,0.135,1.3,0
2026-04-13,late,S08,B,Monday,0,2,1,0,0,2,0.135,1.3,0
2026-04-13,late,S09,B,Monday,0,3,1,0,0,2,0.135,1.3,0
2026-04-13,late,S10,B,Monday,0,2,1,0,0,2,0.135,1.3,0
2026-04-13,late,S11,B,Monday,0,2,2,0,0,2,0.135,1.3,0
2026-04-13,late,S12,B,Monday,0,2,1,0,0,2,0.135,1.3,0
2026-04-13,late,S13,C,Monday,0,2,1,0,0,2,0.26,1.3,0
2026-04-13,late,S14,C,Monday,0,2,2,0,0,2,0.26,1.3,0
2026-04-13,late,S15,C,Monday,1,2,2,0,0,2,0.26,1.3,0
2026-04-13,late,S16,C,Monday,0,2,2,0,0,2,0.26,1.3,0
2026-04-13,late,S17,C,Monday,0,3,2,0,0,2,0.26,1.3,0
2026-04-13,late,S18,C,Monday,1,2,0,0,0,2,0.26,1.3,0
2026-04-13,late,S19,D,Monday,0,2,1,0,0,2,0.167,1.3,0
2026-04-13,late,S20,D,Monday,0,2,2,0,0,2,0.167,1.3,0
2026-04-13,late,S21,D,Monday,0,2,2,0,0,2,0.167,1.3,0
2026-04-13,late,S22,D,Monday,0,3,2,0,0,2,0.167,1.3,0
2026-04-13,late,S23,D,Monday,0,2,2,0,0,2,0.167,1.3,0
2026-04-13,late,S24,D,Monday,0,3,3,0,0,2,0.167,1.3,0
2026-04-14,late,S01,A,Tuesday,0,3,2,0,0,2,0.125,1.3,0
2026-04-14,late,S02,A,Tuesday,0,2,2,0,0,2,0.125,1.3,0
2026-04-14,late,S03,A,Tuesday,0,2,3,0,0,2,0.125,1.3,0
2026-04-14,late,S04,A,Tuesday,0,3,1,0,0,2,0.125,1.3,0
2026-04-14,late,S05,A,Tuesday,0,3,3,0,0,2,0.125,1.3,0
2026-04-14,late,S06,A,Tuesday,0,2,0,0,0,2,0.125,1.3,0
2026-04-14,late,S07,B,Tuesday,0,3,2,0,0,2,0.125,1.3,0
2026-04-14,late,S08,B,Tuesday,0,2,1,0,0,2,0.125,1.3,0
2026-04-14,late,S09,B,Tuesday,0,3,1,0,0,2,0.125,1.3,0
2026-04-14,late,S10,B,Tuesday,0,2,1,0,0,2,0.125,1.3,1
2026-04-14,late,S11,B,Tuesday,0,2,2,0,0,2,0.125,1.3,0
2026-04-14,late,S12,B,Tuesday,0,2,1,0,0,2,0.125,1.3,0
2026-04-14,late,S13,C,Tuesday,0,2,1,0,0,2,0.25,1.3,0
2026-04-14,late,S14,C,Tuesday,0,2,2,0,0,2,0.25,1.3,0
2026-04-14,late,S15,C,Tuesday,1,2,2,0,0,2,0.25,1.3,0
2026-04-14,late,S16,C,Tuesday,0,2,2,0,0,2,0.25,1.3,0
2026-04-14,late,S17,C,Tuesday,0,3,2,0,0,2,0.25,1.3,0
2026-04-14,late,S18,C,Tuesday,1,2,0,0,0,2,0.25,1.3,0
2026-04-14,late,S19,D,Tuesday,0,2,1,0,0,2,0.154,1.3,0
2026-04-14,late,S20,D,Tuesday,0,2,2,0,0,2,0.154,1.3,0
2026-04-14,late,S21,D,Tuesday,0,2,2,0,0,2,0.154,1.3,0
2026-04-14,late,S22,D,Tuesday,0,3,2,0,0,2,0.154,1.3,0
2026-04-14,late,S23,D,Tuesday,0,2,2,0,0,2,0.154,1.3,0
2026-04-14,late,S24,D,Tuesday,0,3,3,0,0,2,0.154,1.3,0
2026-04-15,late,S01,A,Wednesday,0,3,2,0,0,2,0.116,1.3,0
2026-04-15,late,S02,A,Wednesday,0,2,2,0,0,2,0.116,1.3,0
2026-04-15,late,S03,A,Wednesday,0,2,3,0,0,2,0.116,1.3,0
2026-04-15,late,S04,A,Wednesday,0,3,1,0,0,2,0.116,1.3,0
2026-04-15,late,S05,A,Wednesday,0,3,3,0,0,2,0.116,1.3,0
2026-04-15,late,S06,A,Wednesday,0,2,0,0,0,2,0.116,1.3,1
2026-04-15,late,S07,B,Wednesday,0,3,2,0,0,2,0.134,1.3,0
2026-04-15,late,S08,B,Wednesday,0,2,1,0,0,2,0.134,1.3,0
2026-04-15,late,S09,B,Wednesday,0,3,1,0,0,2,0.134,1.3,0
2026-04-15,late,S10,B,Wednesday,0,2,1,0,0,2,0.134,1.3,0
2026-04-15,late,S11,B,Wednesday,0,2,2,0,0,2,0.134,1.3,0
2026-04-15,late,S12,B,Wednesday,0,2,1,0,0,2,0.134,1.3,0
2026-04-15,late,S13,C,Wednesday,0,2,1,0,0,2,0.25,1.3,0
2026-04-15,late,S14,C,Wednesday,0,2,2,0,0,2,0.25,1.3,0
2026-04-15,late,S15,C,Wednesday,1,2,2,0,0,2,0.25,1.3,0
2026-04-15,late,S16,C,Wednesday,0,2,2,0,0,2,0.25,1.3,0
2026-04-15,late,S17,C,Wednesday,0,3,2,0,0,2,0.25,1.3,0
2026-04-15,late,S18,C,Wednesday,1,2,0,0,0,2,0.25,1.3,0
2026-04-15,late,S19,D,Wednesday,0,2,1,0,0,2,0.143,1.3,0
2026-04-15,late,S20,D,Wednesday,0,2,2,0,0,2,0.143,1.3,0
2026-04-15,late,S21,D,Wednesday,0,2,2,0,0,2,0.143,1.3,0
2026-04-15,late,S22,D,Wednesday,0,3,2,0,0,2,0.143,1.3,0
2026-04-15,late,S23,D,Wednesday,0,2,2,0,0,2,0.143,1.3,0
2026-04-15,late,S24,D,Wednesday,0,3,3,0,0,2,0.143,1.3,0
2026-04-16,late,S01,A,Thursday,0,3,2,0,0,2,0.125,1.3,0
2026-04-16,late,S02,A,Thursday,0,2,2,0,0,2,0.125,1.3,0
2026-04-16,late,S03,A,Thursday,0,2,3,0,0,2,0.125,1.3,0
2026-04-16,late,S04,A,Thursday,0,3,1,0,0,2,0.125,1.3,0
2026-04-16,late,S05,A,Thursday,0,3,3,0,0,2,0.125,1.3,0
2026-04-16,late,S06,A,Thursday,0,2,0,0,0,2,0.125,1.3,0
2026-04-16,late,S07,B,Thursday,0,3,2,0,0,2,0.133,1.3,0
2026-04-16,late,S08,B,Thursday,0,2,1,0,0,2,0.133,1.3,0
2026-04-16,late,S09,B,Thursday,0,3,1,0,0,2,0.133,1.3,0
2026-04-16,late,S10,B,Thursday,0,2,1,0,0,2,0.133,1.3,0
2026-04-16,late,S11,B,Thursday,0,2,2,0,0,2,0.133,1.3,0
2026-04-16,late,S12,B,Thursday,0,2,1,0,0,2,0.133,1.3,0
2026-04-16,late,S13,C,Thursday,0,2,1,0,0,2,0.233,1.3,0
2026-04-16,late,S14,C,Thursday,0,2,2,0,0,2,0.233,1.3,0
2026-04-16,late,S15,C,Thursday,1,2,2,0,0,2,0.233,1.3,0
2026-04-16,late,S16,C,Thursday,0,2,2,0,0,2,0.233,1.3,0
2026-04-16,late,S17,C,Thursday,0,3,2,0,0,2,0.233,1.3,0
2026-04-16,late,S18,C,Thursday,1,2,0,0,0,2,0.233,1.3,0
2026-04-16,late,S19,D,Thursday,0,2,1,0,0,2,0.142,1.3,0
2026-04-16,late,S20,D,Thursday,0,2,2,0,0,2,0.142,1.3,0
2026-04-16,late,S21,D,Thursday,0,2,2,0,0,2,0.142,1.3,0
2026-04-16,late,S22,D,Thursday,0,3,2,0,0,2,0.142,1.3,0
2026-04-16,late,S23,D,Thursday,0,2,2,0,0,2,0.142,1.3,0
2026-04-16,late,S24,D,Thursday,0,3,3,0,0,2,0.142,1.3,0
2026-04-17,late,S01,A,Friday,0,3,2,0,0,2,0.125,1.3,0
2026-04-17,late,S02,A,Friday,0,2,2,0,0,2,0.125,1.3,0
2026-04-17,late,S03,A,Friday,0,2,3,0,0,2,0.125,1.3,0
2026-04-17,late,S04,A,Friday,0,3,1,0,0,2,0.125,1.3,0
2026-04-17,late,S05,A,Friday,0,3,3,0,0,2,0.125,1.3,0
2026-04-17,late,S06,A,Friday,0,2,0,0,0,2,0.125,1.3,0
2026-04-17,late,S07,B,Friday,0,3,2,0,0,2,0.141,1.3,0
2026-04-17,late,S08,B,Friday,0,2,1,0,0,2,0.141,1.3,0
2026-04-17,late,S09,B,Friday,0,3,1,0,0,2,0.141,1.3,1
2026-04-17,late,S10,B,Friday,0,2,1,0,0,2,0.141,1.3,0
2026-04-17,late,S11,B,Friday,0,2,2,0,0,2,0.141,1.3,0
2026-04-17,late,S12,B,Friday,0,2,1,0,0,2,0.141,1.3,0
2026-04-17,late,S13,C,Friday,0,2,1,0,0,2,0.219,1.3,0
2026-04-17,late,S14,C,Friday,0,2,2,0,0,2,0.219,1.3,0
2026-04-17,late,S15,C,Friday,1,2,2,0,0,2,0.219,1.3,0
2026-04-17,late,S16,C,Friday,0,2,2,0,0,2,0.219,1.3,0
2026-04-17,late,S17,C,Friday,0,3,2,0,0,2,0.219,1.3,0
2026-04-17,late,S18,C,Friday,1,2,0,0,0,2,0.219,1.3,0
2026-04-17,late,S19,D,Friday,0,2,1,0,0,2,0.141,1.3,0
2026-04-17,late,S20,D,Friday,0,2,2,0,0,2,0.141,1.3,0
2026-04-17,late,S21,D,Friday,0,2,2,0,0,2,0.141,1.3,0
2026-04-17,late,S22,D,Friday,0,3,2,0,0,2,0.141,1.3,0
2026-04-17,late,S23,D,Friday,0,2,2,0,0,2,0.141,1.3,0
2026-04-17,late,S24,D,Friday,0,3,3,0,0,2,0.141,1.3,0
2026-04-18,late,S01,A,Saturday,0,3,2,0,0,2,0.118,1.3,0
2026-04-18,late,S02,A,Saturday,0,2,2,0,0,2,0.118,1.3,0
2026-04-18,late,S03,A,Saturday,0,2,3,0,0,2,0.118,1.3,0
2026-04-18,late,S04,A,Saturday,0,3,1,0,0,2,0.118,1.3,0
2026-04-18,late,S05,A,Saturday,0,3,3,0,0,2,0.118,1.3,0
2026-04-18,late,S06,A,Saturday,0,2,0,0,0,2,0.118,1.3,0
2026-04-18,late,S07,B,Saturday,0,3,2,0,0,2,0.154,1.3,0
2026-04-18,late,S08,B,Saturday,0,2,1,0,0,2,0.154,1.3,0
2026-04-18,late,S09,B,Saturday,0,3,1,0,0,2,0.154,1.3,0
2026-04-18,late,S10,B,Saturday,0,2,1,0,0,2,0.154,1.3,0
2026-04-18,late,S11,B,Saturday,0,2,2,0,0,2,0.154,1.3,0
2026-04-18,late,S12,B,Saturday,0,2,1,0,0,2,0.154,1.3,0
2026-04-18,late,S13,C,Saturday,0,2,1,0,0,2,0.213,1.3,0
2026-04-18,late,S14,C,Saturday,0,2,2,0,0,2,0.213,1.3,0
2026-04-18,late,S15,C,Saturday,1,2,2,0,0,2,0.213,1.3,0
2026-04-18,late,S16,C,Saturday,0,2,2,0,0,2,0.213,1.3,0
2026-04-18,late,S17,C,Saturday,0,3,2,0,0,2,0.213,1.3,0
2026-04-18,late,S18,C,Saturday,1,2,0,0,0,2,0.213,1.3,1
2026-04-18,late,S19,D,Saturday,0,2,1,0,0,2,0.147,1.3,0
2026-04-18,late,S20,D,Saturday,0,2,2,0,0,2,0.147,1.3,0
2026-04-18,late,S21,D,Saturday,0,2,2,0,0,2,0.147,1.3,0
2026-04-18,late,S22,D,Saturday,0,3,2,0,0,2,0.147,1.3,0
2026-04-18,late,S23,D,Saturday,0,2,2,0,0,2,0.147,1.3,0
2026-04-18,late,S24,D,Saturday,0,3,3,0,0,2,0.147,1.3,0
2026-04-13,night,S01,A,Monday,0,3,1,0,0,2,0.146,2.1,0
2026-04-13,night,S02,A,Monday,0,2,2,0,0,2,0.146,2.1,0
2026-04-13,night,S03,A,Monday,0,2,3,0,0,2,0.146,2.1,0
2026-04-13,night,S04,A,Monday,0,3,1,0,0,2,0.146,2.1,0
2026-04-13,night,S05,A,Monday,0,2,3,0,0,2,0.146,2.1,0
2026-04-13,night,S06,A,Monday,0,2,2,0,0,2,0.146,2.1,0
2026-04-13,night,S07,B,Monday,0,2,1,0,0,2,0.198,2.1,0
2026-04-13,night,S08,B,Monday,0,2,2,0,0,2,0.198,2.1,1
2026-04-13,night,S09,B,Monday,0,2,3,0,0,2,0.198,2.1,0
2026-04-13,night,S10,B,Monday,0,2,3,0,0,2,0.198,2.1,0
2026-04-13,night,S11,B,Monday,0,2,1,0,0,2,0.198,2.1,0
2026-04-13,night,S12,B,Monday,0,3,1,0,0,2,0.198,2.1,0
2026-04-13,night,S13,C,Monday,0,2,2,0,0,2,0.135,2.1,0
2026-04-13,night,S14,C,Monday,0,2,3,0,0,2,0.135,2.1,0
2026-04-13,night,S15,C,Monday,1,2,2,0,0,2,0.135,2.1,0
2026-04-13,night,S16,C,Monday,0,2,2,0,0,2,0.135,2.1,0
2026-04-13,night,S17,C,Monday,0,2,0,0,0,2,0.135,2.1,0
2026-04-13,night,S18,C,Monday,1,2,0,0,0,2,0.135,2.1,0
2026-04-13,night,S19,D,Monday,0,3,1,0,0,2,0.177,2.1,0
2026-04-13,night,S20,D,Monday,0,3,2,0,0,2,0.177,2.1,0
2026-04-13,night,S21,D,Monday,0,2,1,0,0,2,0.177,2.1,0
2026-04-13,night,S22,D,Monday,0,3,1,0,0,2,0.177,2.1,0
2026-04-13,night,S23,D,Monday,0,2,2,0,0,2,0.177,2.1,0
2026-04-13,night,S24,D,Monday,0,2,1,0,0,2,0.177,2.1,0
2026-04-14,night,S01,A,Tuesday,0,3,1,0,0,2,0.173,2.1,0
2026-04-14,night,S02,A,Tuesday,0,2,2,0,0,2,0.173,2.1,0
2026-04-14,night,S03,A,Tuesday,0,2,3,0,0,2,0.173,2.1,0
2026-04-14,night,S04,A,Tuesday,0,3,1,0,0,2,0.173,2.1,0
2026-04-14,night,S05,A,Tuesday,0,2,3,0,0,2,0.173,2.1,0
2026-04-14,night,S06,A,Tuesday,0,2,2,0,0,2,0.173,2.1,0
2026-04-14,night,S07,B,Tuesday,0,2,1,0,0,2,0.212,2.1,0
2026-04-14,night,S08,B,Tuesday,0,2,2,0,0,2,0.212,2.1,0
2026-04-14,night,S09,B,Tuesday,0,2,3,0,0,2,0.212,2.1,0
2026-04-14,night,S10,B,Tuesday,0,2,3,0,0,2,0.212,2.1,0
2026-04-14,night,S11,B,Tuesday,0,2,1,0,0,2,0.212,2.1,0
2026-04-14,night,S12,B,Tuesday,0,3,1,0,0,2,0.212,2.1,0
2026-04-14,night,S13,C,Tuesday,0,2,2,0,0,2,0.135,2.1,0
2026-04-14,night,S14,C,Tuesday,0,2,3,0,0,2,0.135,2.1,0
2026-04-14,night,S15,C,Tuesday,1,2,2,0,0,2,0.135,2.1,0
2026-04-14,night,S16,C,Tuesday,0,2,2,0,0,2,0.135,2.1,0
2026-04-14,night,S17,C,Tuesday,0,2,0,0,0,2,0.135,2.1,0
2026-04-14,night,S18,C,Tuesday,1,2,0,0,0,2,0.135,2.1,1
2026-04-14,night,S19,D,Tuesday,0,3,1,0,0,2,0.163,2.1,0
2026-04-14,night,S20,D,Tuesday,0,3,2,0,0,2,0.163,2.1,0
2026-04-14,night,S21,D,Tuesday,0,2,1,0,0,2,0.163,2.1,0
2026-04-14,night,S22,D,Tuesday,0,3,1,0,0,2,0.163,2.1,0
2026-04-14,night,S23,D,Tuesday,0,2,2,0,0,2,0.163,2.1,0
2026-04-14,night,S24,D,Tuesday,0,2,1,0,0,2,0.163,2.1,0
2026-04-15,night,S01,A,Wednesday,0,3,1,0,0,2,0.161,2.1,0
2026-04-15,night,S02,A,Wednesday,0,2,2,0,0,2,0.161,2.1,0
2026-04-15,night,S03,A,Wednesday,0,2,3,0,0,2,0.161,2.1,0
2026-04-15,night,S04,A,Wednesday,0,3,1,0,0,2,0.161,2.1,0
2026-04-15,night,S05,A,Wednesday,0,2,3,0,0,2,0.161,2.1,0
2026-04-15,night,S06,A,Wednesday,0,2,2,0,0,2,0.161,2.1,0
2026-04-15,night,S07,B,Wednesday,0,2,1,0,0,2,0.196,2.1,0
2026-04-15,night,S08,B,Wednesday,0,2,2,0,0,2,0.196,2.1,0
2026-04-15,night,S09,B,Wednesday,0,2,3,0,0,2,0.196,2.1,0
2026-04-15,night,S10,B,Wednesday,0,2,3,0,0,2,0.196,2.1,0
2026-04-15,night,S11,B,Wednesday,0,2,1,0,0,2,0.196,2.1,0
2026-04-15,night,S12,B,Wednesday,0,3,1,0,0,2,0.196,2.1,0
2026-04-15,night,S13,C,Wednesday,0,2,2,0,0,2,0.143,2.1,0
2026-04-15,night,S14,C,Wednesday,0,2,3,0,0,2,0.143,2.1,0
2026-04-15,night,S15,C,Wednesday,1,2,2,0,0,2,0.143,2.1,0
2026-04-15,night,S16,C,Wednesday,0,2,2,0,0,2,0.143,2.1,0
2026-04-15,night,S17,C,Wednesday,0,2,0,0,0,2,0.143,2.1,1
2026-04-15,night,S18,C,Wednesday,1,2,0,0,0,2,0.143,2.1,0
2026-04-15,night,S19,D,Wednesday,0,3,1,0,0,2,0.161,2.1,0
2026-04-15,night,S20,D,Wednesday,0,3,2,0,0,2,0.161,2.1,0
2026-04-15,night,S21,D,Wednesday,0,2,1,0,0,2,0.161,2.1,1
2026-04-15,night,S22,D,Wednesday,0,3,1,0,0,2,0.161,2.1,0
2026-04-15,night,S23,D,Wednesday,0,2,2,0,0,2,0.161,2.1,0
2026-04-15,night,S24,D,Wednesday,0,2,1,0,0,2,0.161,2.1,0
2026-04-16,night,S01,A,Thursday,0,3,1,0,0,2,0.15,2.1,0
2026-04-16,night,S02,A,Thursday,0,2,2,0,0,2,0.15,2.1,0
2026-04-16,night,S03,A,Thursday,0,2,3,0,0,2,0.15,2.1,0
2026-04-16,night,S04,A,Thursday,0,3,1,0,0,2,0.15,2.1,0
2026-04-16,night,S05,A,Thursday,0,2,3,0,0,2,0.15,2.1,0
2026-04-16,night,S06,A,Thursday,0,2,2,0,0,2,0.15,2.1,0
2026-04-16,night,S07,B,Thursday,0,2,1,0,0,2,0.192,2.1,0
2026-04-16,night,S08,B,Thursday,0,2,2,0,0,2,0.192,2.1,0
2026-04-16,night,S09,B,Thursday,0,2,3,0,0,2,0.192,2.1,0
2026-04-16,night,S10,B,Thursday,0,2,3,0,0,2,0.192,2.1,0
2026-04-16,night,S11,B,Thursday,0,2,1,0,0,2,0.192,2.1,0
2026-04-16,night,S12,B,Thursday,0,3,1,0,0,2,0.192,2.1,0
2026-04-16,night,S13,C,Thursday,0,2,2,0,0,2,0.142,2.1,0
2026-04-16,night,S14,C,Thursday,0,2,3,0,0,2,0.142,2.1,0
2026-04-16,night,S15,C,Thursday,1,2,2,0,0,2,0.142,2.1,0
2026-04-16,night,S16,C,Thursday,0,2,2,0,0,2,0.142,2.1,0
2026-04-16,night,S17,C,Thursday,0,2,0,0,0,2,0.142,2.1,0
2026-04-16,night,S18,C,Thursday,1,2,0,0,0,2,0.142,2.1,1
2026-04-16,night,S19,D,Thursday,0,3,1,0,0,2,0.167,2.1,0
2026-04-16,night,S20,D,Thursday,0,3,2,0,0,2,0.167,2.1,0
2026-04-16,night,S21,D,Thursday,0,2,1,0,0,2,0.167,2.1,0
2026-04-16,night,S22,D,Thursday,0,3,1,0,0,2,0.167,2.1,0
2026-04-16,night,S23,D,Thursday,0,2,2,0,0,2,0.167,2.1,0
2026-04-16,night,S24,D,Thursday,0,2,1,0,0,2,0.167,2.1,0
2026-04-17,night,S01,A,Friday,0,3,1,0,0,2,0.148,2.1,0
2026-04-17,night,S02,A,Friday,0,2,2,0,0,2,0.148,2.1,0
2026-04-17,night,S03,A,Friday,0,2,3,0,0,2,0.148,2.1,0
2026-04-17,night,S04,A,Friday,0,3,1,0,0,2,0.148,2.1,0
2026-04-17,night,S05,A,Friday,0,2,3,0,0,2,0.148,2.1,0
2026-04-17,night,S06,A,Friday,0,2,2,0,0,2,0.148,2.1,0
2026-04-17,night,S07,B,Friday,0,2,1,0,0,2,0.188,2.1,0
2026-04-17,night,S08,B,Friday,0,2,2,0,0,2,0.188,2.1,0
2026-04-17,night,S09,B,Friday,0,2,3,0,0,2,0.188,2.1,0
2026-04-17,night,S10,B,Friday,0,2,3,0,0,2,0.188,2.1,0
2026-04-17,night,S11,B,Friday,0,2,1,0,0,2,0.188,2.1,0
2026-04-17,night,S12,B,Friday,0,3,1,0,0,2,0.188,2.1,1
2026-04-17,night,S13,C,Friday,0,2,2,0,0,2,0.141,2.1,0
2026-04-17,night,S14,C,Friday,0,2,3,0,0,2,0.141,2.1,0
2026-04-17,night,S15,C,Friday,1,2,2,0,0,2,0.141,2.1,0
2026-04-17,night,S16,C,Friday,0,2,2,0,0,2,0.141,2.1,0
2026-04-17,night,S17,C,Friday,0,2,0,0,0,2,0.141,2.1,0
2026-04-17,night,S18,C,Friday,1,2,0,0,0,2,0.141,2.1,0
2026-04-17,night,S19,D,Friday,0,3,1,0,0,2,0.156,2.1,0
2026-04-17,night,S20,D,Friday,0,3,2,0,0,2,0.156,2.1,0
2026-04-17,night,S21,D,Friday,0,2,1,0,0,2,0.156,2.1,0
2026-04-17,night,S22,D,Friday,0,3,1,0,0,2,0.156,2.1,1
2026-04-17,night,S23,D,Friday,0,2,2,0,0,2,0.156,2.1,0
2026-04-17,night,S24,D,Friday,0,2,1,0,0,2,0.156,2.1,0
2026-04-18,night,S01,A,Saturday,0,3,1,0,0,2,0.147,2.1,0
2026-04-18,night,S02,A,Saturday,0,2,2,0,0,2,0.147,2.1,0
2026-04-18,night,S03,A,Saturday,0,2,3,0,0,2,0.147,2.1,0
2026-04-18,night,S04,A,Saturday,0,3,1,0,0,2,0.147,2.1,0
2026-04-18,night,S05,A,Saturday,0,2,3,0,0,2,0.147,2.1,0
2026-04-18,night,S06,A,Saturday,0,2,2,0,0,2,0.147,2.1,0
2026-04-18,night,S07,B,Saturday,0,2,1,0,0,2,0.206,2.1,0
2026-04-18,night,S08,B,Saturday,0,2,2,0,0,2,0.206,2.1,0
2026-04-18,night,S09,B,Saturday,0,2,3,0,0,2,0.206,2.1,0
2026-04-18,night,S10,B,Saturday,0,2,3,0,0,2,0.206,2.1,0
2026-04-18,night,S11,B,Saturday,0,2,1,0,0,2,0.206,2.1,0
2026-04-18,night,S12,B,Saturday,0,3,1,0,0,2,0.206,2.1,0
2026-04-18,night,S13,C,Saturday,0,2,2,0,0,2,0.14,2.1,0
2026-04-18,night,S14,C,Saturday,0,2,3,0,0,2,0.14,2.1,0
2026-04-18,night,S15,C,Saturday,1,2,2,0,0,2,0.14,2.1,0
2026-04-18,night,S16,C,Saturday,0,2,2,0,0,2,0.14,2.1,0
2026-04-18,night,S17,C,Saturday,0,2,0,0,0,2,0.14,2.1,0
2026-04-18,night,S18,C,Saturday,1,2,0,0,0,2,0.14,2.1,0
2026-04-18,night,S19,D,Saturday,0,3,1,0,0,2,0.162,2.1,0
2026-04-18,night,S20,D,Saturday,0,3,2,0,0,2,0.162,2.1,0
2026-04-18,night,S21,D,Saturday,0,2,1,0,0,2,0.162,2.1,0
2026-04-18,night,S22,D,Saturday,0,3,1,0,0,2,0.162,2.1,0
2026-04-18,night,S23,D,Saturday,0,2,2,0,0,2,0.162,2.1,0
2026-04-18,night,S24,D,Saturday,0,2,1,0,0,2,0.162,2.1,0
2026-04-20,early,S01,A,Monday,0,2,0,1,1,2,0.132,0.4,0
2026-04-20,early,S02,A,Monday,0,2,2,1,1,2,0.132,0.4,0
2026-04-20,early,S03,A,Monday,0,2,2,1,1,2,0.132,0.4,0
2026-04-20,early,S04,A,Monday,0,2,1,1,1,2,0.132,0.4,0
2026-04-20,early,S05,A,Monday,0,1,2,1,1,2,0.132,0.4,0
2026-04-20,early,S06,A,Monday,0,2,1,1,1,2,0.132,0.4,0
2026-04-20,early,S07,B,Monday,0,2,3,0,1,2,0.174,0.4,0
2026-04-20,early,S08,B,Monday,0,2,2,0,1,2,0.174,0.4,0
2026-04-20,early,S09,B,Monday,0,2,2,0,1,2,0.174,0.4,0
2026-04-20,early,S10,B,Monday,0,2,2,0,1,2,0.174,0.4,0
2026-04-20,early,S11,B,Monday,0,3,1,0,1,2,0.174,0.4,0
2026-04-20,early,S12,B,Monday,0,2,1,0,1,2,0.174,0.4,0
2026-04-20,early,S13,C,Monday,0,3,2,0,1,2,0.118,0.4,0
2026-04-20,early,S14,C,Monday,0,2,1,0,1,2,0.118,0.4,0
2026-04-20,early,S15,C,Monday,1,3,2,0,1,2,0.118,0.4,0
2026-04-20,early,S16,C,Monday,0,2,1,0,1,2,0.118,0.4,0
2026-04-20,early,S17,C,Monday,0,2,1,0,1,2,0.118,0.4,0
2026-04-20,early,S18,C,Monday,1,2,3,0,1,2,0.118,0.4,0
2026-04-20,early,S19,D,Monday,0,2,3,0,1,2,0.125,0.4,0
2026-04-20,early,S20,D,Monday,0,3,2,0,1,2,0.125,0.4,0
2026-04-20,early,S21,D,Monday,0,2,1,0,1,2,0.125,0.4,0
2026-04-20,early,S22,D,Monday,0,2,2,0,1,2,0.125,0.4,0
2026-04-20,early,S23,D,Monday,0,2,1,0,1,2,0.125,0.4,0
2026-04-20,early,S24,D,Monday,0,2,2,0,1,2,0.125,0.4,0
2026-04-21,early,S01,A,Tuesday,0,2,0,1,1,2,0.125,0.4,1
2026-04-21,early,S02,A,Tuesday,0,2,2,1,1,2,0.125,0.4,0
2026-04-21,early,S03,A,Tuesday,0,2,2,1,1,2,0.125,0.4,0
2026-04-21,early,S04,A,Tuesday,0,2,1,1,1,2,0.125,0.4,0
2026-04-21,early,S05,A,Tuesday,0,1,2,1,1,2,0.125,0.4,0
2026-04-21,early,S06,A,Tuesday,0,2,1,1,1,2,0.125,0.4,0
2026-04-21,early,S07,B,Tuesday,0,2,3,0,1,2,0.171,0.4,0
2026-04-21,early,S08,B,Tuesday,0,2,2,0,1,2,0.171,0.4,0
2026-04-21,early,S09,B,Tuesday,0,2,2,0,1,2,0.171,0.4,0
2026-04-21,early,S10,B,Tuesday,0,2,2,0,1,2,0.171,0.4,0
2026-04-21,early,S11,B,Tuesday,0,3,1,0,1,2,0.171,0.4,0
2026-04-21,early,S12,B,Tuesday,0,2,1,0,1,2,0.171,0.4,0
2026-04-21,early,S13,C,Tuesday,0,3,2,0,1,2,0.118,0.4,0
2026-04-21,early,S14,C,Tuesday,0,2,1,0,1,2,0.118,0.4,0
2026-04-21,early,S15,C,Tuesday,1,3,2,0,1,2,0.118,0.4,0
2026-04-21,early,S16,C,Tuesday,0,2,1,0,1,2,0.118,0.4,0
2026-04-21,early,S17,C,Tuesday,0,2,1,0,1,2,0.118,0.4,0
2026-04-21,early,S18,C,Tuesday,1,2,3,0,1,2,0.118,0.4,0
2026-04-21,early,S19,D,Tuesday,0,2,3,0,1,2,0.125,0.4,0
2026-04-21,early,S20,D,Tuesday,0,3,2,0,1,2,0.125,0.4,0
2026-04-21,early,S21,D,Tuesday,0,2,1,0,1,2,0.125,0.4,0
2026-04-21,early,S22,D,Tuesday,0,2,2,0,1,2,0.125,0.4,0
2026-04-21,early,S23,D,Tuesday,0,2,1,0,1,2,0.125,0.4,0
2026-04-21,early,S24,D,Tuesday,0,2,2,0,1,2,0.125,0.4,0
2026-04-22,early,S01,A,Wednesday,0,2,0,1,1,2,0.125,0.4,0
2026-04-22,early,S02,A,Wednesday,0,2,2,1,1,2,0.125,0.4,0
2026-04-22,early,S03,A,Wednesday,0,2,2,1,1,2,0.125,0.4,0
2026-04-22,early,S04,A,Wednesday,0,2,1,1,1,2,0.125,0.4,0
2026-04-22,early,S05,A,Wednesday,0,1,2,1,1,2,0.125,0.4,0
2026-04-22,early,S06,A,Wednesday,0,2,1,1,1,2,0.125,0.4,0
2026-04-22,early,S07,B,Wednesday,0,2,3,0,1,2,0.169,0.4,0
2026-04-22,early,S08,B,Wednesday,0,2,2,0,1,2,0.169,0.4,0
2026-04-22,early,S09,B,Wednesday,0,2,2,0,1,2,0.169,0.4,0
2026-04-22,early,S10,B,Wednesday,0,2,2,0,1,2,0.169,0.4,0
2026-04-22,early,S11,B,Wednesday,0,3,1,0,1,2,0.169,0.4,0
2026-04-22,early,S12,B,Wednesday,0,2,1,0,1,2,0.169,0.4,0
2026-04-22,early,S13,C,Wednesday,0,3,2,0,1,2,0.113,0.4,0
2026-04-22,early,S14,C,Wednesday,0,2,1,0,1,2,0.113,0.4,0
2026-04-22,early,S15,C,Wednesday,1,3,2,0,1,2,0.113,0.4,0
2026-04-22,early,S16,C,Wednesday,0,2,1,0,1,2,0.113,0.4,0
2026-04-22,early,S17,C,Wednesday,0,2,1,0,1,2,0.113,0.4,0
2026-04-22,early,S18,C,Wednesday,1,2,3,0,1,2,0.113,0.4,0
2026-04-22,early,S19,D,Wednesday,0,2,3,0,1,2,0.119,0.4,0
2026-04-22,early,S20,D,Wednesday,0,3,2,0,1,2,0.119,0.4,0
2026-04-22,early,S21,D,Wednesday,0,2,1,0,1,2,0.119,0.4,0
2026-04-22,early,S22,D,Wednesday,0,2,2,0,1,2,0.119,0.4,0
2026-04-22,early,S23,D,Wednesday,0,2,1,0,1,2,0.119,0.4,0
2026-04-22,early,S24,D,Wednesday,0,2,2,0,1,2,0.119,0.4,0
2026-04-23,early,S01,A,Thursday,0,2,0,1,1,2,0.125,0.4,1
2026-04-23,early,S02,A,Thursday,0,2,2,1,1,2,0.125,0.4,0
2026-04-23,early,S03,A,Thursday,0,2,2,1,1,2,0.125,0.4,0
2026-04-23,early,S04,A,Thursday,0,2,1,1,1,2,0.125,0.4,0
2026-04-23,early,S05,A,Thursday,0,1,2,1,1,2,0.125,0.4,0
2026-04-23,early,S06,A,Thursday,0,2,1,1,1,2,0.125,0.4,0
2026-04-23,early,S07,B,Thursday,0,2,3,0,1,2,0.173,0.4,0
2026-04-23,early,S08,B,Thursday,0,2,2,0,1,2,0.173,0.4,0
2026-04-23,early,S09,B,Thursday,0,2,2,0,1,2,0.173,0.4,0
2026-04-23,early,S10,B,Thursday,0,2,2,0,1,2,0.173,0.4,0
2026-04-23,early,S11,B,Thursday,0,3,1,0,1,2,0.173,0.4,0
2026-04-23,early,S12,B,Thursday,0,2,1,0,1,2,0.173,0.4,0
2026-04-23,early,S13,C,Thursday,0,3,2,0,1,2,0.113,0.4,0
2026-04-23,early,S14,C,Thursday,0,2,1,0,1,2,0.113,0.4,0
2026-04-23,early,S15,C,Thursday,1,3,2,0,1,2,0.113,0.4,0
2026-04-23,early,S16,C,Thursday,0,2,1,0,1,2,0.113,0.4,0
2026-04-23,early,S17,C,Thursday,0,2,1,0,1,2,0.113,0.4,0
2026-04-23,early,S18,C,Thursday,1,2,3,0,1,2,0.113,0.4,0
2026-04-23,early,S19,D,Thursday,0,2,3,0,1,2,0.113,0.4,0
2026-04-23,early,S20,D,Thursday,0,3,2,0,1,2,0.113,0.4,0
2026-04-23,early,S21,D,Thursday,0,2,1,0,1,2,0.113,0.4,0
2026-04-23,early,S22,D,Thursday,0,2,2,0,1,2,0.113,0.4,0
2026-04-23,early,S23,D,Thursday,0,2,1,0,1,2,0.113,0.4,0
2026-04-23,early,S24,D,Thursday,0,2,2,0,1,2,0.113,0.4,0
2026-04-24,early,S01,A,Friday,0,2,0,1,1,2,0.131,0.4,0
2026-04-24,early,S02,A,Friday,0,2,2,1,1,2,0.131,0.4,0
2026-04-24,early,S03,A,Friday,0,2,2,1,1,2,0.131,0.4,0
2026-04-24,early,S04,A,Friday,0,2,1,1,1,2,0.131,0.4,0
2026-04-24,early,S05,A,Friday,0,1,2,1,1,2,0.131,0.4,1
2026-04-24,early,S06,A,Friday,0,2,1,1,1,2,0.131,0.4,0
2026-04-24,early,S07,B,Friday,0,2,3,0,1,2,0.17,0.4,0
2026-04-24,early,S08,B,Friday,0,2,2,0,1,2,0.17,0.4,0
2026-04-24,early,S09,B,Friday,0,2,2,0,1,2,0.17,0.4,0
2026-04-24,early,S10,B,Friday,0,2,2,0,1,2,0.17,0.4,0
2026-04-24,early,S11,B,Friday,0,3,1,0,1,2,0.17,0.4,0
2026-04-24,early,S12,B,Friday,0,2,1,0,1,2,0.17,0.4,0
2026-04-24,early,S13,C,Friday,0,3,2,0,1,2,0.114,0.4,0
2026-04-24,early,S14,C,Friday,0,2,1,0,1,2,0.114,0.4,0
2026-04-24,early,S15,C,Friday,1,3,2,0,1,2,0.114,0.4,0
2026-04-24,early,S16,C,Friday,0,2,1,0,1,2,0.114,0.4,0
2026-04-24,early,S17,C,Friday,0,2,1,0,1,2,0.114,0.4,0
2026-04-24,early,S18,C,Friday,1,2,3,0,1,2,0.114,0.4,0
2026-04-24,early,S19,D,Friday,0,2,3,0,1,2,0.119,0.4,0
2026-04-24,early,S20,D,Friday,0,3,2,0,1,2,0.119,0.4,0
2026-04-24,early,S21,D,Friday,0,2,1,0,1,2,0.119,0.4,0
2026-04-24,early,S22,D,Friday,0,2,2,0,1,2,0.119,0.4,0
2026-04-24,early,S23,D,Friday,0,2,1,0,1,2,0.119,0.4,0
2026-04-24,early,S24,D,Friday,0,2,2,0,1,2,0.119,0.4,0
2026-04-25,early,S01,A,Saturday,0,2,0,1,1,2,0.13,0.4,0
2026-04-25,early,S02,A,Saturday,0,2,2,1,1,2,0.13,0.4,0
2026-04-25,early,S03,A,Saturday,0,2,2,1,1,2,0.13,0.4,0
2026-04-25,early,S04,A,Saturday,0,2,1,1,1,2,0.13,0.4,0
2026-04-25,early,S05,A,Saturday,0,1,2,1,1,2,0.13,0.4,0
2026-04-25,early,S06,A,Saturday,0,2,1,1,1,2,0.13,0.4,0
2026-04-25,early,S07,B,Saturday,0,2,3,0,1,2,0.174,0.4,0
2026-04-25,early,S08,B,Saturday,0,2,2,0,1,2,0.174,0.4,0
2026-04-25,early,S09,B,Saturday,0,2,2,0,1,2,0.174,0.4,0
2026-04-25,early,S10,B,Saturday,0,2,2,0,1,2,0.174,0.4,0
2026-04-25,early,S11,B,Saturday,0,3,1,0,1,2,0.174,0.4,0
2026-04-25,early,S12,B,Saturday,0,2,1,0,1,2,0.174,0.4,0
2026-04-25,early,S13,C,Saturday,0,3,2,0,1,2,0.114,0.4,0
2026-04-25,early,S14,C,Saturday,0,2,1,0,1,2,0.114,0.4,0
2026-04-25,early,S15,C,Saturday,1,3,2,0,1,2,0.114,0.4,0
2026-04-25,early,S16,C,Saturday,0,2,1,0,1,2,0.114,0.4,0
2026-04-25,early,S17,C,Saturday,0,2,1,0,1,2,0.114,0.4,1
2026-04-25,early,S18,C,Saturday,1,2,3,0,1,2,0.114,0.4,0
2026-04-25,early,S19,D,Saturday,0,2,3,0,1,2,0.125,0.4,0
2026-04-25,early,S20,D,Saturday,0,3,2,0,1,2,0.125,0.4,0
2026-04-25,early,S21,D,Saturday,0,2,1,0,1,2,0.125,0.4,0
2026-04-25,early,S22,D,Saturday,0,2,2,0,1,2,0.125,0.4,0
2026-04-25,early,S23,D,Saturday,0,2,1,0,1,2,0.125,0.4,0
2026-04-25,early,S24,D,Saturday,0,2,2,0,1,2,0.125,0.4,0
2026-04-20,late,S01,A,Monday,0,3,2,0,0,2,0.125,1.1,0
2026-04-20,late,S02,A,Monday,0,2,2,0,0,2,0.125,1.1,0
2026-04-20,late,S03,A,Monday,0,2,3,0,0,2,0.125,1.1,0
2026-04-20,late,S04,A,Monday,0,3,1,0,0,2,0.125,1.1,0
2026-04-20,late,S05,A,Monday,0,3,3,0,0,2,0.125,1.1,0
2026-04-20,late,S06,A,Monday,0,2,0,0,0,2,0.125,1.1,1
2026-04-20,late,S07,B,Monday,0,3,2,0,0,2,0.16,1.1,0
2026-04-20,late,S08,B,Monday,0,2,1,0,0,2,0.16,1.1,0
2026-04-20,late,S09,B,Monday,0,3,1,0,0,2,0.16,1.1,0
2026-04-20,late,S10,B,Monday,0,2,1,0,0,2,0.16,1.1,0
2026-04-20,late,S11,B,Monday,0,2,2,0,0,2,0.16,1.1,0
2026-04-20,late,S12,B,Monday,0,2,1,0,0,2,0.16,1.1,0
2026-04-20,late,S13,C,Monday,0,2,1,0,0,2,0.215,1.1,0
2026-04-20,late,S14,C,Monday,0,2,2,0,0,2,0.215,1.1,0
2026-04-20,late,S15,C,Monday,1,2,2,0,0,2,0.215,1.1,0
2026-04-20,late,S16,C,Monday,0,2,2,0,0,2,0.215,1.1,0
2026-04-20,late,S17,C,Monday,0,3,2,0,0,2,0.215,1.1,0
2026-04-20,late,S18,C,Monday,1,2,0,0,0,2,0.215,1.1,0
2026-04-20,late,S19,D,Monday,0,2,1,0,0,2,0.139,1.1,0
2026-04-20,late,S20,D,Monday,0,2,2,0,0,2,0.139,1.1,0
2026-04-20,late,S21,D,Monday,0,2,2,0,0,2,0.139,1.1,0
2026-04-20,late,S22,D,Monday,0,3,2,0,0,2,0.139,1.1,0
2026-04-20,late,S23,D,Monday,0,2,2,0,0,2,0.139,1.1,0
2026-04-20,late,S24,D,Monday,0,3,3,0,0,2,0.139,1.1,0
2026-04-21,late,S01,A,Tuesday,0,3,2,0,0,2,0.138,1.1,0
2026-04-21,late,S02,A,Tuesday,0,2,2,0,0,2,0.138,1.1,0
2026-04-21,late,S03,A,Tuesday,0,2,3,0,0,2,0.138,1.1,0
2026-04-21,late,S04,A,Tuesday,0,3,1,0,0,2,0.138,1.1,0
2026-04-21,late,S05,A,Tuesday,0,3,3,0,0,2,0.138,1.1,0
2026-04-21,late,S06,A,Tuesday,0,2,0,0,0,2,0.138,1.1,0
2026-04-21,late,S07,B,Tuesday,0,3,2,0,0,2,0.151,1.1,0
2026-04-21,late,S08,B,Tuesday,0,2,1,0,0,2,0.151,1.1,0
2026-04-21,late,S09,B,Tuesday,0,3,1,0,0,2,0.151,1.1,0
2026-04-21,late,S10,B,Tuesday,0,2,1,0,0,2,0.151,1.1,0
2026-04-21,late,S11,B,Tuesday,0,2,2,0,0,2,0.151,1.1,0
2026-04-21,late,S12,B,Tuesday,0,2,1,0,0,2,0.151,1.1,0
2026-04-21,late,S13,C,Tuesday,0,2,1,0,0,2,0.217,1.1,0
2026-04-21,late,S14,C,Tuesday,0,2,2,0,0,2,0.217,1.1,0
2026-04-21,late,S15,C,Tuesday,1,2,2,0,0,2,0.217,1.1,0
2026-04-21,late,S16,C,Tuesday,0,2,2,0,0,2,0.217,1.1,0
2026-04-21,late,S17,C,Tuesday,0,3,2,0,0,2,0.217,1.1,0
2026-04-21,late,S18,C,Tuesday,1,2,0,0,0,2,0.217,1.1,0
2026-04-21,late,S19,D,Tuesday,0,2,1,0,0,2,0.132,1.1,0
2026-04-21,late,S20,D,Tuesday,0,2,2,0,0,2,0.132,1.1,0
2026-04-21,late,S21,D,Tuesday,0,2,2,0,0,2,0.132,1.1,0
2026-04-21,late,S22,D,Tuesday,0,3,2,0,0,2,0.132,1.1,0
2026-04-21,late,S23,D,Tuesday,0,2,2,0,0,2,0.132,1.1,0
2026-04-21,late,S24,D,Tuesday,0,3,3,0,0,2,0.132,1.1,0
2026-04-22,late,S01,A,Wednesday,0,3,2,0,0,2,0.138,1.1,0
2026-04-22,late,S02,A,Wednesday,0,2,2,0,0,2,0.138,1.1,0
2026-04-22,late,S03,A,Wednesday,0,2,3,0,0,2,0.138,1.1,0
2026-04-22,late,S04,A,Wednesday,0,3,1,0,0,2,0.138,1.1,0
2026-04-22,late,S05,A,Wednesday,0,3,3,0,0,2,0.138,1.1,0
2026-04-22,late,S06,A,Wednesday,0,2,0,0,0,2,0.138,1.1,0
2026-04-22,late,S07,B,Wednesday,0,3,2,0,0,2,0.144,1.1,0
2026-04-22,late,S08,B,Wednesday,0,2,1,0,0,2,0.144,1.1,0
2026-04-22,late,S09,B,Wednesday,0,3,1,0,0,2,0.144,1.1,0
2026-04-22,late,S10,B,Wednesday,0,2,1,0,0,2,0.144,1.1,0
2026-04-22,late,S11,B,Wednesday,0,2,2,0,0,2,0.144,1.1,0
2026-04-22,late,S12,B,Wednesday,0,2,1,0,0,2,0.144,1.1,0
2026-04-22,late,S13,C,Wednesday,0,2,1,0,0,2,0.212,1.1,0
2026-04-22,late,S14,C,Wednesday,0,2,2,0,0,2,0.212,1.1,0
2026-04-22,late,S15,C,Wednesday,1,2,2,0,0,2,0.212,1.1,0
2026-04-22,late,S16,C,Wednesday,0,2,2,0,0,2,0.212,1.1,0
2026-04-22,late,S17,C,Wednesday,0,3,2,0,0,2,0.212,1.1,0
2026-04-22,late,S18,C,Wednesday,1,2,0,0,0,2,0.212,1.1,0
2026-04-22,late,S19,D,Wednesday,0,2,1,0,0,2,0.125,1.1,0
2026-04-22,late,S20,D,Wednesday,0,2,2,0,0,2,0.125,1.1,0
2026-04-22,late,S21,D,Wednesday,0,2,2,0,0,2,0.125,1.1,0
2026-04-22,late,S22,D,Wednesday,0,3,2,0,0,2,0.125,1.1,0
2026-04-22,late,S23,D,Wednesday,0,2,2,0,0,2,0.125,1.1,0
2026-04-22,late,S24,D,Wednesday,0,3,3,0,0,2,0.125,1.1,0
2026-04-23,late,S01,A,Thursday,0,3,2,0,0,2,0.131,1.1,0
2026-04-23,late,S02,A,Thursday,0,2,2,0,0,2,0.131,1.1,0
2026-04-23,late,S03,A,Thursday,0,2,3,0,0,2,0.131,1.1,0
2026-04-23,late,S04,A,Thursday,0,3,1,0,0,2,0.131,1.1,0
2026-04-23,late,S05,A,Thursday,0,3,3,0,0,2,0.131,1.1,0
2026-04-23,late,S06,A,Thursday,0,2,0,0,0,2,0.131,1.1,0
2026-04-23,late,S07,B,Thursday,0,3,2,0,0,2,0.137,1.1,0
2026-04-23,late,S08,B,Thursday,0,2,1,0,0,2,0.137,1.1,0
2026-04-23,late,S09,B,Thursday,0,3,1,0,0,2,0.137,1.1,0
2026-04-23,late,S10,B,Thursday,0,2,1,0,0,2,0.137,1.1,0
2026-04-23,late,S11,B,Thursday,0,2,2,0,0,2,0.137,1.1,0
2026-04-23,late,S12,B,Thursday,0,2,1,0,0,2,0.137,1.1,0
2026-04-23,late,S13,C,Thursday,0,2,1,0,0,2,0.208,1.1,0
2026-04-23,late,S14,C,Thursday,0,2,2,0,0,2,0.208,1.1,0
2026-04-23,late,S15,C,Thursday,1,2,2,0,0,2,0.208,1.1,0
2026-04-23,late,S16,C,Thursday,0,2,2,0,0,2,0.208,1.1,0
2026-04-23,late,S17,C,Thursday,0,3,2,0,0,2,0.208,1.1,0
2026-04-23,late,S18,C,Thursday,1,2,0,0,0,2,0.208,1.1,1
2026-04-23,late,S19,D,Thursday,0,2,1,0,0,2,0.125,1.1,0
2026-04-23,late,S20,D,Thursday,0,2,2,0,0,2,0.125,1.1,0
2026-04-23,late,S21,D,Thursday,0,2,2,0,0,2,0.125,1.1,0
2026-04-23,late,S22,D,Thursday,0,3,2,0,0,2,0.125,1.1,0
2026-04-23,late,S23,D,Thursday,0,2,2,0,0,2,0.125,1.1,0
2026-04-23,late,S24,D,Thursday,0,3,3,0,0,2,0.125,1.1,0
2026-04-24,late,S01,A,Friday,0,3,2,0,0,2,0.125,1.1,0
2026-04-24,late,S02,A,Friday,0,2,2,0,0,2,0.125,1.1,0
2026-04-24,late,S03,A,Friday,0,2,3,0,0,2,0.125,1.1,0
2026-04-24,late,S04,A,Friday,0,3,1,0,0,2,0.125,1.1,0
2026-04-24,late,S05,A,Friday,0,3,3,0,0,2,0.125,1.1,0
2026-04-24,late,S06,A,Friday,0,2,0,0,0,2,0.125,1.1,0
2026-04-24,late,S07,B,Friday,0,3,2,0,0,2,0.136,1.1,0
2026-04-24,late,S08,B,Friday,0,2,1,0,0,2,0.136,1.1,0
2026-04-24,late,S09,B,Friday,0,3,1,0,0,2,0.136,1.1,0
2026-04-24,late,S10,B,Friday,0,2,1,0,0,2,0.136,1.1,0
2026-04-24,late,S11,B,Friday,0,2,2,0,0,2,0.136,1.1,0
2026-04-24,late,S12,B,Friday,0,2,1,0,0,2,0.136,1.1,0
2026-04-24,late,S13,C,Friday,0,2,1,0,0,2,0.21,1.1,0
2026-04-24,late,S14,C,Friday,0,2,2,0,0,2,0.21,1.1,0
2026-04-24,late,S15,C,Friday,1,2,2,0,0,2,0.21,1.1,0
2026-04-24,late,S16,C,Friday,0,2,2,0,0,2,0.21,1.1,0
2026-04-24,late,S17,C,Friday,0,3,2,0,0,2,0.21,1.1,0
2026-04-24,late,S18,C,Friday,1,2,0,0,0,2,0.21,1.1,0
2026-04-24,late,S19,D,Friday,0,2,1,0,0,2,0.125,1.1,0
2026-04-24,late,S20,D,Friday,0,2,2,0,0,2,0.125,1.1,0
2026-04-24,late,S21,D,Friday,0,2,2,0,0,2,0.125,1.1,0
2026-04-24,late,S22,D,Friday,0,3,2,0,0,2,0.125,1.1,0
2026-04-24,late,S23,D,Friday,0,2,2,0,0,2,0.125,1.1,0
2026-04-24,late,S24,D,Friday,0,3,3,0,0,2,0.125,1.1,0
2026-04-25,late,S01,A,Saturday,0,3,2,0,0,2,0.12,1.1,0
2026-04-25,late,S02,A,Saturday,0,2,2,0,0,2,0.12,1.1,0
2026-04-25,late,S03,A,Saturday,0,2,3,0,0,2,0.12,1.1,0
2026-04-25,late,S04,A,Saturday,0,3,1,0,0,2,0.12,1.1,0
2026-04-25,late,S05,A,Saturday,0,3,3,0,0,2,0.12,1.1,0
2026-04-25,late,S06,A,Saturday,0,2,0,0,0,2,0.12,1.1,0
2026-04-25,late,S07,B,Saturday,0,3,2,0,0,2,0.141,1.1,0
2026-04-25,late,S08,B,Saturday,0,2,1,0,0,2,0.141,1.1,0
2026-04-25,late,S09,B,Saturday,0,3,1,0,0,2,0.141,1.1,0
2026-04-25,late,S10,B,Saturday,0,2,1,0,0,2,0.141,1.1,0
2026-04-25,late,S11,B,Saturday,0,2,2,0,0,2,0.141,1.1,0
2026-04-25,late,S12,B,Saturday,0,2,1,0,0,2,0.141,1.1,0
2026-04-25,late,S13,C,Saturday,0,2,1,0,0,2,0.207,1.1,0
2026-04-25,late,S14,C,Saturday,0,2,2,0,0,2,0.207,1.1,0
2026-04-25,late,S15,C,Saturday,1,2,2,0,0,2,0.207,1.1,0
2026-04-25,late,S16,C,Saturday,0,2,2,0,0,2,0.207,1.1,0
2026-04-25,late,S17,C,Saturday,0,3,2,0,0,2,0.207,1.1,0
2026-04-25,late,S18,C,Saturday,1,2,0,0,0,2,0.207,1.1,0
2026-04-25,late,S19,D,Saturday,0,2,1,0,0,2,0.125,1.1,0
2026-04-25,late,S20,D,Saturday,0,2,2,0,0,2,0.125,1.1,0
2026-04-25,late,S21,D,Saturday,0,2,2,0,0,2,0.125,1.1,0
2026-04-25,late,S22,D,Saturday,0,3,2,0,0,2,0.125,1.1,0
2026-04-25,late,S23,D,Saturday,0,2,2,0,0,2,0.125,1.1,0
2026-04-25,late,S24,D,Saturday,0,3,3,0,0,2,0.125,1.1,0
2026-04-20,night,S01,A,Monday,0,3,1,0,0,2,0.139,0.6,0
2026-04-20,night,S02,A,Monday,0,2,2,0,0,2,0.139,0.6,0
2026-04-20,night,S03,A,Monday,0,2,3,0,0,2,0.139,0.6,0
2026-04-20,night,S04,A,Monday,0,3,1,0,0,2,0.139,0.6,0
2026-04-20,night,S05,A,Monday,0,2,3,0,0,2,0.139,0.6,0
2026-04-20,night,S06,A,Monday,0,2,2,0,0,2,0.139,0.6,0
2026-04-20,night,S07,B,Monday,0,2,1,0,0,2,0.215,0.6,0
2026-04-20,night,S08,B,Monday,0,2,2,0,0,2,0.215,0.6,0
2026-04-20,night,S09,B,Monday,0,2,3,0,0,2,0.215,0.6,0
2026-04-20,night,S10,B,Monday,0,2,3,0,0,2,0.215,0.6,0
2026-04-20,night,S11,B,Monday,0,2,1,0,0,2,0.215,0.6,0
2026-04-20,night,S12,B,Monday,0,3,1,0,0,2,0.215,0.6,0
2026-04-20,night,S13,C,Monday,0,2,2,0,0,2,0.132,0.6,0
2026-04-20,night,S14,C,Monday,0,2,3,0,0,2,0.132,0.6,0
2026-04-20,night,S15,C,Monday,1,2,2,0,0,2,0.132,0.6,0
2026-04-20,night,S16,C,Monday,0,2,2,0,0,2,0.132,0.6,0
2026-04-20,night,S17,C,Monday,0,2,0,0,0,2,0.132,0.6,0
2026-04-20,night,S18,C,Monday,1,2,0,0,0,2,0.132,0.6,1
2026-04-20,night,S19,D,Monday,0,3,1,0,0,2,0.16,0.6,0
2026-04-20,night,S20,D,Monday,0,3,2,0,0,2,0.16,0.6,0
2026-04-20,night,S21,D,Monday,0,2,1,0,0,2,0.16,0.6,0
2026-04-20,night,S22,D,Monday,0,3,1,0,0,2,0.16,0.6,0
2026-04-20,night,S23,D,Monday,0,2,2,0,0,2,0.16,0.6,0
2026-04-20,night,S24,D,Monday,0,2,1,0,0,2,0.16,0.6,0
2026-04-21,night,S01,A,Tuesday,0,3,1,0,0,2,0.138,0.6,0
2026-04-21,night,S02,A,Tuesday,0,2,2,0,0,2,0.138,0.6,0
2026-04-21,night,S03,A,Tuesday,0,2,3,0,0,2,0.138,0.6,0
2026-04-21,night,S04,A,Tuesday,0,3,1,0,0,2,0.138,0.6,0
2026-04-21,night,S05,A,Tuesday,0,2,3,0,0,2,0.138,0.6,0
2026-04-21,night,S06,A,Tuesday,0,2,2,0,0,2,0.138,0.6,0
2026-04-21,night,S07,B,Tuesday,0,2,1,0,0,2,0.211,0.6,0
2026-04-21,night,S08,B,Tuesday,0,2,2,0,0,2,0.211,0.6,0
2026-04-21,night,S09,B,Tuesday,0,2,3,0,0,2,0.211,0.6,0
2026-04-21,night,S10,B,Tuesday,0,2,3,0,0,2,0.211,0.6,0
2026-04-21,night,S11,B,Tuesday,0,2,1,0,0,2,0.211,0.6,0
2026-04-21,night,S12,B,Tuesday,0,3,1,0,0,2,0.211,0.6,0
2026-04-21,night,S13,C,Tuesday,0,2,2,0,0,2,0.132,0.6,0
2026-04-21,night,S14,C,Tuesday,0,2,3,0,0,2,0.132,0.6,0
2026-04-21,night,S15,C,Tuesday,1,2,2,0,0,2,0.132,0.6,0
2026-04-21,night,S16,C,Tuesday,0,2,2,0,0,2,0.132,0.6,0
2026-04-21,night,S17,C,Tuesday,0,2,0,0,0,2,0.132,0.6,0
2026-04-21,night,S18,C,Tuesday,1,2,0,0,0,2,0.132,0.6,0
2026-04-21,night,S19,D,Tuesday,0,3,1,0,0,2,0.164,0.6,0
2026-04-21,night,S20,D,Tuesday,0,3,2,0,0,2,0.164,0.6,0
2026-04-21,night,S21,D,Tuesday,0,2,1,0,0,2,0.164,0.6,1
2026-04-21,night,S22,D,Tuesday,0,3,1,0,0,2,0.164,0.6,0
2026-04-21,night,S23,D,Tuesday,0,2,2,0,0,2,0.164,0.6,0
2026-04-21,night,S24,D,Tuesday,0,2,1,0,0,2,0.164,0.6,1
2026-04-22,night,S01,A,Wednesday,0,3,1,0,0,2,0.131,0.6,0
2026-04-22,night,S02,A,Wednesday,0,2,2,0,0,2,0.131,0.6,0
2026-04-22,night,S03,A,Wednesday,0,2,3,0,0,2,0.131,0.6,0
2026-04-22,night,S04,A,Wednesday,0,3,1,0,0,2,0.131,0.6,0
2026-04-22,night,S05,A,Wednesday,0,2,3,0,0,2,0.131,0.6,0
2026-04-22,night,S06,A,Wednesday,0,2,2,0,0,2,0.131,0.6,0
2026-04-22,night,S07,B,Wednesday,0,2,1,0,0,2,0.206,0.6,0
2026-04-22,night,S08,B,Wednesday,0,2,2,0,0,2,0.206,0.6,0
2026-04-22,night,S09,B,Wednesday,0,2,3,0,0,2,0.206,0.6,0
2026-04-22,night,S10,B,Wednesday,0,2,3,0,0,2,0.206,0.6,0
2026-04-22,night,S11,B,Wednesday,0,2,1,0,0,2,0.206,0.6,0
2026-04-22,night,S12,B,Wednesday,0,3,1,0,0,2,0.206,0.6,0
2026-04-22,night,S13,C,Wednesday,0,2,2,0,0,2,0.125,0.6,0
2026-04-22,night,S14,C,Wednesday,0,2,3,0,0,2,0.125,0.6,0
2026-04-22,night,S15,C,Wednesday,1,2,2,0,0,2,0.125,0.6,0
2026-04-22,night,S16,C,Wednesday,0,2,2,0,0,2,0.125,0.6,0
2026-04-22,night,S17,C,Wednesday,0,2,0,0,0,2,0.125,0.6,0
2026-04-22,night,S18,C,Wednesday,1,2,0,0,0,2,0.125,0.6,0
2026-04-22,night,S19,D,Wednesday,0,3,1,0,0,2,0.175,0.6,0
2026-04-22,night,S20,D,Wednesday,0,3,2,0,0,2,0.175,0.6,0
2026-04-22,night,S21,D,Wednesday,0,2,1,0,0,2,0.175,0.6,0
2026-04-22,night,S22,D,Wednesday,0,3,1,0,0,2,0.175,0.6,0
2026-04-22,night,S23,D,Wednesday,0,2,2,0,0,2,0.175,0.6,0
2026-04-22,night,S24,D,Wednesday,0,2,1,0,0,2,0.175,0.6,0
2026-04-23,night,S01,A,Thursday,0,3,1,0,0,2,0.131,0.6,0
2026-04-23,night,S02,A,Thursday,0,2,2,0,0,2,0.131,0.6,0
2026-04-23,night,S03,A,Thursday,0,2,3,0,0,2,0.131,0.6,0
2026-04-23,night,S04,A,Thursday,0,3,1,0,0,2,0.131,0.6,0
2026-04-23,night,S05,A,Thursday,0,2,3,0,0,2,0.131,0.6,0
2026-04-23,night,S06,A,Thursday,0,2,2,0,0,2,0.131,0.6,0
2026-04-23,night,S07,B,Thursday,0,2,1,0,0,2,0.208,0.6,0
2026-04-23,night,S08,B,Thursday,0,2,2,0,0,2,0.208,0.6,0
2026-04-23,night,S09,B,Thursday,0,2,3,0,0,2,0.208,0.6,0
2026-04-23,night,S10,B,Thursday,0,2,3,0,0,2,0.208,0.6,0
2026-04-23,night,S11,B,Thursday,0,2,1,0,0,2,0.208,0.6,0
2026-04-23,night,S12,B,Thursday,0,3,1,0,0,2,0.208,0.6,0
2026-04-23,night,S13,C,Thursday,0,2,2,0,0,2,0.125,0.6,0
2026-04-23,night,S14,C,Thursday,0,2,3,0,0,2,0.125,0.6,0
2026-04-23,night,S15,C,Thursday,1,2,2,0,0,2,0.125,0.6,0
2026-04-23,night,S16,C,Thursday,0,2,2,0,0,2,0.125,0.6,0
2026-04-23,night,S17,C,Thursday,0,2,0,0,0,2,0.125,0.6,1
2026-04-23,night,S18,C,Thursday,1,2,0,0,0,2,0.125,0.6,0
2026-04-23,night,S19,D,Thursday,0,3,1,0,0,2,0.173,0.6,0
2026-04-23,night,S20,D,Thursday,0,3,2,0,0,2,0.173,0.6,0
2026-04-23,night,S21,D,Thursday,0,2,1,0,0,2,0.173,0.6,0
2026-04-23,night,S22,D,Thursday,0,3,1,0,0,2,0.173,0.6,0
2026-04-23,night,S23,D,Thursday,0,2,2,0,0,2,0.173,0.6,0
2026-04-23,night,S24,D,Thursday,0,2,1,0,0,2,0.173,0.6,0
2026-04-24,night,S01,A,Friday,0,3,1,0,0,2,0.136,0.6,0
2026-04-24,night,S02,A,Friday,0,2,2,0,0,2,0.136,0.6,0
2026-04-24,night,S03,A,Friday,0,2,3,0,0,2,0.136,0.6,0
2026-04-24,night,S04,A,Friday,0,3,1,0,0,2,0.136,0.6,0
2026-04-24,night,S05,A,Friday,0,2,3,0,0,2,0.136,0.6,0
2026-04-24,night,S06,A,Friday,0,2,2,0,0,2,0.136,0.6,0
2026-04-24,night,S07,B,Friday,0,2,1,0,0,2,0.199,0.6,0
2026-04-24,night,S08,B,Friday,0,2,2,0,0,2,0.199,0.6,0
2026-04-24,night,S09,B,Friday,0,2,3,0,0,2,0.199,0.6,0
2026-04-24,night,S10,B,Friday,0,2,3,0,0,2,0.199,0.6,0
2026-04-24,night,S11,B,Friday,0,2,1,0,0,2,0.199,0.6,0
2026-04-24,night,S12,B,Friday,0,3,1,0,0,2,0.199,0.6,0
2026-04-24,night,S13,C,Friday,0,2,2,0,0,2,0.125,0.6,0
2026-04-24,night,S14,C,Friday,0,2,3,0,0,2,0.125,0.6,0
2026-04-24,night,S15,C,Friday,1,2,2,0,0,2,0.125,0.6,0
2026-04-24,night,S16,C,Friday,0,2,2,0,0,2,0.125,0.6,0
2026-04-24,night,S17,C,Friday,0,2,0,0,0,2,0.125,0.6,0
2026-04-24,night,S18,C,Friday,1,2,0,0,0,2,0.125,0.6,0
2026-04-24,night,S19,D,Friday,0,3,1,0,0,2,0.165,0.6,0
2026-04-24,night,S20,D,Friday,0,3,2,0,0,2,0.165,0.6,0
2026-04-24,night,S21,D,Friday,0,2,1,0,0,2,0.165,0.6,0
2026-04-24,night,S22,D,Friday,0,3,1,0,0,2,0.165,0.6,0
2026-04-24,night,S23,D,Friday,0,2,2,0,0,2,0.165,0.6,0
2026-04-24,night,S24,D,Friday,0,2,1,0,0,2,0.165,0.6,0
2026-04-25,night,S01,A,Saturday,0,3,1,0,0,2,0.136,0.6,0
2026-04-25,night,S02,A,Saturday,0,2,2,0,0,2,0.136,0.6,0
2026-04-25,night,S03,A,Saturday,0,2,3,0,0,2,0.136,0.6,0
2026-04-25,night,S04,A,Saturday,0,3,1,0,0,2,0.136,0.6,0
2026-04-25,night,S05,A,Saturday,0,2,3,0,0,2,0.136,0.6,0
2026-04-25,night,S06,A,Saturday,0,2,2,0,0,2,0.136,0.6,0
2026-04-25,night,S07,B,Saturday,0,2,1,0,0,2,0.201,0.6,0
2026-04-25,night,S08,B,Saturday,0,2,2,0,0,2,0.201,0.6,0
2026-04-25,night,S09,B,Saturday,0,2,3,0,0,2,0.201,0.6,0
2026-04-25,night,S10,B,Saturday,0,2,3,0,0,2,0.201,0.6,0
2026-04-25,night,S11,B,Saturday,0,2,1,0,0,2,0.201,0.6,0
2026-04-25,night,S12,B,Saturday,0,3,1,0,0,2,0.201,0.6,0
2026-04-25,night,S13,C,Saturday,0,2,2,0,0,2,0.125,0.6,0
2026-04-25,night,S14,C,Saturday,0,2,3,0,0,2,0.125,0.6,0
2026-04-25,night,S15,C,Saturday,1,2,2,0,0,2,0.125,0.6,0
2026-04-25,night,S16,C,Saturday,0,2,2,0,0,2,0.125,0.6,0
2026-04-25,night,S17,C,Saturday,0,2,0,0,0,2,0.125,0.6,0
2026-04-25,night,S18,C,Saturday,1,2,0,0,0,2,0.125,0.6,0
2026-04-25,night,S19,D,Saturday,0,3,1,0,0,2,0.158,0.6,0
2026-04-25,night,S20,D,Saturday,0,3,2,0,0,2,0.158,0.6,0
2026-04-25,night,S21,D,Saturday,0,2,1,0,0,2,0.158,0.6,0
2026-04-25,night,S22,D,Saturday,0,3,1,0,0,2,0.158,0.6,0
2026-04-25,night,S23,D,Saturday,0,2,2,0,0,2,0.158,0.6,0
2026-04-25,night,S24,D,Saturday,0,2,1,0,0,2,0.158,0.6,0
2026-04-27,early,S01,A,Monday,0,2,0,1,1,2,0.135,0.0,0
2026-04-27,early,S02,A,Monday,0,2,2,1,1,2,0.135,0.0,0
2026-04-27,early,S03,A,Monday,0,2,2,1,1,2,0.135,0.0,0
2026-04-27,early,S04,A,Monday,0,2,1,1,1,2,0.135,0.0,0
2026-04-27,early,S05,A,Monday,0,1,2,1,1,2,0.135,0.0,0
2026-04-27,early,S06,A,Monday,0,2,1,1,1,2,0.135,0.0,0
2026-04-27,early,S07,B,Monday,0,2,3,0,1,2,0.172,0.0,0
2026-04-27,early,S08,B,Monday,0,2,2,0,1,2,0.172,0.0,0
2026-04-27,early,S09,B,Monday,0,2,2,0,1,2,0.172,0.0,0
2026-04-27,early,S10,B,Monday,0,2,2,0,1,2,0.172,0.0,0
2026-04-27,early,S11,B,Monday,0,3,1,0,1,2,0.172,0.0,0
2026-04-27,early,S12,B,Monday,0,2,1,0,1,2,0.172,0.0,0
2026-04-27,early,S13,C,Monday,0,3,2,0,1,2,0.125,0.0,0
2026-04-27,early,S14,C,Monday,0,2,1,0,1,2,0.125,0.0,0
2026-04-27,early,S15,C,Monday,1,3,2,0,1,2,0.125,0.0,0
2026-04-27,early,S16,C,Monday,0,2,1,0,1,2,0.125,0.0,0
2026-04-27,early,S17,C,Monday,0,2,1,0,1,2,0.125,0.0,0
2026-04-27,early,S18,C,Monday,1,2,3,0,1,2,0.125,0.0,0
2026-04-27,early,S19,D,Monday,0,2,3,0,1,2,0.12,0.0,0
2026-04-27,early,S20,D,Monday,0,3,2,0,1,2,0.12,0.0,0
2026-04-27,early,S21,D,Monday,0,2,1,0,1,2,0.12,0.0,0
2026-04-27,early,S22,D,Monday,0,2,2,0,1,2,0.12,0.0,0
2026-04-27,early,S23,D,Monday,0,2,1,0,1,2,0.12,0.0,0
2026-04-27,early,S24,D,Monday,0,2,2,0,1,2,0.12,0.0,0
2026-04-28,early,S01,A,Tuesday,0,2,0,1,1,2,0.13,0.0,0
2026-04-28,early,S02,A,Tuesday,0,2,2,1,1,2,0.13,0.0,0
2026-04-28,early,S03,A,Tuesday,0,2,2,1,1,2,0.13,0.0,0
2026-04-28,early,S04,A,Tuesday,0,2,1,1,1,2,0.13,0.0,0
2026-04-28,early,S05,A,Tuesday,0,1,2,1,1,2,0.13,0.0,0
2026-04-28,early,S06,A,Tuesday,0,2,1,1,1,2,0.13,0.0,0
2026-04-28,early,S07,B,Tuesday,0,2,3,0,1,2,0.156,0.0,0
2026-04-28,early,S08,B,Tuesday,0,2,2,0,1,2,0.156,0.0,0
2026-04-28,early,S09,B,Tuesday,0,2,2,0,1,2,0.156,0.0,0
2026-04-28,early,S10,B,Tuesday,0,2,2,0,1,2,0.156,0.0,0
2026-04-28,early,S11,B,Tuesday,0,3,1,0,1,2,0.156,0.0,0
2026-04-28,early,S12,B,Tuesday,0,2,1,0,1,2,0.156,0.0,0
2026-04-28,early,S13,C,Tuesday,0,3,2,0,1,2,0.125,0.0,0
2026-04-28,early,S14,C,Tuesday,0,2,1,0,1,2,0.125,0.0,0
2026-04-28,early,S15,C,Tuesday,1,3,2,0,1,2,0.125,0.0,0
2026-04-28,early,S16,C,Tuesday,0,2,1,0,1,2,0.125,0.0,0
2026-04-28,early,S17,C,Tuesday,0,2,1,0,1,2,0.125,0.0,0
2026-04-28,early,S18,C,Tuesday,1,2,3,0,1,2,0.125,0.0,0
2026-04-28,early,S19,D,Tuesday,0,2,3,0,1,2,0.12,0.0,0
2026-04-28,early,S20,D,Tuesday,0,3,2,0,1,2,0.12,0.0,0
2026-04-28,early,S21,D,Tuesday,0,2,1,0,1,2,0.12,0.0,0
2026-04-28,early,S22,D,Tuesday,0,2,2,0,1,2,0.12,0.0,0
2026-04-28,early,S23,D,Tuesday,0,2,1,0,1,2,0.12,0.0,0
2026-04-28,early,S24,D,Tuesday,0,2,2,0,1,2,0.12,0.0,0
2026-04-29,early,S01,A,Wednesday,0,2,0,1,1,2,0.13,0.0,0
2026-04-29,early,S02,A,Wednesday,0,2,2,1,1,2,0.13,0.0,0
2026-04-29,early,S03,A,Wednesday,0,2,2,1,1,2,0.13,0.0,0
2026-04-29,early,S04,A,Wednesday,0,2,1,1,1,2,0.13,0.0,0
2026-04-29,early,S05,A,Wednesday,0,1,2,1,1,2,0.13,0.0,0
2026-04-29,early,S06,A,Wednesday,0,2,1,1,1,2,0.13,0.0,0
2026-04-29,early,S07,B,Wednesday,0,2,3,0,1,2,0.151,0.0,0
2026-04-29,early,S08,B,Wednesday,0,2,2,0,1,2,0.151,0.0,0
2026-04-29,early,S09,B,Wednesday,0,2,2,0,1,2,0.151,0.0,0
2026-04-29,early,S10,B,Wednesday,0,2,2,0,1,2,0.151,0.0,0
2026-04-29,early,S11,B,Wednesday,0,3,1,0,1,2,0.151,0.0,0
2026-04-29,early,S12,B,Wednesday,0,2,1,0,1,2,0.151,0.0,0
2026-04-29,early,S13,C,Wednesday,0,3,2,0,1,2,0.13,0.0,0
2026-04-29,early,S14,C,Wednesday,0,2,1,0,1,2,0.13,0.0,0
2026-04-29,early,S15,C,Wednesday,1,3,2,0,1,2,0.13,0.0,0
2026-04-29,early,S16,C,Wednesday,0,2,1,0,1,2,0.13,0.0,0
2026-04-29,early,S17,C,Wednesday,0,2,1,0,1,2,0.13,0.0,0
2026-04-29,early,S18,C,Wednesday,1,2,3,0,1,2,0.13,0.0,0
2026-04-29,early,S19,D,Wednesday,0,2,3,0,1,2,0.109,0.0,0
2026-04-29,early,S20,D,Wednesday,0,3,2,0,1,2,0.109,0.0,0
2026-04-29,early,S21,D,Wednesday,0,2,1,0,1,2,0.109,0.0,0
2026-04-29,early,S22,D,Wednesday,0,2,2,0,1,2,0.109,0.0,0
2026-04-29,early,S23,D,Wednesday,0,2,1,0,1,2,0.109,0.0,0
2026-04-29,early,S24,D,Wednesday,0,2,2,0,1,2,0.109,0.0,0
2026-04-30,early,S01,A,Thursday,0,2,0,1,1,2,0.125,0.0,0
2026-04-30,early,S02,A,Thursday,0,2,2,1,1,2,0.125,0.0,0
2026-04-30,early,S03,A,Thursday,0,2,2,1,1,2,0.125,0.0,0
2026-04-30,early,S04,A,Thursday,0,2,1,1,1,2,0.125,0.0,0
2026-04-30,early,S05,A,Thursday,0,1,2,1,1,2,0.125,0.0,0
2026-04-30,early,S06,A,Thursday,0,2,1,1,1,2,0.125,0.0,0
2026-04-30,early,S07,B,Thursday,0,2,3,0,1,2,0.156,0.0,0
2026-04-30,early,S08,B,Thursday,0,2,2,0,1,2,0.156,0.0,0
2026-04-30,early,S09,B,Thursday,0,2,2,0,1,2,0.156,0.0,0
2026-04-30,early,S10,B,Thursday,0,2,2,0,1,2,0.156,0.0,0
2026-04-30,early,S11,B,Thursday,0,3,1,0,1,2,0.156,0.0,0
2026-04-30,early,S12,B,Thursday,0,2,1,0,1,2,0.156,0.0,0
2026-04-30,early,S13,C,Thursday,0,3,2,0,1,2,0.125,0.0,0
2026-04-30,early,S14,C,Thursday,0,2,1,0,1,2,0.125,0.0,0
2026-04-30,early,S15,C,Thursday,1,3,2,0,1,2,0.125,0.0,0
2026-04-30,early,S16,C,Thursday,0,2,1,0,1,2,0.125,0.0,0
2026-04-30,early,S17,C,Thursday,0,2,1,0,1,2,0.125,0.0,0
2026-04-30,early,S18,C,Thursday,1,2,3,0,1,2,0.125,0.0,0
2026-04-30,early,S19,D,Thursday,0,2,3,0,1,2,0.104,0.0,0
2026-04-30,early,S20,D,Thursday,0,3,2,0,1,2,0.104,0.0,0
2026-04-30,early,S21,D,Thursday,0,2,1,0,1,2,0.104,0.0,0
2026-04-30,early,S22,D,Thursday,0,2,2,0,1,2,0.104,0.0,0
2026-04-30,early,S23,D,Thursday,0,2,1,0,1,2,0.104,0.0,0
2026-04-30,early,S24,D,Thursday,0,2,2,0,1,2,0.104,0.0,0
2026-05-01,early,S01,A,Friday,0,2,0,1,1,2,0.125,0.0,1
2026-05-01,early,S02,A,Friday,0,2,2,1,1,2,0.125,0.0,1
2026-05-01,early,S03,A,Friday,0,2,2,1,1,2,0.125,0.0,0
2026-05-01,early,S04,A,Friday,0,2,1,1,1,2,0.125,0.0,0
2026-05-01,early,S05,A,Friday,0,1,2,1,1,2,0.125,0.0,0
2026-05-01,early,S06,A,Friday,0,2,1,1,1,2,0.125,0.0,0
2026-05-01,early,S07,B,Friday,0,2,3,0,1,2,0.146,0.0,0
2026-05-01,early,S08,B,Friday,0,2,2,0,1,2,0.146,0.0,0
2026-05-01,early,S09,B,Friday,0,2,2,0,1,2,0.146,0.0,0
2026-05-01,early,S10,B,Friday,0,2,2,0,1,2,0.146,0.0,0
2026-05-01,early,S11,B,Friday,0,3,1,0,1,2,0.146,0.0,0
2026-05-01,early,S12,B,Friday,0,2,1,0,1,2,0.146,0.0,0
2026-05-01,early,S13,C,Friday,0,3,2,0,1,2,0.12,0.0,0
2026-05-01,early,S14,C,Friday,0,2,1,0,1,2,0.12,0.0,0
2026-05-01,early,S15,C,Friday,1,3,2,0,1,2,0.12,0.0,0
2026-05-01,early,S16,C,Friday,0,2,1,0,1,2,0.12,0.0,1
2026-05-01,early,S17,C,Friday,0,2,1,0,1,2,0.12,0.0,0
2026-05-01,early,S18,C,Friday,1,2,3,0,1,2,0.12,0.0,0
2026-05-01,early,S19,D,Friday,0,2,3,0,1,2,0.104,0.0,0
2026-05-01,early,S20,D,Friday,0,3,2,0,1,2,0.104,0.0,0
2026-05-01,early,S21,D,Friday,0,2,1,0,1,2,0.104,0.0,0
2026-05-01,early,S22,D,Friday,0,2,2,0,1,2,0.104,0.0,0
2026-05-01,early,S23,D,Friday,0,2,1,0,1,2,0.104,0.0,0
2026-05-01,early,S24,D,Friday,0,2,2,0,1,2,0.104,0.0,0
2026-05-02,early,S01,A,Saturday,0,2,0,1,1,2,0.141,0.0,1
2026-05-02,early,S02,A,Saturday,0,2,2,1,1,2,0.141,0.0,0
2026-05-02,early,S03,A,Saturday,0,2,2,1,1,2,0.141,0.0,0
2026-05-02,early,S04,A,Saturday,0,2,1,1,1,2,0.141,0.0,0
2026-05-02,early,S05,A,Saturday,0,1,2,1,1,2,0.141,0.0,1
2026-05-02,early,S06,A,Saturday,0,2,1,1,1,2,0.141,0.0,0
2026-05-02,early,S07,B,Saturday,0,2,3,0,1,2,0.146,0.0,0
2026-05-02,early,S08,B,Saturday,0,2,2,0,1,2,0.146,0.0,0
2026-05-02,early,S09,B,Saturday,0,2,2,0,1,2,0.146,0.0,0
2026-05-02,early,S10,B,Saturday,0,2,2,0,1,2,0.146,0.0,0
2026-05-02,early,S11,B,Saturday,0,3,1,0,1,2,0.146,0.0,0
2026-05-02,early,S12,B,Saturday,0,2,1,0,1,2,0.146,0.0,0
2026-05-02,early,S13,C,Saturday,0,3,2,0,1,2,0.12,0.0,0
2026-05-02,early,S14,C,Saturday,0,2,1,0,1,2,0.12,0.0,0
2026-05-02,early,S15,C,Saturday,1,3,2,0,1,2,0.12,0.0,0
2026-05-02,early,S16,C,Saturday,0,2,1,0,1,2,0.12,0.0,0
2026-05-02,early,S17,C,Saturday,0,2,1,0,1,2,0.12,0.0,0
2026-05-02,early,S18,C,Saturday,1,2,3,0,1,2,0.12,0.0,0
2026-05-02,early,S19,D,Saturday,0,2,3,0,1,2,0.109,0.0,0
2026-05-02,early,S20,D,Saturday,0,3,2,0,1,2,0.109,0.0,0
2026-05-02,early,S21,D,Saturday,0,2,1,0,1,2,0.109,0.0,0
2026-05-02,early,S22,D,Saturday,0,2,2,0,1,2,0.109,0.0,0
2026-05-02,early,S23,D,Saturday,0,2,1,0,1,2,0.109,0.0,0
2026-05-02,early,S24,D,Saturday,0,2,2,0,1,2,0.109,0.0,0
2026-04-27,late,S01,A,Monday,0,3,2,0,0,2,0.115,1.0,0
2026-04-27,late,S02,A,Monday,0,2,2,0,0,2,0.115,1.0,0
2026-04-27,late,S03,A,Monday,0,2,3,0,0,2,0.115,1.0,0
2026-04-27,late,S04,A,Monday,0,3,1,0,0,2,0.115,1.0,0
2026-04-27,late,S05,A,Monday,0,3,3,0,0,2,0.115,1.0,0
2026-04-27,late,S06,A,Monday,0,2,0,0,0,2,0.115,1.0,0
2026-04-27,late,S07,B,Monday,0,3,2,0,0,2,0.141,1.0,0
2026-04-27,late,S08,B,Monday,0,2,1,0,0,2,0.141,1.0,0
2026-04-27,late,S09,B,Monday,0,3,1,0,0,2,0.141,1.0,0
2026-04-27,late,S10,B,Monday,0,2,1,0,0,2,0.141,1.0,0
2026-04-27,late,S11,B,Monday,0,2,2,0,0,2,0.141,1.0,0
2026-04-27,late,S12,B,Monday,0,2,1,0,0,2,0.141,1.0,0
2026-04-27,late,S13,C,Monday,0,2,1,0,0,2,0.203,1.0,0
2026-04-27,late,S14,C,Monday,0,2,2,0,0,2,0.203,1.0,0
2026-04-27,late,S15,C,Monday,1,2,2,0,0,2,0.203,1.0,0
2026-04-27,late,S16,C,Monday,0,2,2,0,0,2,0.203,1.0,0
2026-04-27,late,S17,C,Monday,0,3,2,0,0,2,0.203,1.0,0
2026-04-27,late,S18,C,Monday,1,2,0,0,0,2,0.203,1.0,0
2026-04-27,late,S19,D,Monday,0,2,1,0,0,2,0.13,1.0,0
2026-04-27,late,S20,D,Monday,0,2,2,0,0,2,0.13,1.0,1
2026-04-27,late,S21,D,Monday,0,2,2,0,0,2,0.13,1.0,0
2026-04-27,late,S22,D,Monday,0,3,2,0,0,2,0.13,1.0,0
2026-04-27,late,S23,D,Monday,0,2,2,0,0,2,0.13,1.0,0
2026-04-27,late,S24,D,Monday,0,3,3,0,0,2,0.13,1.0,0
2026-04-28,late,S01,A,Tuesday,0,3,2,0,0,2,0.12,1.0,0
2026-04-28,late,S02,A,Tuesday,0,2,2,0,0,2,0.12,1.0,0
2026-04-28,late,S03,A,Tuesday,0,2,3,0,0,2,0.12,1.0,0
2026-04-28,late,S04,A,Tuesday,0,3,1,0,0,2,0.12,1.0,0
2026-04-28,late,S05,A,Tuesday,0,3,3,0,0,2,0.12,1.0,0
2026-04-28,late,S06,A,Tuesday,0,2,0,0,0,2,0.12,1.0,0
2026-04-28,late,S07,B,Tuesday,0,3,2,0,0,2,0.141,1.0,0
2026-04-28,late,S08,B,Tuesday,0,2,1,0,0,2,0.141,1.0,0
2026-04-28,late,S09,B,Tuesday,0,3,1,0,0,2,0.141,1.0,0
2026-04-28,late,S10,B,Tuesday,0,2,1,0,0,2,0.141,1.0,0
2026-04-28,late,S11,B,Tuesday,0,2,2,0,0,2,0.141,1.0,0
2026-04-28,late,S12,B,Tuesday,0,2,1,0,0,2,0.141,1.0,0
2026-04-28,late,S13,C,Tuesday,0,2,1,0,0,2,0.203,1.0,0
2026-04-28,late,S14,C,Tuesday,0,2,2,0,0,2,0.203,1.0,0
2026-04-28,late,S15,C,Tuesday,1,2,2,0,0,2,0.203,1.0,0
2026-04-28,late,S16,C,Tuesday,0,2,2,0,0,2,0.203,1.0,0
2026-04-28,late,S17,C,Tuesday,0,3,2,0,0,2,0.203,1.0,0
2026-04-28,late,S18,C,Tuesday,1,2,0,0,0,2,0.203,1.0,0
2026-04-28,late,S19,D,Tuesday,0,2,1,0,0,2,0.13,1.0,0
2026-04-28,late,S20,D,Tuesday,0,2,2,0,0,2,0.13,1.0,0
2026-04-28,late,S21,D,Tuesday,0,2,2,0,0,2,0.13,1.0,0
2026-04-28,late,S22,D,Tuesday,0,3,2,0,0,2,0.13,1.0,0
2026-04-28,late,S23,D,Tuesday,0,2,2,0,0,2,0.13,1.0,0
2026-04-28,late,S24,D,Tuesday,0,3,3,0,0,2,0.13,1.0,0
2026-04-29,late,S01,A,Wednesday,0,3,2,0,0,2,0.125,1.0,0
2026-04-29,late,S02,A,Wednesday,0,2,2,0,0,2,0.125,1.0,0
2026-04-29,late,S03,A,Wednesday,0,2,3,0,0,2,0.125,1.0,0
2026-04-29,late,S04,A,Wednesday,0,3,1,0,0,2,0.125,1.0,0
2026-04-29,late,S05,A,Wednesday,0,3,3,0,0,2,0.125,1.0,0
2026-04-29,late,S06,A,Wednesday,0,2,0,0,0,2,0.125,1.0,1
2026-04-29,late,S07,B,Wednesday,0,3,2,0,0,2,0.141,1.0,0
2026-04-29,late,S08,B,Wednesday,0,2,1,0,0,2,0.141,1.0,0
2026-04-29,late,S09,B,Wednesday,0,3,1,0,0,2,0.141,1.0,0
2026-04-29,late,S10,B,Wednesday,0,2,1,0,0,2,0.141,1.0,0
2026-04-29,late,S11,B,Wednesday,0,2,2,0,0,2,0.141,1.0,0
2026-04-29,late,S12,B,Wednesday,0,2,1,0,0,2,0.141,1.0,0
2026-04-29,late,S13,C,Wednesday,0,2,1,0,0,2,0.208,1.0,0
2026-04-29,late,S14,C,Wednesday,0,2,2,0,0,2,0.208,1.0,0
2026-04-29,late,S15,C,Wednesday,1,2,2,0,0,2,0.208,1.0,0
2026-04-29,late,S16,C,Wednesday,0,2,2,0,0,2,0.208,1.0,0
2026-04-29,late,S17,C,Wednesday,0,3,2,0,0,2,0.208,1.0,0
2026-04-29,late,S18,C,Wednesday,1,2,0,0,0,2,0.208,1.0,0
2026-04-29,late,S19,D,Wednesday,0,2,1,0,0,2,0.13,1.0,0
2026-04-29,late,S20,D,Wednesday,0,2,2,0,0,2,0.13,1.0,0
2026-04-29,late,S21,D,Wednesday,0,2,2,0,0,2,0.13,1.0,0
2026-04-29,late,S22,D,Wednesday,0,3,2,0,0,2,0.13,1.0,0
2026-04-29,late,S23,D,Wednesday,0,2,2,0,0,2,0.13,1.0,0
2026-04-29,late,S24,D,Wednesday,0,3,3,0,0,2,0.13,1.0,0
2026-04-30,late,S01,A,Thursday,0,3,2,0,0,2,0.125,1.0,0
2026-04-30,late,S02,A,Thursday,0,2,2,0,0,2,0.125,1.0,0
2026-04-30,late,S03,A,Thursday,0,2,3,0,0,2,0.125,1.0,0
2026-04-30,late,S04,A,Thursday,0,3,1,0,0,2,0.125,1.0,1
2026-04-30,late,S05,A,Thursday,0,3,3,0,0,2,0.125,1.0,0
2026-04-30,late,S06,A,Thursday,0,2,0,0,0,2,0.125,1.0,0
2026-04-30,late,S07,B,Thursday,0,3,2,0,0,2,0.141,1.0,0
2026-04-30,late,S08,B,Thursday,0,2,1,0,0,2,0.141,1.0,0
2026-04-30,late,S09,B,Thursday,0,3,1,0,0,2,0.141,1.0,0
2026-04-30,late,S10,B,Thursday,0,2,1,0,0,2,0.141,1.0,0
2026-04-30,late,S11,B,Thursday,0,2,2,0,0,2,0.141,1.0,0
2026-04-30,late,S12,B,Thursday,0,2,1,0,0,2,0.141,1.0,0
2026-04-30,late,S13,C,Thursday,0,2,1,0,0,2,0.203,1.0,0
2026-04-30,late,S14,C,Thursday,0,2,2,0,0,2,0.203,1.0,0
2026-04-30,late,S15,C,Thursday,1,2,2,0,0,2,0.203,1.0,0
2026-04-30,late,S16,C,Thursday,0,2,2,0,0,2,0.203,1.0,0
2026-04-30,late,S17,C,Thursday,0,3,2,0,0,2,0.203,1.0,0
2026-04-30,late,S18,C,Thursday,1,2,0,0,0,2,0.203,1.0,0
2026-04-30,late,S19,D,Thursday,0,2,1,0,0,2,0.135,1.0,0
2026-04-30,late,S20,D,Thursday,0,2,2,0,0,2,0.135,1.0,0
2026-04-30,late,S21,D,Thursday,0,2,2,0,0,2,0.135,1.0,0
2026-04-30,late,S22,D,Thursday,0,3,2,0,0,2,0.135,1.0,0
2026-04-30,late,S23,D,Thursday,0,2,2,0,0,2,0.135,1.0,0
2026-04-30,late,S24,D,Thursday,0,3,3,0,0,2,0.135,1.0,0
2026-05-01,late,S01,A,Friday,0,3,2,0,0,2,0.135,1.0,0
2026-05-01,late,S02,A,Friday,0,2,2,0,0,2,0.135,1.0,0
2026-05-01,late,S03,A,Friday,0,2,3,0,0,2,0.135,1.0,0
2026-05-01,late,S04,A,Friday,0,3,1,0,0,2,0.135,1.0,0
2026-05-01,late,S05,A,Friday,0,3,3,0,0,2,0.135,1.0,0
2026-05-01,late,S06,A,Friday,0,2,0,0,0,2,0.135,1.0,0
2026-05-01,late,S07,B,Friday,0,3,2,0,0,2,0.141,1.0,0
2026-05-01,late,S08,B,Friday,0,2,1,0,0,2,0.141,1.0,0
2026-05-01,late,S09,B,Friday,0,3,1,0,0,2,0.141,1.0,0
2026-05-01,late,S10,B,Friday,0,2,1,0,0,2,0.141,1.0,0
2026-05-01,late,S11,B,Friday,0,2,2,0,0,2,0.141,1.0,0
2026-05-01,late,S12,B,Friday,0,2,1,0,0,2,0.141,1.0,0
2026-05-01,late,S13,C,Friday,0,2,1,0,0,2,0.193,1.0,0
2026-05-01,late,S14,C,Friday,0,2,2,0,0,2,0.193,1.0,0
2026-05-01,late,S15,C,Friday,1,2,2,0,0,2,0.193,1.0,0
2026-05-01,late,S16,C,Friday,0,2,2,0,0,2,0.193,1.0,0
2026-05-01,late,S17,C,Friday,0,3,2,0,0,2,0.193,1.0,0
2026-05-01,late,S18,C,Friday,1,2,0,0,0,2,0.193,1.0,0
2026-05-01,late,S19,D,Friday,0,2,1,0,0,2,0.135,1.0,0
2026-05-01,late,S20,D,Friday,0,2,2,0,0,2,0.135,1.0,0
2026-05-01,late,S21,D,Friday,0,2,2,0,0,2,0.135,1.0,0
2026-05-01,late,S22,D,Friday,0,3,2,0,0,2,0.135,1.0,1
2026-05-01,late,S23,D,Friday,0,2,2,0,0,2,0.135,1.0,0
2026-05-01,late,S24,D,Friday,0,3,3,0,0,2,0.135,1.0,0
2026-05-02,late,S01,A,Saturday,0,3,2,0,0,2,0.13,1.0,0
2026-05-02,late,S02,A,Saturday,0,2,2,0,0,2,0.13,1.0,0
2026-05-02,late,S03,A,Saturday,0,2,3,0,0,2,0.13,1.0,0
2026-05-02,late,S04,A,Saturday,0,3,1,0,0,2,0.13,1.0,1
2026-05-02,late,S05,A,Saturday,0,3,3,0,0,2,0.13,1.0,0
2026-05-02,late,S06,A,Saturday,0,2,0,0,0,2,0.13,1.0,0
2026-05-02,late,S07,B,Saturday,0,3,2,0,0,2,0.13,1.0,0
2026-05-02,late,S08,B,Saturday,0,2,1,0,0,2,0.13,1.0,0
2026-05-02,late,S09,B,Saturday,0,3,1,0,0,2,0.13,1.0,0
2026-05-02,late,S10,B,Saturday,0,2,1,0,0,2,0.13,1.0,0
2026-05-02,late,S11,B,Saturday,0,2,2,0,0,2,0.13,1.0,0
2026-05-02,late,S12,B,Saturday,0,2,1,0,0,2,0.13,1.0,0
2026-05-02,late,S13,C,Saturday,0,2,1,0,0,2,0.188,1.0,0
2026-05-02,late,S14,C,Saturday,0,2,2,0,0,2,0.188,1.0,0
2026-05-02,late,S15,C,Saturday,1,2,2,0,0,2,0.188,1.0,0
2026-05-02,late,S16,C,Saturday,0,2,2,0,0,2,0.188,1.0,0
2026-05-02,late,S17,C,Saturday,0,3,2,0,0,2,0.188,1.0,0
2026-05-02,late,S18,C,Saturday,1,2,0,0,0,2,0.188,1.0,0
2026-05-02,late,S19,D,Saturday,0,2,1,0,0,2,0.151,1.0,0
2026-05-02,late,S20,D,Saturday,0,2,2,0,0,2,0.151,1.0,0
2026-05-02,late,S21,D,Saturday,0,2,2,0,0,2,0.151,1.0,0
2026-05-02,late,S22,D,Saturday,0,3,2,0,0,2,0.151,1.0,0
2026-05-02,late,S23,D,Saturday,0,2,2,0,0,2,0.151,1.0,0
2026-05-02,late,S24,D,Saturday,0,3,3,0,0,2,0.151,1.0,0
2026-04-27,night,S01,A,Monday,0,3,1,0,0,2,0.141,0.5,0
2026-04-27,night,S02,A,Monday,0,2,2,0,0,2,0.141,0.5,0
2026-04-27,night,S03,A,Monday,0,2,3,0,0,2,0.141,0.5,0
2026-04-27,night,S04,A,Monday,0,3,1,0,0,2,0.141,0.5,0
2026-04-27,night,S05,A,Monday,0,2,3,0,0,2,0.141,0.5,0
2026-04-27,night,S06,A,Monday,0,2,2,0,0,2,0.141,0.5,0
2026-04-27,night,S07,B,Monday,0,2,1,0,0,2,0.198,0.5,0
2026-04-27,night,S08,B,Monday,0,2,2,0,0,2,0.198,0.5,0
2026-04-27,night,S09,B,Monday,0,2,3,0,0,2,0.198,0.5,0
2026-04-27,night,S10,B,Monday,0,2,3,0,0,2,0.198,0.5,0
2026-04-27,night,S11,B,Monday,0,2,1,0,0,2,0.198,0.5,0
2026-04-27,night,S12,B,Monday,0,3,1,0,0,2,0.198,0.5,0
2026-04-27,night,S13,C,Monday,0,2,2,0,0,2,0.13,0.5,0
2026-04-27,night,S14,C,Monday,0,2,3,0,0,2,0.13,0.5,0
2026-04-27,night,S15,C,Monday,1,2,2,0,0,2,0.13,0.5,0
2026-04-27,night,S16,C,Monday,0,2,2,0,0,2,0.13,0.5,0
2026-04-27,night,S17,C,Monday,0,2,0,0,0,2,0.13,0.5,0
2026-04-27,night,S18,C,Monday,1,2,0,0,0,2,0.13,0.5,0
2026-04-27,night,S19,D,Monday,0,3,1,0,0,2,0.156,0.5,0
2026-04-27,night,S20,D,Monday,0,3,2,0,0,2,0.156,0.5,0
2026-04-27,night,S21,D,Monday,0,2,1,0,0,2,0.156,0.5,0
2026-04-27,night,S22,D,Monday,0,3,1,0,0,2,0.156,0.5,0
2026-04-27,night,S23,D,Monday,0,2,2,0,0,2,0.156,0.5,0
2026-04-27,night,S24,D,Monday,0,2,1,0,0,2,0.156,0.5,0
2026-04-28,night,S01,A,Tuesday,0,3,1,0,0,2,0.141,0.5,0
2026-04-28,night,S02,A,Tuesday,0,2,2,0,0,2,0.141,0.5,0
2026-04-28,night,S03,A,Tuesday,0,2,3,0,0,2,0.141,0.5,0
2026-04-28,night,S04,A,Tuesday,0,3,1,0,0,2,0.141,0.5,0
2026-04-28,night,S05,A,Tuesday,0,2,3,0,0,2,0.141,0.5,0
2026-04-28,night,S06,A,Tuesday,0,2,2,0,0,2,0.141,0.5,0
2026-04-28,night,S07,B,Tuesday,0,2,1,0,0,2,0.188,0.5,0
2026-04-28,night,S08,B,Tuesday,0,2,2,0,0,2,0.188,0.5,0
2026-04-28,night,S09,B,Tuesday,0,2,3,0,0,2,0.188,0.5,0
2026-04-28,night,S10,B,Tuesday,0,2,3,0,0,2,0.188,0.5,0
2026-04-28,night,S11,B,Tuesday,0,2,1,0,0,2,0.188,0.5,0
2026-04-28,night,S12,B,Tuesday,0,3,1,0,0,2,0.188,0.5,0
2026-04-28,night,S13,C,Tuesday,0,2,2,0,0,2,0.125,0.5,0
2026-04-28,night,S14,C,Tuesday,0,2,3,0,0,2,0.125,0.5,0
2026-04-28,night,S15,C,Tuesday,1,2,2,0,0,2,0.125,0.5,0
2026-04-28,night,S16,C,Tuesday,0,2,2,0,0,2,0.125,0.5,0
2026-04-28,night,S17,C,Tuesday,0,2,0,0,0,2,0.125,0.5,0
2026-04-28,night,S18,C,Tuesday,1,2,0,0,0,2,0.125,0.5,1
2026-04-28,night,S19,D,Tuesday,0,3,1,0,0,2,0.156,0.5,0
2026-04-28,night,S20,D,Tuesday,0,3,2,0,0,2,0.156,0.5,0
2026-04-28,night,S21,D,Tuesday,0,2,1,0,0,2,0.156,0.5,0
2026-04-28,night,S22,D,Tuesday,0,3,1,0,0,2,0.156,0.5,0
2026-04-28,night,S23,D,Tuesday,0,2,2,0,0,2,0.156,0.5,0
2026-04-28,night,S24,D,Tuesday,0,2,1,0,0,2,0.156,0.5,0
2026-04-29,night,S01,A,Wednesday,0,3,1,0,0,2,0.135,0.5,0
2026-04-29,night,S02,A,Wednesday,0,2,2,0,0,2,0.135,0.5,0
2026-04-29,night,S03,A,Wednesday,0,2,3,0,0,2,0.135,0.5,0
2026-04-29,night,S04,A,Wednesday,0,3,1,0,0,2,0.135,0.5,0
2026-04-29,night,S05,A,Wednesday,0,2,3,0,0,2,0.135,0.5,0
2026-04-29,night,S06,A,Wednesday,0,2,2,0,0,2,0.135,0.5,0
2026-04-29,night,S07,B,Wednesday,0,2,1,0,0,2,0.188,0.5,0
2026-04-29,night,S08,B,Wednesday,0,2,2,0,0,2,0.188,0.5,0
2026-04-29,night,S09,B,Wednesday,0,2,3,0,0,2,0.188,0.5,0
2026-04-29,night,S10,B,Wednesday,0,2,3,0,0,2,0.188,0.5,0
2026-04-29,night,S11,B,Wednesday,0,2,1,0,0,2,0.188,0.5,0
2026-04-29,night,S12,B,Wednesday,0,3,1,0,0,2,0.188,0.5,0
2026-04-29,night,S13,C,Wednesday,0,2,2,0,0,2,0.12,0.5,0
2026-04-29,night,S14,C,Wednesday,0,2,3,0,0,2,0.12,0.5,0
2026-04-29,night,S15,C,Wednesday,1,2,2,0,0,2,0.12,0.5,0
2026-04-29,night,S16,C,Wednesday,0,2,2,0,0,2,0.12,0.5,0
2026-04-29,night,S17,C,Wednesday,0,2,0,0,0,2,0.12,0.5,0
2026-04-29,night,S18,C,Wednesday,1,2,0,0,0,2,0.12,0.5,0
2026-04-29,night,S19,D,Wednesday,0,3,1,0,0,2,0.161,0.5,0
2026-04-29,night,S20,D,Wednesday,0,3,2,0,0,2,0.161,0.5,0
2026-04-29,night,S21,D,Wednesday,0,2,1,0,0,2,0.161,0.5,0
2026-04-29,night,S22,D,Wednesday,0,3,1,0,0,2,0.161,0.5,0
2026-04-29,night,S23,D,Wednesday,0,2,2,0,0,2,0.161,0.5,0
2026-04-29,night,S24,D,Wednesday,0,2,1,0,0,2,0.161,0.5,0
2026-04-30,night,S01,A,Thursday,0,3,1,0,0,2,0.141,0.5,0
2026-04-30,night,S02,A,Thursday,0,2,2,0,0,2,0.141,0.5,0
2026-04-30,night,S03,A,Thursday,0,2,3,0,0,2,0.141,0.5,0
2026-04-30,night,S04,A,Thursday,0,3,1,0,0,2,0.141,0.5,0
2026-04-30,night,S05,A,Thursday,0,2,3,0,0,2,0.141,0.5,0
2026-04-30,night,S06,A,Thursday,0,2,2,0,0,2,0.141,0.5,0
2026-04-30,night,S07,B,Thursday,0,2,1,0,0,2,0.188,0.5,0
2026-04-30,night,S08,B,Thursday,0,2,2,0,0,2,0.188,0.5,0
2026-04-30,night,S09,B,Thursday,0,2,3,0,0,2,0.188,0.5,0
2026-04-30,night,S10,B,Thursday,0,2,3,0,0,2,0.188,0.5,0
2026-04-30,night,S11,B,Thursday,0,2,1,0,0,2,0.188,0.5,0
2026-04-30,night,S12,B,Thursday,0,3,1,0,0,2,0.188,0.5,0
2026-04-30,night,S13,C,Thursday,0,2,2,0,0,2,0.115,0.5,0
2026-04-30,night,S14,C,Thursday,0,2,3,0,0,2,0.115,0.5,0
2026-04-30,night,S15,C,Thursday,1,2,2,0,0,2,0.115,0.5,0
2026-04-30,night,S16,C,Thursday,0,2,2,0,0,2,0.115,0.5,0
2026-04-30,night,S17,C,Thursday,0,2,0,0,0,2,0.115,0.5,0
2026-04-30,night,S18,C,Thursday,1,2,0,0,0,2,0.115,0.5,0
2026-04-30,night,S19,D,Thursday,0,3,1,0,0,2,0.161,0.5,0
2026-04-30,night,S20,D,Thursday,0,3,2,0,0,2,0.161,0.5,0
2026-04-30,night,S21,D,Thursday,0,2,1,0,0,2,0.161,0.5,0
2026-04-30,night,S22,D,Thursday,0,3,1,0,0,2,0.161,0.5,0
2026-04-30,night,S23,D,Thursday,0,2,2,0,0,2,0.161,0.5,0
2026-04-30,night,S24,D,Thursday,0,2,1,0,0,2,0.161,0.5,0
2026-05-01,night,S01,A,Friday,0,3,1,0,0,2,0.141,0.5,0
2026-05-01,night,S02,A,Friday,0,2,2,0,0,2,0.141,0.5,0
2026-05-01,night,S03,A,Friday,0,2,3,0,0,2,0.141,0.5,0
2026-05-01,night,S04,A,Friday,0,3,1,0,0,2,0.141,0.5,0
2026-05-01,night,S05,A,Friday,0,2,3,0,0,2,0.141,0.5,0
2026-05-01,night,S06,A,Friday,0,2,2,0,0,2,0.141,0.5,0
2026-05-01,night,S07,B,Friday,0,2,1,0,0,2,0.188,0.5,0
2026-05-01,night,S08,B,Friday,0,2,2,0,0,2,0.188,0.5,0
2026-05-01,night,S09,B,Friday,0,2,3,0,0,2,0.188,0.5,0
2026-05-01,night,S10,B,Friday,0,2,3,0,0,2,0.188,0.5,0
2026-05-01,night,S11,B,Friday,0,2,1,0,0,2,0.188,0.5,0
2026-05-01,night,S12,B,Friday,0,3,1,0,0,2,0.188,0.5,0
2026-05-01,night,S13,C,Friday,0,2,2,0,0,2,0.12,0.5,0
2026-05-01,night,S14,C,Friday,0,2,3,0,0,2,0.12,0.5,0
2026-05-01,night,S15,C,Friday,1,2,2,0,0,2,0.12,0.5,0
2026-05-01,night,S16,C,Friday,0,2,2,0,0,2,0.12,0.5,0
2026-05-01,night,S17,C,Friday,0,2,0,0,0,2,0.12,0.5,0
2026-05-01,night,S18,C,Friday,1,2,0,0,0,2,0.12,0.5,0
2026-05-01,night,S19,D,Friday,0,3,1,0,0,2,0.156,0.5,0
2026-05-01,night,S20,D,Friday,0,3,2,0,0,2,0.156,0.5,0
2026-05-01,night,S21,D,Friday,0,2,1,0,0,2,0.156,0.5,0
2026-05-01,night,S22,D,Friday,0,3,1,0,0,2,0.156,0.5,0
2026-05-01,night,S23,D,Friday,0,2,2,0,0,2,0.156,0.5,0
2026-05-01,night,S24,D,Friday,0,2,1,0,0,2,0.156,0.5,0
2026-05-02,night,S01,A,Saturday,0,3,1,0,0,2,0.151,0.5,0
2026-05-02,night,S02,A,Saturday,0,2,2,0,0,2,0.151,0.5,0
2026-05-02,night,S03,A,Saturday,0,2,3,0,0,2,0.151,0.5,0
2026-05-02,night,S04,A,Saturday,0,3,1,0,0,2,0.151,0.5,0
2026-05-02,night,S05,A,Saturday,0,2,3,0,0,2,0.151,0.5,0
2026-05-02,night,S06,A,Saturday,0,2,2,0,0,2,0.151,0.5,0
2026-05-02,night,S07,B,Saturday,0,2,1,0,0,2,0.172,0.5,0
2026-05-02,night,S08,B,Saturday,0,2,2,0,0,2,0.172,0.5,0
2026-05-02,night,S09,B,Saturday,0,2,3,0,0,2,0.172,0.5,0
2026-05-02,night,S10,B,Saturday,0,2,3,0,0,2,0.172,0.5,0
2026-05-02,night,S11,B,Saturday,0,2,1,0,0,2,0.172,0.5,0
2026-05-02,night,S12,B,Saturday,0,3,1,0,0,2,0.172,0.5,0
2026-05-02,night,S13,C,Saturday,0,2,2,0,0,2,0.125,0.5,0
2026-05-02,night,S14,C,Saturday,0,2,3,0,0,2,0.125,0.5,0
2026-05-02,night,S15,C,Saturday,1,2,2,0,0,2,0.125,0.5,0
2026-05-02,night,S16,C,Saturday,0,2,2,0,0,2,0.125,0.5,0
2026-05-02,night,S17,C,Saturday,0,2,0,0,0,2,0.125,0.5,0
2026-05-02,night,S18,C,Saturday,1,2,0,0,0,2,0.125,0.5,0
2026-05-02,night,S19,D,Saturday,0,3,1,0,0,2,0.146,0.5,0
2026-05-02,night,S20,D,Saturday,0,3,2,0,0,2,0.146,0.5,0
2026-05-02,night,S21,D,Saturday,0,2,1,0,0,2,0.146,0.5,0
2026-05-02,night,S22,D,Saturday,0,3,1,0,0,2,0.146,0.5,0
2026-05-02,night,S23,D,Saturday,0,2,2,0,0,2,0.146,0.5,0
2026-05-02,night,S24,D,Saturday,0,2,1,0,0,2,0.146,0.5,0
2026-05-04,early,S01,A,Monday,0,2,0,0,1,2,0.146,0.3,0
2026-05-04,early,S02,A,Monday,0,2,2,0,1,2,0.146,0.3,1
2026-05-04,early,S03,A,Monday,0,2,2,0,1,2,0.146,0.3,0
2026-05-04,early,S04,A,Monday,0,2,1,0,1,2,0.146,0.3,0
2026-05-04,early,S05,A,Monday,0,2,2,0,1,2,0.146,0.3,0
2026-05-04,early,S06,A,Monday,0,2,1,0,1,2,0.146,0.3,0
2026-05-04,early,S07,B,Monday,0,2,3,0,1,2,0.141,0.3,0
2026-05-04,early,S08,B,Monday,0,2,2,0,1,2,0.141,0.3,0
2026-05-04,early,S09,B,Monday,0,2,2,0,1,2,0.141,0.3,0
2026-05-04,early,S10,B,Monday,0,2,2,0,1,2,0.141,0.3,0
2026-05-04,early,S11,B,Monday,0,3,1,0,1,2,0.141,0.3,0
2026-05-04,early,S12,B,Monday,0,2,1,0,1,2,0.141,0.3,0
2026-05-04,early,S13,C,Monday,0,3,2,0,1,2,0.12,0.3,0
2026-05-04,early,S14,C,Monday,0,2,1,0,1,2,0.12,0.3,0
2026-05-04,early,S15,C,Monday,1,3,2,0,1,2,0.12,0.3,0
2026-05-04,early,S16,C,Monday,0,2,1,0,1,2,0.12,0.3,1
2026-05-04,early,S17,C,Monday,0,2,1,0,1,2,0.12,0.3,0
2026-05-04,early,S18,C,Monday,1,2,3,0,1,2,0.12,0.3,0
2026-05-04,early,S19,D,Monday,0,2,3,1,1,2,0.115,0.3,0
2026-05-04,early,S20,D,Monday,0,3,2,1,1,2,0.115,0.3,0
2026-05-04,early,S21,D,Monday,0,2,1,1,1,2,0.115,0.3,0
2026-05-04,early,S22,D,Monday,0,2,2,1,1,2,0.115,0.3,0
2026-05-04,early,S23,D,Monday,0,1,1,1,1,2,0.115,0.3,0
2026-05-04,early,S24,D,Monday,0,2,2,1,1,2,0.115,0.3,0
2026-05-05,early,S01,A,Tuesday,0,2,0,0,1,2,0.151,0.3,0
2026-05-05,early,S02,A,Tuesday,0,2,2,0,1,2,0.151,0.3,0
2026-05-05,early,S03,A,Tuesday,0,2,2,0,1,2,0.151,0.3,0
2026-05-05,early,S04,A,Tuesday,0,2,1,0,1,2,0.151,0.3,0
2026-05-05,early,S05,A,Tuesday,0,2,2,0,1,2,0.151,0.3,0
2026-05-05,early,S06,A,Tuesday,0,2,1,0,1,2,0.151,0.3,0
2026-05-05,early,S07,B,Tuesday,0,2,3,0,1,2,0.141,0.3,0
2026-05-05,early,S08,B,Tuesday,0,2,2,0,1,2,0.141,0.3,0
2026-05-05,early,S09,B,Tuesday,0,2,2,0,1,2,0.141,0.3,0
2026-05-05,early,S10,B,Tuesday,0,2,2,0,1,2,0.141,0.3,0
2026-05-05,early,S11,B,Tuesday,0,3,1,0,1,2,0.141,0.3,0
2026-05-05,early,S12,B,Tuesday,0,2,1,0,1,2,0.141,0.3,0
2026-05-05,early,S13,C,Tuesday,0,3,2,0,1,2,0.125,0.3,0
2026-05-05,early,S14,C,Tuesday,0,2,1,0,1,2,0.125,0.3,0
2026-05-05,early,S15,C,Tuesday,1,3,2,0,1,2,0.125,0.3,0
2026-05-05,early,S16,C,Tuesday,0,2,1,0,1,2,0.125,0.3,0
2026-05-05,early,S17,C,Tuesday,0,2,1,0,1,2,0.125,0.3,0
2026-05-05,early,S18,C,Tuesday,1,2,3,0,1,2,0.125,0.3,0
2026-05-05,early,S19,D,Tuesday,0,2,3,1,1,2,0.109,0.3,0
2026-05-05,early,S20,D,Tuesday,0,3,2,1,1,2,0.109,0.3,0
2026-05-05,early,S21,D,Tuesday,0,2,1,1,1,2,0.109,0.3,0
2026-05-05,early,S22,D,Tuesday,0,2,2,1,1,2,0.109,0.3,0
2026-05-05,early,S23,D,Tuesday,0,1,1,1,1,2,0.109,0.3,0
2026-05-05,early,S24,D,Tuesday,0,2,2,1,1,2,0.109,0.3,0
2026-05-06,early,S01,A,Wednesday,0,2,0,0,1,2,0.135,0.3,0
2026-05-06,early,S02,A,Wednesday,0,2,2,0,1,2,0.135,0.3,0
2026-05-06,early,S03,A,Wednesday,0,2,2,0,1,2,0.135,0.3,0
2026-05-06,early,S04,A,Wednesday,0,2,1,0,1,2,0.135,0.3,0
2026-05-06,early,S05,A,Wednesday,0,2,2,0,1,2,0.135,0.3,0
2026-05-06,early,S06,A,Wednesday,0,2,1,0,1,2,0.135,0.3,0
2026-05-06,early,S07,B,Wednesday,0,2,3,0,1,2,0.141,0.3,0
2026-05-06,early,S08,B,Wednesday,0,2,2,0,1,2,0.141,0.3,0
2026-05-06,early,S09,B,Wednesday,0,2,2,0,1,2,0.141,0.3,0
2026-05-06,early,S10,B,Wednesday,0,2,2,0,1,2,0.141,0.3,0
2026-05-06,early,S11,B,Wednesday,0,3,1,0,1,2,0.141,0.3,0
2026-05-06,early,S12,B,Wednesday,0,2,1,0,1,2,0.141,0.3,0
2026-05-06,early,S13,C,Wednesday,0,3,2,0,1,2,0.13,0.3,0
2026-05-06,early,S14,C,Wednesday,0,2,1,0,1,2,0.13,0.3,0
2026-05-06,early,S15,C,Wednesday,1,3,2,0,1,2,0.13,0.3,0
2026-05-06,early,S16,C,Wednesday,0,2,1,0,1,2,0.13,0.3,0
2026-05-06,early,S17,C,Wednesday,0,2,1,0,1,2,0.13,0.3,0
2026-05-06,early,S18,C,Wednesday,1,2,3,0,1,2,0.13,0.3,0
2026-05-06,early,S19,D,Wednesday,0,2,3,1,1,2,0.104,0.3,0
2026-05-06,early,S20,D,Wednesday,0,3,2,1,1,2,0.104,0.3,0
2026-05-06,early,S21,D,Wednesday,0,2,1,1,1,2,0.104,0.3,0
2026-05-06,early,S22,D,Wednesday,0,2,2,1,1,2,0.104,0.3,0
2026-05-06,early,S23,D,Wednesday,0,1,1,1,1,2,0.104,0.3,0
2026-05-06,early,S24,D,Wednesday,0,2,2,1,1,2,0.104,0.3,0
2026-05-07,early,S01,A,Thursday,0,2,0,0,1,2,0.135,0.3,0
2026-05-07,early,S02,A,Thursday,0,2,2,0,1,2,0.135,0.3,0
2026-05-07,early,S03,A,Thursday,0,2,2,0,1,2,0.135,0.3,0
2026-05-07,early,S04,A,Thursday,0,2,1,0,1,2,0.135,0.3,1
2026-05-07,early,S05,A,Thursday,0,2,2,0,1,2,0.135,0.3,0
2026-05-07,early,S06,A,Thursday,0,2,1,0,1,2,0.135,0.3,0
2026-05-07,early,S07,B,Thursday,0,2,3,0,1,2,0.141,0.3,0
2026-05-07,early,S08,B,Thursday,0,2,2,0,1,2,0.141,0.3,0
2026-05-07,early,S09,B,Thursday,0,2,2,0,1,2,0.141,0.3,0
2026-05-07,early,S10,B,Thursday,0,2,2,0,1,2,0.141,0.3,0
2026-05-07,early,S11,B,Thursday,0,3,1,0,1,2,0.141,0.3,0
2026-05-07,early,S12,B,Thursday,0,2,1,0,1,2,0.141,0.3,0
2026-05-07,early,S13,C,Thursday,0,3,2,0,1,2,0.13,0.3,0
2026-05-07,early,S14,C,Thursday,0,2,1,0,1,2,0.13,0.3,0
2026-05-07,early,S15,C,Thursday,1,3,2,0,1,2,0.13,0.3,0
2026-05-07,early,S16,C,Thursday,0,2,1,0,1,2,0.13,0.3,0
2026-05-07,early,S17,C,Thursday,0,2,1,0,1,2,0.13,0.3,0
2026-05-07,early,S18,C,Thursday,1,2,3,0,1,2,0.13,0.3,0
2026-05-07,early,S19,D,Thursday,0,2,3,1,1,2,0.099,0.3,0
2026-05-07,early,S20,D,Thursday,0,3,2,1,1,2,0.099,0.3,0
2026-05-07,early,S21,D,Thursday,0,2,1,1,1,2,0.099,0.3,0
2026-05-07,early,S22,D,Thursday,0,2,2,1,1,2,0.099,0.3,0
2026-05-07,early,S23,D,Thursday,0,1,1,1,1,2,0.099,0.3,0
2026-05-07,early,S24,D,Thursday,0,2,2,1,1,2,0.099,0.3,0
2026-05-08,early,S01,A,Friday,0,2,0,0,1,2,0.146,0.3,0
2026-05-08,early,S02,A,Friday,0,2,2,0,1,2,0.146,0.3,0
2026-05-08,early,S03,A,Friday,0,2,2,0,1,2,0.146,0.3,0
2026-05-08,early,S04,A,Friday,0,2,1,0,1,2,0.146,0.3,0
2026-05-08,early,S05,A,Friday,0,2,2,0,1,2,0.146,0.3,0
2026-05-08,early,S06,A,Friday,0,2,1,0,1,2,0.146,0.3,0
2026-05-08,early,S07,B,Friday,0,2,3,0,1,2,0.141,0.3,0
2026-05-08,early,S08,B,Friday,0,2,2,0,1,2,0.141,0.3,0
2026-05-08,early,S09,B,Friday,0,2,2,0,1,2,0.141,0.3,0
2026-05-08,early,S10,B,Friday,0,2,2,0,1,2,0.141,0.3,0
2026-05-08,early,S11,B,Friday,0,3,1,0,1,2,0.141,0.3,0
2026-05-08,early,S12,B,Friday,0,2,1,0,1,2,0.141,0.3,0
2026-05-08,early,S13,C,Friday,0,3,2,0,1,2,0.125,0.3,0
2026-05-08,early,S14,C,Friday,0,2,1,0,1,2,0.125,0.3,0
2026-05-08,early,S15,C,Friday,1,3,2,0,1,2,0.125,0.3,0
2026-05-08,early,S16,C,Friday,0,2,1,0,1,2,0.125,0.3,0
2026-05-08,early,S17,C,Friday,0,2,1,0,1,2,0.125,0.3,0
2026-05-08,early,S18,C,Friday,1,2,3,0,1,2,0.125,0.3,0
2026-05-08,early,S19,D,Friday,0,2,3,1,1,2,0.094,0.3,0
2026-05-08,early,S20,D,Friday,0,3,2,1,1,2,0.094,0.3,0
2026-05-08,early,S21,D,Friday,0,2,1,1,1,2,0.094,0.3,0
2026-05-08,early,S22,D,Friday,0,2,2,1,1,2,0.094,0.3,0
2026-05-08,early,S23,D,Friday,0,1,1,1,1,2,0.094,0.3,1
2026-05-08,early,S24,D,Friday,0,2,2,1,1,2,0.094,0.3,0
2026-05-09,early,S01,A,Saturday,0,2,0,0,1,2,0.151,0.3,0
2026-05-09,early,S02,A,Saturday,0,2,2,0,1,2,0.151,0.3,0
2026-05-09,early,S03,A,Saturday,0,2,2,0,1,2,0.151,0.3,0
2026-05-09,early,S04,A,Saturday,0,2,1,0,1,2,0.151,0.3,0
2026-05-09,early,S05,A,Saturday,0,2,2,0,1,2,0.151,0.3,0
2026-05-09,early,S06,A,Saturday,0,2,1,0,1,2,0.151,0.3,0
2026-05-09,early,S07,B,Saturday,0,2,3,0,1,2,0.135,0.3,0
2026-05-09,early,S08,B,Saturday,0,2,2,0,1,2,0.135,0.3,0
2026-05-09,early,S09,B,Saturday,0,2,2,0,1,2,0.135,0.3,0
2026-05-09,early,S10,B,Saturday,0,2,2,0,1,2,0.135,0.3,0
2026-05-09,early,S11,B,Saturday,0,3,1,0,1,2,0.135,0.3,0
2026-05-09,early,S12,B,Saturday,0,2,1,0,1,2,0.135,0.3,0
2026-05-09,early,S13,C,Saturday,0,3,2,0,1,2,0.135,0.3,0
2026-05-09,early,S14,C,Saturday,0,2,1,0,1,2,0.135,0.3,0
2026-05-09,early,S15,C,Saturday,1,3,2,0,1,2,0.135,0.3,0
2026-05-09,early,S16,C,Saturday,0,2,1,0,1,2,0.135,0.3,0
2026-05-09,early,S17,C,Saturday,0,2,1,0,1,2,0.135,0.3,0
2026-05-09,early,S18,C,Saturday,1,2,3,0,1,2,0.135,0.3,0
2026-05-09,early,S19,D,Saturday,0,2,3,1,1,2,0.078,0.3,0
2026-05-09,early,S20,D,Saturday,0,3,2,1,1,2,0.078,0.3,0
2026-05-09,early,S21,D,Saturday,0,2,1,1,1,2,0.078,0.3,0
2026-05-09,early,S22,D,Saturday,0,2,2,1,1,2,0.078,0.3,0
2026-05-09,early,S23,D,Saturday,0,1,1,1,1,2,0.078,0.3,0
2026-05-09,early,S24,D,Saturday,0,2,2,1,1,2,0.078,0.3,0
2026-05-04,late,S01,A,Monday,0,3,2,0,0,2,0.141,0.0,0
2026-05-04,late,S02,A,Monday,0,2,2,0,0,2,0.141,0.0,0
2026-05-04,late,S03,A,Monday,0,2,3,0,0,2,0.141,0.0,0
2026-05-04,late,S04,A,Monday,0,3,1,0,0,2,0.141,0.0,0
2026-05-04,late,S05,A,Monday,0,3,3,0,0,2,0.141,0.0,0
2026-05-04,late,S06,A,Monday,0,2,0,0,0,2,0.141,0.0,0
2026-05-04,late,S07,B,Monday,0,3,2,0,0,2,0.125,0.0,0
2026-05-04,late,S08,B,Monday,0,2,1,0,0,2,0.125,0.0,0
2026-05-04,late,S09,B,Monday,0,3,1,0,0,2,0.125,0.0,0
2026-05-04,late,S10,B,Monday,0,2,1,0,0,2,0.125,0.0,0
2026-05-04,late,S11,B,Monday,0,2,2,0,0,2,0.125,0.0,0
2026-05-04,late,S12,B,Monday,0,2,1,0,0,2,0.125,0.0,0
2026-05-04,late,S13,C,Monday,0,2,1,0,0,2,0.177,0.0,0
2026-05-04,late,S14,C,Monday,0,2,2,0,0,2,0.177,0.0,0
2026-05-04,late,S15,C,Monday,1,2,2,0,0,2,0.177,0.0,0
2026-05-04,late,S16,C,Monday,0,2,2,0,0,2,0.177,0.0,0
2026-05-04,late,S17,C,Monday,0,3,2,0,0,2,0.177,0.0,0
2026-05-04,late,S18,C,Monday,1,2,0,0,0,2,0.177,0.0,0
2026-05-04,late,S19,D,Monday,0,2,1,0,0,2,0.156,0.0,0
2026-05-04,late,S20,D,Monday,0,2,2,0,0,2,0.156,0.0,0
2026-05-04,late,S21,D,Monday,0,2,2,0,0,2,0.156,0.0,0
2026-05-04,late,S22,D,Monday,0,3,2,0,0,2,0.156,0.0,0
2026-05-04,late,S23,D,Monday,0,2,2,0,0,2,0.156,0.0,0
2026-05-04,late,S24,D,Monday,0,3,3,0,0,2,0.156,0.0,0
2026-05-05,late,S01,A,Tuesday,0,3,2,0,0,2,0.135,0.0,0
2026-05-05,late,S02,A,Tuesday,0,2,2,0,0,2,0.135,0.0,0
2026-05-05,late,S03,A,Tuesday,0,2,3,0,0,2,0.135,0.0,0
2026-05-05,late,S04,A,Tuesday,0,3,1,0,0,2,0.135,0.0,0
2026-05-05,late,S05,A,Tuesday,0,3,3,0,0,2,0.135,0.0,0
2026-05-05,late,S06,A,Tuesday,0,2,0,0,0,2,0.135,0.0,0
2026-05-05,late,S07,B,Tuesday,0,3,2,0,0,2,0.125,0.0,0
2026-05-05,late,S08,B,Tuesday,0,2,1,0,0,2,0.125,0.0,0
2026-05-05,late,S09,B,Tuesday,0,3,1,0,0,2,0.125,0.0,0
2026-05-05,late,S10,B,Tuesday,0,2,1,0,0,2,0.125,0.0,0
2026-05-05,late,S11,B,Tuesday,0,2,2,0,0,2,0.125,0.0,0
2026-05-05,late,S12,B,Tuesday,0,2,1,0,0,2,0.125,0.0,0
2026-05-05,late,S13,C,Tuesday,0,2,1,0,0,2,0.161,0.0,0
2026-05-05,late,S14,C,Tuesday,0,2,2,0,0,2,0.161,0.0,0
2026-05-05,late,S15,C,Tuesday,1,2,2,0,0,2,0.161,0.0,0
2026-05-05,late,S16,C,Tuesday,0,2,2,0,0,2,0.161,0.0,0
2026-05-05,late,S17,C,Tuesday,0,3,2,0,0,2,0.161,0.0,0
2026-05-05,late,S18,C,Tuesday,1,2,0,0,0,2,0.161,0.0,0
2026-05-05,late,S19,D,Tuesday,0,2,1,0,0,2,0.151,0.0,0
2026-05-05,late,S20,D,Tuesday,0,2,2,0,0,2,0.151,0.0,0
2026-05-05,late,S21,D,Tuesday,0,2,2,0,0,2,0.151,0.0,0
2026-05-05,late,S22,D,Tuesday,0,3,2,0,0,2,0.151,0.0,0
2026-05-05,late,S23,D,Tuesday,0,2,2,0,0,2,0.151,0.0,0
2026-05-05,late,S24,D,Tuesday,0,3,3,0,0,2,0.151,0.0,0
2026-05-06,late,S01,A,Wednesday,0,3,2,0,0,2,0.12,0.0,0
2026-05-06,late,S02,A,Wednesday,0,2,2,0,0,2,0.12,0.0,0
2026-05-06,late,S03,A,Wednesday,0,2,3,0,0,2,0.12,0.0,0
2026-05-06,late,S04,A,Wednesday,0,3,1,0,0,2,0.12,0.0,0
2026-05-06,late,S05,A,Wednesday,0,3,3,0,0,2,0.12,0.0,0
2026-05-06,late,S06,A,Wednesday,0,2,0,0,0,2,0.12,0.0,0
2026-05-06,late,S07,B,Wednesday,0,3,2,0,0,2,0.125,0.0,0
2026-05-06,late,S08,B,Wednesday,0,2,1,0,0,2,0.125,0.0,0
2026-05-06,late,S09,B,Wednesday,0,3,1,0,0,2,0.125,0.0,0
2026-05-06,late,S10,B,Wednesday,0,2,1,0,0,2,0.125,0.0,0
2026-05-06,late,S11,B,Wednesday,0,2,2,0,0,2,0.125,0.0,0
2026-05-06,late,S12,B,Wednesday,0,2,1,0,0,2,0.125,0.0,0
2026-05-06,late,S13,C,Wednesday,0,2,1,0,0,2,0.141,0.0,0
2026-05-06,late,S14,C,Wednesday,0,2,2,0,0,2,0.141,0.0,0
2026-05-06,late,S15,C,Wednesday,1,2,2,0,0,2,0.141,0.0,0
2026-05-06,late,S16,C,Wednesday,0,2,2,0,0,2,0.141,0.0,0
2026-05-06,late,S17,C,Wednesday,0,3,2,0,0,2,0.141,0.0,0
2026-05-06,late,S18,C,Wednesday,1,2,0,0,0,2,0.141,0.0,0
2026-05-06,late,S19,D,Wednesday,0,2,1,0,0,2,0.146,0.0,0
2026-05-06,late,S20,D,Wednesday,0,2,2,0,0,2,0.146,0.0,0
2026-05-06,late,S21,D,Wednesday,0,2,2,0,0,2,0.146,0.0,0
2026-05-06,late,S22,D,Wednesday,0,3,2,0,0,2,0.146,0.0,0
2026-05-06,late,S23,D,Wednesday,0,2,2,0,0,2,0.146,0.0,0
2026-05-06,late,S24,D,Wednesday,0,3,3,0,0,2,0.146,0.0,0
2026-05-07,late,S01,A,Thursday,0,3,2,0,0,2,0.125,0.0,0
2026-05-07,late,S02,A,Thursday,0,2,2,0,0,2,0.125,0.0,0
2026-05-07,late,S03,A,Thursday,0,2,3,0,0,2,0.125,0.0,0
2026-05-07,late,S04,A,Thursday,0,3,1,0,0,2,0.125,0.0,0
2026-05-07,late,S05,A,Thursday,0,3,3,0,0,2,0.125,0.0,0
2026-05-07,late,S06,A,Thursday,0,2,0,0,0,2,0.125,0.0,0
2026-05-07,late,S07,B,Thursday,0,3,2,0,0,2,0.115,0.0,0
2026-05-07,late,S08,B,Thursday,0,2,1,0,0,2,0.115,0.0,0
2026-05-07,late,S09,B,Thursday,0,3,1,0,0,2,0.115,0.0,0
2026-05-07,late,S10,B,Thursday,0,2,1,0,0,2,0.115,0.0,0
2026-05-07,late,S11,B,Thursday,0,2,2,0,0,2,0.115,0.0,0
2026-05-07,late,S12,B,Thursday,0,2,1,0,0,2,0.115,0.0,0
2026-05-07,late,S13,C,Thursday,0,2,1,0,0,2,0.141,0.0,0
2026-05-07,late,S14,C,Thursday,0,2,2,0,0,2,0.141,0.0,0
2026-05-07,late,S15,C,Thursday,1,2,2,0,0,2,0.141,0.0,0
2026-05-07,late,S16,C,Thursday,0,2,2,0,0,2,0.141,0.0,0
2026-05-07,late,S17,C,Thursday,0,3,2,0,0,2,0.141,0.0,0
2026-05-07,late,S18,C,Thursday,1,2,0,0,0,2,0.141,0.0,0
2026-05-07,late,S19,D,Thursday,0,2,1,0,0,2,0.146,0.0,0
2026-05-07,late,S20,D,Thursday,0,2,2,0,0,2,0.146,0.0,0
2026-05-07,late,S21,D,Thursday,0,2,2,0,0,2,0.146,0.0,0
2026-05-07,late,S22,D,Thursday,0,3,2,0,0,2,0.146,0.0,1
2026-05-07,late,S23,D,Thursday,0,2,2,0,0,2,0.146,0.0,0
2026-05-07,late,S24,D,Thursday,0,3,3,0,0,2,0.146,0.0,0
2026-05-08,late,S01,A,Friday,0,3,2,0,0,2,0.13,0.0,0
2026-05-08,late,S02,A,Friday,0,2,2,0,0,2,0.13,0.0,0
2026-05-08,late,S03,A,Friday,0,2,3,0,0,2,0.13,0.0,0
2026-05-08,late,S04,A,Friday,0,3,1,0,0,2,0.13,0.0,0
2026-05-08,late,S05,A,Friday,0,3,3,0,0,2,0.13,0.0,0
2026-05-08,late,S06,A,Friday,0,2,0,0,0,2,0.13,0.0,0
2026-05-08,late,S07,B,Friday,0,3,2,0,0,2,0.12,0.0,0
2026-05-08,late,S08,B,Friday,0,2,1,0,0,2,0.12,0.0,0
2026-05-08,late,S09,B,Friday,0,3,1,0,0,2,0.12,0.0,0
2026-05-08,late,S10,B,Friday,0,2,1,0,0,2,0.12,0.0,0
2026-05-08,late,S11,B,Friday,0,2,2,0,0,2,0.12,0.0,0
2026-05-08,late,S12,B,Friday,0,2,1,0,0,2,0.12,0.0,0
2026-05-08,late,S13,C,Friday,0,2,1,0,0,2,0.135,0.0,0
2026-05-08,late,S14,C,Friday,0,2,2,0,0,2,0.135,0.0,0
2026-05-08,late,S15,C,Friday,1,2,2,0,0,2,0.135,0.0,0
2026-05-08,late,S16,C,Friday,0,2,2,0,0,2,0.135,0.0,0
2026-05-08,late,S17,C,Friday,0,3,2,0,0,2,0.135,0.0,0
2026-05-08,late,S18,C,Friday,1,2,0,0,0,2,0.135,0.0,1
2026-05-08,late,S19,D,Friday,0,2,1,0,0,2,0.151,0.0,0
2026-05-08,late,S20,D,Friday,0,2,2,0,0,2,0.151,0.0,0
2026-05-08,late,S21,D,Friday,0,2,2,0,0,2,0.151,0.0,0
2026-05-08,late,S22,D,Friday,0,3,2,0,0,2,0.151,0.0,0
2026-05-08,late,S23,D,Friday,0,2,2,0,0,2,0.151,0.0,1
2026-05-08,late,S24,D,Friday,0,3,3,0,0,2,0.151,0.0,0
2026-05-09,late,S01,A,Saturday,0,3,2,0,0,2,0.135,0.0,0
2026-05-09,late,S02,A,Saturday,0,2,2,0,0,2,0.135,0.0,0
2026-05-09,late,S03,A,Saturday,0,2,3,0,0,2,0.135,0.0,0
2026-05-09,late,S04,A,Saturday,0,3,1,0,0,2,0.135,0.0,0
2026-05-09,late,S05,A,Saturday,0,3,3,0,0,2,0.135,0.0,0
2026-05-09,late,S06,A,Saturday,0,2,0,0,0,2,0.135,0.0,0
2026-05-09,late,S07,B,Saturday,0,3,2,0,0,2,0.109,0.0,0
2026-05-09,late,S08,B,Saturday,0,2,1,0,0,2,0.109,0.0,0
2026-05-09,late,S09,B,Saturday,0,3,1,0,0,2,0.109,0.0,0
2026-05-09,late,S10,B,Saturday,0,2,1,0,0,2,0.109,0.0,0
2026-05-09,late,S11,B,Saturday,0,2,2,0,0,2,0.109,0.0,0
2026-05-09,late,S12,B,Saturday,0,2,1,0,0,2,0.109,0.0,0
2026-05-09,late,S13,C,Saturday,0,2,1,0,0,2,0.141,0.0,0
2026-05-09,late,S14,C,Saturday,0,2,2,0,0,2,0.141,0.0,0
2026-05-09,late,S15,C,Saturday,1,2,2,0,0,2,0.141,0.0,0
2026-05-09,late,S16,C,Saturday,0,2,2,0,0,2,0.141,0.0,0
2026-05-09,late,S17,C,Saturday,0,3,2,0,0,2,0.141,0.0,0
2026-05-09,late,S18,C,Saturday,1,2,0,0,0,2,0.141,0.0,0
2026-05-09,late,S19,D,Saturday,0,2,1,0,0,2,0.141,0.0,0
2026-05-09,late,S20,D,Saturday,0,2,2,0,0,2,0.141,0.0,0
2026-05-09,late,S21,D,Saturday,0,2,2,0,0,2,0.141,0.0,0
2026-05-09,late,S22,D,Saturday,0,3,2,0,0,2,0.141,0.0,0
2026-05-09,late,S23,D,Saturday,0,2,2,0,0,2,0.141,0.0,0
2026-05-09,late,S24,D,Saturday,0,3,3,0,0,2,0.141,0.0,0
2026-05-04,night,S01,A,Monday,0,3,1,0,0,2,0.156,0.0,0
2026-05-04,night,S02,A,Monday,0,2,2,0,0,2,0.156,0.0,0
2026-05-04,night,S03,A,Monday,0,2,3,0,0,2,0.156,0.0,0
2026-05-04,night,S04,A,Monday,0,3,1,0,0,2,0.156,0.0,0
2026-05-04,night,S05,A,Monday,0,2,3,0,0,2,0.156,0.0,0
2026-05-04,night,S06,A,Monday,0,2,2,0,0,2,0.156,0.0,0
2026-05-04,night,S07,B,Monday,0,2,1,0,0,2,0.172,0.0,0
2026-05-04,night,S08,B,Monday,0,2,2,0,0,2,0.172,0.0,0
2026-05-04,night,S09,B,Monday,0,2,3,0,0,2,0.172,0.0,0
2026-05-04,night,S10,B,Monday,0,2,3,0,0,2,0.172,0.0,0
2026-05-04,night,S11,B,Monday,0,2,1,0,0,2,0.172,0.0,0
2026-05-04,night,S12,B,Monday,0,3,1,0,0,2,0.172,0.0,0
2026-05-04,night,S13,C,Monday,0,2,2,0,0,2,0.125,0.0,0
2026-05-04,night,S14,C,Monday,0,2,3,0,0,2,0.125,0.0,0
2026-05-04,night,S15,C,Monday,1,2,2,0,0,2,0.125,0.0,0
2026-05-04,night,S16,C,Monday,0,2,2,0,0,2,0.125,0.0,0
2026-05-04,night,S17,C,Monday,0,2,0,0,0,2,0.125,0.0,0
2026-05-04,night,S18,C,Monday,1,2,0,0,0,2,0.125,0.0,0
2026-05-04,night,S19,D,Monday,0,3,1,0,0,2,0.141,0.0,0
2026-05-04,night,S20,D,Monday,0,3,2,0,0,2,0.141,0.0,0
2026-05-04,night,S21,D,Monday,0,2,1,0,0,2,0.141,0.0,0
2026-05-04,night,S22,D,Monday,0,3,1,0,0,2,0.141,0.0,0
2026-05-04,night,S23,D,Monday,0,2,2,0,0,2,0.141,0.0,0
2026-05-04,night,S24,D,Monday,0,2,1,0,0,2,0.141,0.0,0
2026-05-05,night,S01,A,Tuesday,0,3,1,0,0,2,0.151,0.0,0
2026-05-05,night,S02,A,Tuesday,0,2,2,0,0,2,0.151,0.0,0
2026-05-05,night,S03,A,Tuesday,0,2,3,0,0,2,0.151,0.0,0
2026-05-05,night,S04,A,Tuesday,0,3,1,0,0,2,0.151,0.0,0
2026-05-05,night,S05,A,Tuesday,0,2,3,0,0,2,0.151,0.0,0
2026-05-05,night,S06,A,Tuesday,0,2,2,0,0,2,0.151,0.0,0
2026-05-05,night,S07,B,Tuesday,0,2,1,0,0,2,0.172,0.0,0
2026-05-05,night,S08,B,Tuesday,0,2,2,0,0,2,0.172,0.0,1
2026-05-05,night,S09,B,Tuesday,0,2,3,0,0,2,0.172,0.0,0
2026-05-05,night,S10,B,Tuesday,0,2,3,0,0,2,0.172,0.0,0
2026-05-05,night,S11,B,Tuesday,0,2,1,0,0,2,0.172,0.0,0
2026-05-05,night,S12,B,Tuesday,0,3,1,0,0,2,0.172,0.0,0
2026-05-05,night,S13,C,Tuesday,0,2,2,0,0,2,0.12,0.0,0
2026-05-05,night,S14,C,Tuesday,0,2,3,0,0,2,0.12,0.0,0
2026-05-05,night,S15,C,Tuesday,1,2,2,0,0,2,0.12,0.0,0
2026-05-05,night,S16,C,Tuesday,0,2,2,0,0,2,0.12,0.0,0
2026-05-05,night,S17,C,Tuesday,0,2,0,0,0,2,0.12,0.0,0
2026-05-05,night,S18,C,Tuesday,1,2,0,0,0,2,0.12,0.0,0
2026-05-05,night,S19,D,Tuesday,0,3,1,0,0,2,0.125,0.0,0
2026-05-05,night,S20,D,Tuesday,0,3,2,0,0,2,0.125,0.0,0
2026-05-05,night,S21,D,Tuesday,0,2,1,0,0,2,0.125,0.0,0
2026-05-05,night,S22,D,Tuesday,0,3,1,0,0,2,0.125,0.0,0
2026-05-05,night,S23,D,Tuesday,0,2,2,0,0,2,0.125,0.0,0
2026-05-05,night,S24,D,Tuesday,0,2,1,0,0,2,0.125,0.0,0
2026-05-06,night,S01,A,Wednesday,0,3,1,0,0,2,0.156,0.0,0
2026-05-06,night,S02,A,Wednesday,0,2,2,0,0,2,0.156,0.0,0
2026-05-06,night,S03,A,Wednesday,0,2,3,0,0,2,0.156,0.0,0
2026-05-06,night,S04,A,Wednesday,0,3,1,0,0,2,0.156,0.0,0
2026-05-06,night,S05,A,Wednesday,0,2,3,0,0,2,0.156,0.0,0
2026-05-06,night,S06,A,Wednesday,0,2,2,0,0,2,0.156,0.0,0
2026-05-06,night,S07,B,Wednesday,0,2,1,0,0,2,0.177,0.0,0
2026-05-06,night,S08,B,Wednesday,0,2,2,0,0,2,0.177,0.0,0
2026-05-06,night,S09,B,Wednesday,0,2,3,0,0,2,0.177,0.0,0
2026-05-06,night,S10,B,Wednesday,0,2,3,0,0,2,0.177,0.0,0
2026-05-06,night,S11,B,Wednesday,0,2,1,0,0,2,0.177,0.0,0
2026-05-06,night,S12,B,Wednesday,0,3,1,0,0,2,0.177,0.0,0
2026-05-06,night,S13,C,Wednesday,0,2,2,0,0,2,0.12,0.0,0
2026-05-06,night,S14,C,Wednesday,0,2,3,0,0,2,0.12,0.0,0
2026-05-06,night,S15,C,Wednesday,1,2,2,0,0,2,0.12,0.0,0
2026-05-06,night,S16,C,Wednesday,0,2,2,0,0,2,0.12,0.0,0
2026-05-06,night,S17,C,Wednesday,0,2,0,0,0,2,0.12,0.0,0
2026-05-06,night,S18,C,Wednesday,1,2,0,0,0,2,0.12,0.0,0
2026-05-06,night,S19,D,Wednesday,0,3,1,0,0,2,0.12,0.0,0
2026-05-06,night,S20,D,Wednesday,0,3,2,0,0,2,0.12,0.0,0
2026-05-06,night,S21,D,Wednesday,0,2,1,0,0,2,0.12,0.0,0
2026-05-06,night,S22,D,Wednesday,0,3,1,0,0,2,0.12,0.0,0
2026-05-06,night,S23,D,Wednesday,0,2,2,0,0,2,0.12,0.0,0
2026-05-06,night,S24,D,Wednesday,0,2,1,0,0,2,0.12,0.0,0
2026-05-07,night,S01,A,Thursday,0,3,1,0,0,2,0.161,0.0,0
2026-05-07,night,S02,A,Thursday,0,2,2,0,0,2,0.161,0.0,0
2026-05-07,night,S03,A,Thursday,0,2,3,0,0,2,0.161,0.0,0
2026-05-07,night,S04,A,Thursday,0,3,1,0,0,2,0.161,0.0,0
2026-05-07,night,S05,A,Thursday,0,2,3,0,0,2,0.161,0.0,0
2026-05-07,night,S06,A,Thursday,0,2,2,0,0,2,0.161,0.0,0
2026-05-07,night,S07,B,Thursday,0,2,1,0,0,2,0.177,0.0,0
2026-05-07,night,S08,B,Thursday,0,2,2,0,0,2,0.177,0.0,0
2026-05-07,night,S09,B,Thursday,0,2,3,0,0,2,0.177,0.0,0
2026-05-07,night,S10,B,Thursday,0,2,3,0,0,2,0.177,0.0,0
2026-05-07,night,S11,B,Thursday,0,2,1,0,0,2,0.177,0.0,0
2026-05-07,night,S12,B,Thursday,0,3,1,0,0,2,0.177,0.0,0
2026-05-07,night,S13,C,Thursday,0,2,2,0,0,2,0.104,0.0,0
2026-05-07,night,S14,C,Thursday,0,2,3,0,0,2,0.104,0.0,0
2026-05-07,night,S15,C,Thursday,1,2,2,0,0,2,0.104,0.0,0
2026-05-07,night,S16,C,Thursday,0,2,2,0,0,2,0.104,0.0,0
2026-05-07,night,S17,C,Thursday,0,2,0,0,0,2,0.104,0.0,1
2026-05-07,night,S18,C,Thursday,1,2,0,0,0,2,0.104,0.0,0
2026-05-07,night,S19,D,Thursday,0,3,1,0,0,2,0.12,0.0,0
2026-05-07,night,S20,D,Thursday,0,3,2,0,0,2,0.12,0.0,0
2026-05-07,night,S21,D,Thursday,0,2,1,0,0,2,0.12,0.0,0
2026-05-07,night,S22,D,Thursday,0,3,1,0,0,2,0.12,0.0,0
2026-05-07,night,S23,D,Thursday,0,2,2,0,0,2,0.12,0.0,0
2026-05-07,night,S24,D,Thursday,0,2,1,0,0,2,0.12,0.0,0
2026-05-08,night,S01,A,Friday,0,3,1,0,0,2,0.167,0.0,0
2026-05-08,night,S02,A,Friday,0,2,2,0,0,2,0.167,0.0,0
2026-05-08,night,S03,A,Friday,0,2,3,0,0,2,0.167,0.0,0
2026-05-08,night,S04,A,Friday,0,3,1,0,0,2,0.167,0.0,0
2026-05-08,night,S05,A,Friday,0,2,3,0,0,2,0.167,0.0,0
2026-05-08,night,S06,A,Friday,0,2,2,0,0,2,0.167,0.0,0
2026-05-08,night,S07,B,Friday,0,2,1,0,0,2,0.161,0.0,0
2026-05-08,night,S08,B,Friday,0,2,2,0,0,2,0.161,0.0,0
2026-05-08,night,S09,B,Friday,0,2,3,0,0,2,0.161,0.0,0
2026-05-08,night,S10,B,Friday,0,2,3,0,0,2,0.161,0.0,0
2026-05-08,night,S11,B,Friday,0,2,1,0,0,2,0.161,0.0,1
2026-05-08,night,S12,B,Friday,0,3,1,0,0,2,0.161,0.0,0
2026-05-08,night,S13,C,Friday,0,2,2,0,0,2,0.104,0.0,0
2026-05-08,night,S14,C,Friday,0,2,3,0,0,2,0.104,0.0,0
2026-05-08,night,S15,C,Friday,1,2,2,0,0,2,0.104,0.0,0
2026-05-08,night,S16,C,Friday,0,2,2,0,0,2,0.104,0.0,0
2026-05-08,night,S17,C,Friday,0,2,0,0,0,2,0.104,0.0,1
2026-05-08,night,S18,C,Friday,1,2,0,0,0,2,0.104,0.0,0
2026-05-08,night,S19,D,Friday,0,3,1,0,0,2,0.12,0.0,0
2026-05-08,night,S20,D,Friday,0,3,2,0,0,2,0.12,0.0,0
2026-05-08,night,S21,D,Friday,0,2,1,0,0,2,0.12,0.0,0
2026-05-08,night,S22,D,Friday,0,3,1,0,0,2,0.12,0.0,0
2026-05-08,night,S23,D,Friday,0,2,2,0,0,2,0.12,0.0,0
2026-05-08,night,S24,D,Friday,0,2,1,0,0,2,0.12,0.0,0
2026-05-09,night,S01,A,Saturday,0,3,1,0,0,2,0.156,0.0,0
2026-05-09,night,S02,A,Saturday,0,2,2,0,0,2,0.156,0.0,0
2026-05-09,night,S03,A,Saturday,0,2,3,0,0,2,0.156,0.0,0
2026-05-09,night,S04,A,Saturday,0,3,1,0,0,2,0.156,0.0,0
2026-05-09,night,S05,A,Saturday,0,2,3,0,0,2,0.156,0.0,0
2026-05-09,night,S06,A,Saturday,0,2,2,0,0,2,0.156,0.0,0
2026-05-09,night,S07,B,Saturday,0,2,1,0,0,2,0.161,0.0,0
2026-05-09,night,S08,B,Saturday,0,2,2,0,0,2,0.161,0.0,1
2026-05-09,night,S09,B,Saturday,0,2,3,0,0,2,0.161,0.0,0
2026-05-09,night,S10,B,Saturday,0,2,3,0,0,2,0.161,0.0,0
2026-05-09,night,S11,B,Saturday,0,2,1,0,0,2,0.161,0.0,0
2026-05-09,night,S12,B,Saturday,0,3,1,0,0,2,0.161,0.0,0
2026-05-09,night,S13,C,Saturday,0,2,2,0,0,2,0.109,0.0,0
2026-05-09,night,S14,C,Saturday,0,2,3,0,0,2,0.109,0.0,0
2026-05-09,night,S15,C,Saturday,1,2,2,0,0,2,0.109,0.0,0
2026-05-09,night,S16,C,Saturday,0,2,2,0,0,2,0.109,0.0,0
2026-05-09,night,S17,C,Saturday,0,2,0,0,0,2,0.109,0.0,0
2026-05-09,night,S18,C,Saturday,1,2,0,0,0,2,0.109,0.0,1
2026-05-09,night,S19,D,Saturday,0,3,1,0,0,2,0.104,0.0,0
2026-05-09,night,S20,D,Saturday,0,3,2,0,0,2,0.104,0.0,0
2026-05-09,night,S21,D,Saturday,0,2,1,0,0,2,0.104,0.0,0
2026-05-09,night,S22,D,Saturday,0,3,1,0,0,2,0.104,0.0,0
2026-05-09,night,S23,D,Saturday,0,2,2,0,0,2,0.104,0.0,0
2026-05-09,night,S24,D,Saturday,0,2,1,0,0,2,0.104,0.0,0
2026-05-11,early,S01,A,Monday,0,2,0,0,1,2,0.156,0.1,1
2026-05-11,early,S02,A,Monday,0,2,2,0,1,2,0.156,0.1,0
2026-05-11,early,S03,A,Monday,0,2,2,0,1,2,0.156,0.1,0
2026-05-11,early,S04,A,Monday,0,2,1,0,1,2,0.156,0.1,0
2026-05-11,early,S05,A,Monday,0,2,2,0,1,2,0.156,0.1,0
2026-05-11,early,S06,A,Monday,0,2,1,0,1,2,0.156,0.1,0
2026-05-11,early,S07,B,Monday,0,2,3,0,1,2,0.141,0.1,0
2026-05-11,early,S08,B,Monday,0,2,2,0,1,2,0.141,0.1,0
2026-05-11,early,S09,B,Monday,0,2,2,0,1,2,0.141,0.1,0
2026-05-11,early,S10,B,Monday,0,2,2,0,1,2,0.141,0.1,0
2026-05-11,early,S11,B,Monday,0,3,1,0,1,2,0.141,0.1,0
2026-05-11,early,S12,B,Monday,0,2,1,0,1,2,0.141,0.1,0
2026-05-11,early,S13,C,Monday,0,3,2,0,1,2,0.135,0.1,0
2026-05-11,early,S14,C,Monday,0,2,1,0,1,2,0.135,0.1,0
2026-05-11,early,S15,C,Monday,1,3,2,0,1,2,0.135,0.1,0
2026-05-11,early,S16,C,Monday,0,2,1,0,1,2,0.135,0.1,0
2026-05-11,early,S17,C,Monday,0,2,1,0,1,2,0.135,0.1,0
2026-05-11,early,S18,C,Monday,1,2,3,0,1,2,0.135,0.1,0
2026-05-11,early,S19,D,Monday,0,2,3,1,1,2,0.078,0.1,0
2026-05-11,early,S20,D,Monday,0,3,2,1,1,2,0.078,0.1,0
2026-05-11,early,S21,D,Monday,0,2,1,1,1,2,0.078,0.1,0
2026-05-11,early,S22,D,Monday,0,2,2,1,1,2,0.078,0.1,0
2026-05-11,early,S23,D,Monday,0,1,1,1,1,2,0.078,0.1,1
2026-05-11,early,S24,D,Monday,0,2,2,1,1,2,0.078,0.1,0
2026-05-12,early,S01,A,Tuesday,0,2,0,0,1,2,0.161,0.1,0
2026-05-12,early,S02,A,Tuesday,0,2,2,0,1,2,0.161,0.1,0
2026-05-12,early,S03,A,Tuesday,0,2,2,0,1,2,0.161,0.1,0
2026-05-12,early,S04,A,Tuesday,0,2,1,0,1,2,0.161,0.1,0
2026-05-12,early,S05,A,Tuesday,0,2,2,0,1,2,0.161,0.1,0
2026-05-12,early,S06,A,Tuesday,0,2,1,0,1,2,0.161,0.1,0
2026-05-12,early,S07,B,Tuesday,0,2,3,0,1,2,0.141,0.1,0
2026-05-12,early,S08,B,Tuesday,0,2,2,0,1,2,0.141,0.1,0
2026-05-12,early,S09,B,Tuesday,0,2,2,0,1,2,0.141,0.1,0
2026-05-12,early,S10,B,Tuesday,0,2,2,0,1,2,0.141,0.1,0
2026-05-12,early,S11,B,Tuesday,0,3,1,0,1,2,0.141,0.1,0
2026-05-12,early,S12,B,Tuesday,0,2,1,0,1,2,0.141,0.1,0
2026-05-12,early,S13,C,Tuesday,0,3,2,0,1,2,0.146,0.1,0
2026-05-12,early,S14,C,Tuesday,0,2,1,0,1,2,0.146,0.1,0
2026-05-12,early,S15,C,Tuesday,1,3,2,0,1,2,0.146,0.1,0
2026-05-12,early,S16,C,Tuesday,0,2,1,0,1,2,0.146,0.1,0
2026-05-12,early,S17,C,Tuesday,0,2,1,0,1,2,0.146,0.1,0
2026-05-12,early,S18,C,Tuesday,1,2,3,0,1,2,0.146,0.1,0
2026-05-12,early,S19,D,Tuesday,0,2,3,1,1,2,0.073,0.1,0
2026-05-12,early,S20,D,Tuesday,0,3,2,1,1,2,0.073,0.1,0
2026-05-12,early,S21,D,Tuesday,0,2,1,1,1,2,0.073,0.1,0
2026-05-12,early,S22,D,Tuesday,0,2,2,1,1,2,0.073,0.1,0
2026-05-12,early,S23,D,Tuesday,0,1,1,1,1,2,0.073,0.1,0
2026-05-12,early,S24,D,Tuesday,0,2,2,1,1,2,0.073,0.1,0
2026-05-13,early,S01,A,Wednesday,0,2,0,0,1,2,0.167,0.1,0
2026-05-13,early,S02,A,Wednesday,0,2,2,0,1,2,0.167,0.1,0
2026-05-13,early,S03,A,Wednesday,0,2,2,0,1,2,0.167,0.1,0
2026-05-13,early,S04,A,Wednesday,0,2,1,0,1,2,0.167,0.1,0
2026-05-13,early,S05,A,Wednesday,0,2,2,0,1,2,0.167,0.1,0
2026-05-13,early,S06,A,Wednesday,0,2,1,0,1,2,0.167,0.1,0
2026-05-13,early,S07,B,Wednesday,0,2,3,0,1,2,0.146,0.1,0
2026-05-13,early,S08,B,Wednesday,0,2,2,0,1,2,0.146,0.1,0
2026-05-13,early,S09,B,Wednesday,0,2,2,0,1,2,0.146,0.1,0
2026-05-13,early,S10,B,Wednesday,0,2,2,0,1,2,0.146,0.1,0
2026-05-13,early,S11,B,Wednesday,0,3,1,0,1,2,0.146,0.1,0
2026-05-13,early,S12,B,Wednesday,0,2,1,0,1,2,0.146,0.1,0
2026-05-13,early,S13,C,Wednesday,0,3,2,0,1,2,0.151,0.1,0
2026-05-13,early,S14,C,Wednesday,0,2,1,0,1,2,0.151,0.1,0
2026-05-13,early,S15,C,Wednesday,1,3,2,0,1,2,0.151,0.1,0
2026-05-13,early,S16,C,Wednesday,0,2,1,0,1,2,0.151,0.1,0
2026-05-13,early,S17,C,Wednesday,0,2,1,0,1,2,0.151,0.1,0
2026-05-13,early,S18,C,Wednesday,1,2,3,0,1,2,0.151,0.1,0
2026-05-13,early,S19,D,Wednesday,0,2,3,1,1,2,0.078,0.1,0
2026-05-13,early,S20,D,Wednesday,0,3,2,1,1,2,0.078,0.1,0
2026-05-13,early,S21,D,Wednesday,0,2,1,1,1,2,0.078,0.1,0
2026-05-13,early,S22,D,Wednesday,0,2,2,1,1,2,0.078,0.1,0
2026-05-13,early,S23,D,Wednesday,0,1,1,1,1,2,0.078,0.1,1
2026-05-13,early,S24,D,Wednesday,0,2,2,1,1,2,0.078,0.1,0
2026-05-14,early,S01,A,Thursday,0,2,0,0,1,2,0.167,0.1,0
2026-05-14,early,S02,A,Thursday,0,2,2,0,1,2,0.167,0.1,0
2026-05-14,early,S03,A,Thursday,0,2,2,0,1,2,0.167,0.1,0
2026-05-14,early,S04,A,Thursday,0,2,1,0,1,2,0.167,0.1,0
2026-05-14,early,S05,A,Thursday,0,2,2,0,1,2,0.167,0.1,0
2026-05-14,early,S06,A,Thursday,0,2,1,0,1,2,0.167,0.1,0
2026-05-14,early,S07,B,Thursday,0,2,3,0,1,2,0.13,0.1,0
2026-05-14,early,S08,B,Thursday,0,2,2,0,1,2,0.13,0.1,0
2026-05-14,early,S09,B,Thursday,0,2,2,0,1,2,0.13,0.1,0
2026-05-14,early,S10,B,Thursday,0,2,2,0,1,2,0.13,0.1,0
2026-05-14,early,S11,B,Thursday,0,3,1,0,1,2,0.13,0.1,0
2026-05-14,early,S12,B,Thursday,0,2,1,0,1,2,0.13,0.1,0
2026-05-14,early,S13,C,Thursday,0,3,2,0,1,2,0.146,0.1,0
2026-05-14,early,S14,C,Thursday,0,2,1,0,1,2,0.146,0.1,0
2026-05-14,early,S15,C,Thursday,1,3,2,0,1,2,0.146,0.1,0
2026-05-14,early,S16,C,Thursday,0,2,1,0,1,2,0.146,0.1,0
2026-05-14,early,S17,C,Thursday,0,2,1,0,1,2,0.146,0.1,1
2026-05-14,early,S18,C,Thursday,1,2,3,0,1,2,0.146,0.1,0
2026-05-14,early,S19,D,Thursday,0,2,3,1,1,2,0.083,0.1,0
2026-05-14,early,S20,D,Thursday,0,3,2,1,1,2,0.083,0.1,0
2026-05-14,early,S21,D,Thursday,0,2,1,1,1,2,0.083,0.1,0
2026-05-14,early,S22,D,Thursday,0,2,2,1,1,2,0.083,0.1,0
2026-05-14,early,S23,D,Thursday,0,1,1,1,1,2,0.083,0.1,0
2026-05-14,early,S24,D,Thursday,0,2,2,1,1,2,0.083,0.1,0
2026-05-15,early,S01,A,Friday,0,2,0,0,1,2,0.161,0.1,1
2026-05-15,early,S02,A,Friday,0,2,2,0,1,2,0.161,0.1,0
2026-05-15,early,S03,A,Friday,0,2,2,0,1,2,0.161,0.1,0
2026-05-15,early,S04,A,Friday,0,2,1,0,1,2,0.161,0.1,0
2026-05-15,early,S05,A,Friday,0,2,2,0,1,2,0.161,0.1,0
2026-05-15,early,S06,A,Friday,0,2,1,0,1,2,0.161,0.1,0
2026-05-15,early,S07,B,Friday,0,2,3,0,1,2,0.13,0.1,0
2026-05-15,early,S08,B,Friday,0,2,2,0,1,2,0.13,0.1,0
2026-05-15,early,S09,B,Friday,0,2,2,0,1,2,0.13,0.1,0
2026-05-15,early,S10,B,Friday,0,2,2,0,1,2,0.13,0.1,0
2026-05-15,early,S11,B,Friday,0,3,1,0,1,2,0.13,0.1,0
2026-05-15,early,S12,B,Friday,0,2,1,0,1,2,0.13,0.1,0
2026-05-15,early,S13,C,Friday,0,3,2,0,1,2,0.156,0.1,0
2026-05-15,early,S14,C,Friday,0,2,1,0,1,2,0.156,0.1,0
2026-05-15,early,S15,C,Friday,1,3,2,0,1,2,0.156,0.1,0
2026-05-15,early,S16,C,Friday,0,2,1,0,1,2,0.156,0.1,0
2026-05-15,early,S17,C,Friday,0,2,1,0,1,2,0.156,0.1,1
2026-05-15,early,S18,C,Friday,1,2,3,0,1,2,0.156,0.1,0
2026-05-15,early,S19,D,Friday,0,2,3,1,1,2,0.083,0.1,0
2026-05-15,early,S20,D,Friday,0,3,2,1,1,2,0.083,0.1,0
2026-05-15,early,S21,D,Friday,0,2,1,1,1,2,0.083,0.1,0
2026-05-15,early,S22,D,Friday,0,2,2,1,1,2,0.083,0.1,0
2026-05-15,early,S23,D,Friday,0,1,1,1,1,2,0.083,0.1,0
2026-05-15,early,S24,D,Friday,0,2,2,1,1,2,0.083,0.1,0
2026-05-16,early,S01,A,Saturday,0,2,0,0,1,2,0.167,0.1,0
2026-05-16,early,S02,A,Saturday,0,2,2,0,1,2,0.167,0.1,0
2026-05-16,early,S03,A,Saturday,0,2,2,0,1,2,0.167,0.1,0
2026-05-16,early,S04,A,Saturday,0,2,1,0,1,2,0.167,0.1,0
2026-05-16,early,S05,A,Saturday,0,2,2,0,1,2,0.167,0.1,0
2026-05-16,early,S06,A,Saturday,0,2,1,0,1,2,0.167,0.1,0
2026-05-16,early,S07,B,Saturday,0,2,3,0,1,2,0.115,0.1,0
2026-05-16,early,S08,B,Saturday,0,2,2,0,1,2,0.115,0.1,0
2026-05-16,early,S09,B,Saturday,0,2,2,0,1,2,0.115,0.1,0
2026-05-16,early,S10,B,Saturday,0,2,2,0,1,2,0.115,0.1,0
2026-05-16,early,S11,B,Saturday,0,3,1,0,1,2,0.115,0.1,0
2026-05-16,early,S12,B,Saturday,0,2,1,0,1,2,0.115,0.1,0
2026-05-16,early,S13,C,Saturday,0,3,2,0,1,2,0.167,0.1,0
2026-05-16,early,S14,C,Saturday,0,2,1,0,1,2,0.167,0.1,0
2026-05-16,early,S15,C,Saturday,1,3,2,0,1,2,0.167,0.1,0
2026-05-16,early,S16,C,Saturday,0,2,1,0,1,2,0.167,0.1,0
2026-05-16,early,S17,C,Saturday,0,2,1,0,1,2,0.167,0.1,0
2026-05-16,early,S18,C,Saturday,1,2,3,0,1,2,0.167,0.1,0
2026-05-16,early,S19,D,Saturday,0,2,3,1,1,2,0.073,0.1,0
2026-05-16,early,S20,D,Saturday,0,3,2,1,1,2,0.073,0.1,0
2026-05-16,early,S21,D,Saturday,0,2,1,1,1,2,0.073,0.1,0
2026-05-16,early,S22,D,Saturday,0,2,2,1,1,2,0.073,0.1,0
2026-05-16,early,S23,D,Saturday,0,1,1,1,1,2,0.073,0.1,1
2026-05-16,early,S24,D,Saturday,0,2,2,1,1,2,0.073,0.1,0
2026-05-11,late,S01,A,Monday,0,3,2,0,0,2,0.125,0.7,1
2026-05-11,late,S02,A,Monday,0,2,2,0,0,2,0.125,0.7,0
2026-05-11,late,S03,A,Monday,0,2,3,0,0,2,0.125,0.7,0
2026-05-11,late,S04,A,Monday,0,3,1,0,0,2,0.125,0.7,0
2026-05-11,late,S05,A,Monday,0,3,3,0,0,2,0.125,0.7,0
2026-05-11,late,S06,A,Monday,0,2,0,0,0,2,0.125,0.7,0
2026-05-11,late,S07,B,Monday,0,3,2,0,0,2,0.104,0.7,0
2026-05-11,late,S08,B,Monday,0,2,1,0,0,2,0.104,0.7,0
2026-05-11,late,S09,B,Monday,0,3,1,0,0,2,0.104,0.7,0
2026-05-11,late,S10,B,Monday,0,2,1,0,0,2,0.104,0.7,0
2026-05-11,late,S11,B,Monday,0,2,2,0,0,2,0.104,0.7,0
2026-05-11,late,S12,B,Monday,0,2,1,0,0,2,0.104,0.7,0
2026-05-11,late,S13,C,Monday,0,2,1,0,0,2,0.141,0.7,0
2026-05-11,late,S14,C,Monday,0,2,2,0,0,2,0.141,0.7,0
2026-05-11,late,S15,C,Monday,1,2,2,0,0,2,0.141,0.7,0
2026-05-11,late,S16,C,Monday,0,2,2,0,0,2,0.141,0.7,0
2026-05-11,late,S17,C,Monday,0,3,2,0,0,2,0.141,0.7,0
2026-05-11,late,S18,C,Monday,1,2,0,0,0,2,0.141,0.7,0
2026-05-11,late,S19,D,Monday,0,2,1,0,0,2,0.13,0.7,0
2026-05-11,late,S20,D,Monday,0,2,2,0,0,2,0.13,0.7,0
2026-05-11,late,S21,D,Monday,0,2,2,0,0,2,0.13,0.7,0
2026-05-11,late,S22,D,Monday,0,3,2,0,0,2,0.13,0.7,0
2026-05-11,late,S23,D,Monday,0,2,2,0,0,2,0.13,0.7,0
2026-05-11,late,S24,D,Monday,0,3,3,0,0,2,0.13,0.7,0
2026-05-12,late,S01,A,Tuesday,0,3,2,0,0,2,0.13,0.7,0
2026-05-12,late,S02,A,Tuesday,0,2,2,0,0,2,0.13,0.7,0
2026-05-12,late,S03,A,Tuesday,0,2,3,0,0,2,0.13,0.7,0
2026-05-12,late,S04,A,Tuesday,0,3,1,0,0,2,0.13,0.7,0
2026-05-12,late,S05,A,Tuesday,0,3,3,0,0,2,0.13,0.7,0
2026-05-12,late,S06,A,Tuesday,0,2,0,0,0,2,0.13,0.7,0
2026-05-12,late,S07,B,Tuesday,0,3,2,0,0,2,0.115,0.7,0
2026-05-12,late,S08,B,Tuesday,0,2,1,0,0,2,0.115,0.7,0
2026-05-12,late,S09,B,Tuesday,0,3,1,0,0,2,0.115,0.7,0
2026-05-12,late,S10,B,Tuesday,0,2,1,0,0,2,0.115,0.7,0
2026-05-12,late,S11,B,Tuesday,0,2,2,0,0,2,0.115,0.7,0
2026-05-12,late,S12,B,Tuesday,0,2,1,0,0,2,0.115,0.7,0
2026-05-12,late,S13,C,Tuesday,0,2,1,0,0,2,0.146,0.7,0
2026-05-12,late,S14,C,Tuesday,0,2,2,0,0,2,0.146,0.7,0
2026-05-12,late,S15,C,Tuesday,1,2,2,0,0,2,0.146,0.7,0
2026-05-12,late,S16,C,Tuesday,0,2,2,0,0,2,0.146,0.7,0
2026-05-12,late,S17,C,Tuesday,0,3,2,0,0,2,0.146,0.7,1
2026-05-12,late,S18,C,Tuesday,1,2,0,0,0,2,0.146,0.7,0
2026-05-12,late,S19,D,Tuesday,0,2,1,0,0,2,0.135,0.7,0
2026-05-12,late,S20,D,Tuesday,0,2,2,0,0,2,0.135,0.7,0
2026-05-12,late,S21,D,Tuesday,0,2,2,0,0,2,0.135,0.7,0
2026-05-12,late,S22,D,Tuesday,0,3,2,0,0,2,0.135,0.7,0
2026-05-12,late,S23,D,Tuesday,0,2,2,0,0,2,0.135,0.7,1
2026-05-12,late,S24,D,Tuesday,0,3,3,0,0,2,0.135,0.7,0
2026-05-13,late,S01,A,Wednesday,0,3,2,0,0,2,0.13,0.7,0
2026-05-13,late,S02,A,Wednesday,0,2,2,0,0,2,0.13,0.7,0
2026-05-13,late,S03,A,Wednesday,0,2,3,0,0,2,0.13,0.7,1
2026-05-13,late,S04,A,Wednesday,0,3,1,0,0,2,0.13,0.7,0
2026-05-13,late,S05,A,Wednesday,0,3,3,0,0,2,0.13,0.7,0
2026-05-13,late,S06,A,Wednesday,0,2,0,0,0,2,0.13,0.7,0
2026-05-13,late,S07,B,Wednesday,0,3,2,0,0,2,0.115,0.7,0
2026-05-13,late,S08,B,Wednesday,0,2,1,0,0,2,0.115,0.7,0
2026-05-13,late,S09,B,Wednesday,0,3,1,0,0,2,0.115,0.7,0
2026-05-13,late,S10,B,Wednesday,0,2,1,0,0,2,0.115,0.7,0
2026-05-13,late,S11,B,Wednesday,0,2,2,0,0,2,0.115,0.7,0
2026-05-13,late,S12,B,Wednesday,0,2,1,0,0,2,0.115,0.7,0
2026-05-13,late,S13,C,Wednesday,0,2,1,0,0,2,0.146,0.7,0
2026-05-13,late,S14,C,Wednesday,0,2,2,0,0,2,0.146,0.7,1
2026-05-13,late,S15,C,Wednesday,1,2,2,0,0,2,0.146,0.7,0
2026-05-13,late,S16,C,Wednesday,0,2,2,0,0,2,0.146,0.7,0
2026-05-13,late,S17,C,Wednesday,0,3,2,0,0,2,0.146,0.7,0
2026-05-13,late,S18,C,Wednesday,1,2,0,0,0,2,0.146,0.7,0
2026-05-13,late,S19,D,Wednesday,0,2,1,0,0,2,0.146,0.7,0
2026-05-13,late,S20,D,Wednesday,0,2,2,0,0,2,0.146,0.7,0
2026-05-13,late,S21,D,Wednesday,0,2,2,0,0,2,0.146,0.7,0
2026-05-13,late,S22,D,Wednesday,0,3,2,0,0,2,0.146,0.7,0
2026-05-13,late,S23,D,Wednesday,0,2,2,0,0,2,0.146,0.7,0
2026-05-13,late,S24,D,Wednesday,0,3,3,0,0,2,0.146,0.7,0
2026-05-14,late,S01,A,Thursday,0,3,2,0,0,2,0.13,0.7,0
2026-05-14,late,S02,A,Thursday,0,2,2,0,0,2,0.13,0.7,0
2026-05-14,late,S03,A,Thursday,0,2,3,0,0,2,0.13,0.7,1
2026-05-14,late,S04,A,Thursday,0,3,1,0,0,2,0.13,0.7,0
2026-05-14,late,S05,A,Thursday,0,3,3,0,0,2,0.13,0.7,0
2026-05-14,late,S06,A,Thursday,0,2,0,0,0,2,0.13,0.7,0
2026-05-14,late,S07,B,Thursday,0,3,2,0,0,2,0.115,0.7,0
2026-05-14,late,S08,B,Thursday,0,2,1,0,0,2,0.115,0.7,0
2026-05-14,late,S09,B,Thursday,0,3,1,0,0,2,0.115,0.7,0
2026-05-14,late,S10,B,Thursday,0,2,1,0,0,2,0.115,0.7,0
2026-05-14,late,S11,B,Thursday,0,2,2,0,0,2,0.115,0.7,0
2026-05-14,late,S12,B,Thursday,0,2,1,0,0,2,0.115,0.7,0
2026-05-14,late,S13,C,Thursday,0,2,1,0,0,2,0.161,0.7,0
2026-05-14,late,S14,C,Thursday,0,2,2,0,0,2,0.161,0.7,0
2026-05-14,late,S15,C,Thursday,1,2,2,0,0,2,0.161,0.7,0
2026-05-14,late,S16,C,Thursday,0,2,2,0,0,2,0.161,0.7,0
2026-05-14,late,S17,C,Thursday,0,3,2,0,0,2,0.161,0.7,0
2026-05-14,late,S18,C,Thursday,1,2,0,0,0,2,0.161,0.7,0
2026-05-14,late,S19,D,Thursday,0,2,1,0,0,2,0.156,0.7,0
2026-05-14,late,S20,D,Thursday,0,2,2,0,0,2,0.156,0.7,0
2026-05-14,late,S21,D,Thursday,0,2,2,0,0,2,0.156,0.7,0
2026-05-14,late,S22,D,Thursday,0,3,2,0,0,2,0.156,0.7,0
2026-05-14,late,S23,D,Thursday,0,2,2,0,0,2,0.156,0.7,0
2026-05-14,late,S24,D,Thursday,0,3,3,0,0,2,0.156,0.7,0
2026-05-15,late,S01,A,Friday,0,3,2,0,0,2,0.141,0.7,0
2026-05-15,late,S02,A,Friday,0,2,2,0,0,2,0.141,0.7,0
2026-05-15,late,S03,A,Friday,0,2,3,0,0,2,0.141,0.7,0
2026-05-15,late,S04,A,Friday,0,3,1,0,0,2,0.141,0.7,0
2026-05-15,late,S05,A,Friday,0,3,3,0,0,2,0.141,0.7,0
2026-05-15,late,S06,A,Friday,0,2,0,0,0,2,0.141,0.7,0
2026-05-15,late,S07,B,Friday,0,3,2,0,0,2,0.109,0.7,0
2026-05-15,late,S08,B,Friday,0,2,1,0,0,2,0.109,0.7,0
2026-05-15,late,S09,B,Friday,0,3,1,0,0,2,0.109,0.7,0
2026-05-15,late,S10,B,Friday,0,2,1,0,0,2,0.109,0.7,0
2026-05-15,late,S11,B,Friday,0,2,2,0,0,2,0.109,0.7,0
2026-05-15,late,S12,B,Friday,0,2,1,0,0,2,0.109,0.7,0
2026-05-15,late,S13,C,Friday,0,2,1,0,0,2,0.167,0.7,0
2026-05-15,late,S14,C,Friday,0,2,2,0,0,2,0.167,0.7,0
2026-05-15,late,S15,C,Friday,1,2,2,0,0,2,0.167,0.7,0
2026-05-15,late,S16,C,Friday,0,2,2,0,0,2,0.167,0.7,0
2026-05-15,late,S17,C,Friday,0,3,2,0,0,2,0.167,0.7,0
2026-05-15,late,S18,C,Friday,1,2,0,0,0,2,0.167,0.7,0
2026-05-15,late,S19,D,Friday,0,2,1,0,0,2,0.167,0.7,0
2026-05-15,late,S20,D,Friday,0,2,2,0,0,2,0.167,0.7,0
2026-05-15,late,S21,D,Friday,0,2,2,0,0,2,0.167,0.7,0
2026-05-15,late,S22,D,Friday,0,3,2,0,0,2,0.167,0.7,0
2026-05-15,late,S23,D,Friday,0,2,2,0,0,2,0.167,0.7,0
2026-05-15,late,S24,D,Friday,0,3,3,0,0,2,0.167,0.7,0
2026-05-16,late,S01,A,Saturday,0,3,2,0,0,2,0.141,0.7,0
2026-05-16,late,S02,A,Saturday,0,2,2,0,0,2,0.141,0.7,0
2026-05-16,late,S03,A,Saturday,0,2,3,0,0,2,0.141,0.7,0
2026-05-16,late,S04,A,Saturday,0,3,1,0,0,2,0.141,0.7,0
2026-05-16,late,S05,A,Saturday,0,3,3,0,0,2,0.141,0.7,0
2026-05-16,late,S06,A,Saturday,0,2,0,0,0,2,0.141,0.7,0
2026-05-16,late,S07,B,Saturday,0,3,2,0,0,2,0.099,0.7,0
2026-05-16,late,S08,B,Saturday,0,2,1,0,0,2,0.099,0.7,0
2026-05-16,late,S09,B,Saturday,0,3,1,0,0,2,0.099,0.7,0
2026-05-16,late,S10,B,Saturday,0,2,1,0,0,2,0.099,0.7,0
2026-05-16,late,S11,B,Saturday,0,2,2,0,0,2,0.099,0.7,0
2026-05-16,late,S12,B,Saturday,0,2,1,0,0,2,0.099,0.7,0
2026-05-16,late,S13,C,Saturday,0,2,1,0,0,2,0.161,0.7,0
2026-05-16,late,S14,C,Saturday,0,2,2,0,0,2,0.161,0.7,0
2026-05-16,late,S15,C,Saturday,1,2,2,0,0,2,0.161,0.7,0
2026-05-16,late,S16,C,Saturday,0,2,2,0,0,2,0.161,0.7,0
2026-05-16,late,S17,C,Saturday,0,3,2,0,0,2,0.161,0.7,0
2026-05-16,late,S18,C,Saturday,1,2,0,0,0,2,0.161,0.7,0
2026-05-16,late,S19,D,Saturday,0,2,1,0,0,2,0.161,0.7,0
2026-05-16,late,S20,D,Saturday,0,2,2,0,0,2,0.161,0.7,0
2026-05-16,late,S21,D,Saturday,0,2,2,0,0,2,0.161,0.7,0
2026-05-16,late,S22,D,Saturday,0,3,2,0,0,2,0.161,0.7,0
2026-05-16,late,S23,D,Saturday,0,2,2,0,0,2,0.161,0.7,0
2026-05-16,late,S24,D,Saturday,0,3,3,0,0,2,0.161,0.7,0
2026-05-11,night,S01,A,Monday,0,3,1,0,0,2,0.156,1.2,0
2026-05-11,night,S02,A,Monday,0,2,2,0,0,2,0.156,1.2,0
2026-05-11,night,S03,A,Monday,0,2,3,0,0,2,0.156,1.2,0
2026-05-11,night,S04,A,Monday,0,3,1,0,0,2,0.156,1.2,0
2026-05-11,night,S05,A,Monday,0,2,3,0,0,2,0.156,1.2,0
2026-05-11,night,S06,A,Monday,0,2,2,0,0,2,0.156,1.2,0
2026-05-11,night,S07,B,Monday,0,2,1,0,0,2,0.177,1.2,0
2026-05-11,night,S08,B,Monday,0,2,2,0,0,2,0.177,1.2,0
2026-05-11,night,S09,B,Monday,0,2,3,0,0,2,0.177,1.2,0
2026-05-11,night,S10,B,Monday,0,2,3,0,0,2,0.177,1.2,0
2026-05-11,night,S11,B,Monday,0,2,1,0,0,2,0.177,1.2,0
2026-05-11,night,S12,B,Monday,0,3,1,0,0,2,0.177,1.2,0
2026-05-11,night,S13,C,Monday,0,2,2,0,0,2,0.104,1.2,0
2026-05-11,night,S14,C,Monday,0,2,3,0,0,2,0.104,1.2,0
2026-05-11,night,S15,C,Monday,1,2,2,0,0,2,0.104,1.2,0
2026-05-11,night,S16,C,Monday,0,2,2,0,0,2,0.104,1.2,0
2026-05-11,night,S17,C,Monday,0,2,0,0,0,2,0.104,1.2,0
2026-05-11,night,S18,C,Monday,1,2,0,0,0,2,0.104,1.2,1
2026-05-11,night,S19,D,Monday,0,3,1,0,0,2,0.104,1.2,0
2026-05-11,night,S20,D,Monday,0,3,2,0,0,2,0.104,1.2,0
2026-05-11,night,S21,D,Monday,0,2,1,0,0,2,0.104,1.2,0
2026-05-11,night,S22,D,Monday,0,3,1,0,0,2,0.104,1.2,0
2026-05-11,night,S23,D,Monday,0,2,2,0,0,2,0.104,1.2,0
2026-05-11,night,S24,D,Monday,0,2,1,0,0,2,0.104,1.2,0
2026-05-12,night,S01,A,Tuesday,0,3,1,0,0,2,0.135,1.2,0
2026-05-12,night,S02,A,Tuesday,0,2,2,0,0,2,0.135,1.2,0
2026-05-12,night,S03,A,Tuesday,0,2,3,0,0,2,0.135,1.2,0
2026-05-12,night,S04,A,Tuesday,0,3,1,0,0,2,0.135,1.2,0
2026-05-12,night,S05,A,Tuesday,0,2,3,0,0,2,0.135,1.2,0
2026-05-12,night,S06,A,Tuesday,0,2,2,0,0,2,0.135,1.2,0
2026-05-12,night,S07,B,Tuesday,0,2,1,0,0,2,0.172,1.2,0
2026-05-12,night,S08,B,Tuesday,0,2,2,0,0,2,0.172,1.2,0
2026-05-12,night,S09,B,Tuesday,0,2,3,0,0,2,0.172,1.2,0
2026-05-12,night,S10,B,Tuesday,0,2,3,0,0,2,0.172,1.2,0
2026-05-12,night,S11,B,Tuesday,0,2,1,0,0,2,0.172,1.2,0
2026-05-12,night,S12,B,Tuesday,0,3,1,0,0,2,0.172,1.2,0
2026-05-12,night,S13,C,Tuesday,0,2,2,0,0,2,0.115,1.2,0
2026-05-12,night,S14,C,Tuesday,0,2,3,0,0,2,0.115,1.2,0
2026-05-12,night,S15,C,Tuesday,1,2,2,0,0,2,0.115,1.2,0
2026-05-12,night,S16,C,Tuesday,0,2,2,0,0,2,0.115,1.2,0
2026-05-12,night,S17,C,Tuesday,0,2,0,0,0,2,0.115,1.2,1
2026-05-12,night,S18,C,Tuesday,1,2,0,0,0,2,0.115,1.2,0
2026-05-12,night,S19,D,Tuesday,0,3,1,0,0,2,0.104,1.2,0
2026-05-12,night,S20,D,Tuesday,0,3,2,0,0,2,0.104,1.2,0
2026-05-12,night,S21,D,Tuesday,0,2,1,0,0,2,0.104,1.2,0
2026-05-12,night,S22,D,Tuesday,0,3,1,0,0,2,0.104,1.2,0
2026-05-12,night,S23,D,Tuesday,0,2,2,0,0,2,0.104,1.2,0
2026-05-12,night,S24,D,Tuesday,0,2,1,0,0,2,0.104,1.2,0
2026-05-13,night,S01,A,Wednesday,0,3,1,0,0,2,0.146,1.2,0
2026-05-13,night,S02,A,Wednesday,0,2,2,0,0,2,0.146,1.2,0
2026-05-13,night,S03,A,Wednesday,0,2,3,0,0,2,0.146,1.2,0
2026-05-13,night,S04,A,Wednesday,0,3,1,0,0,2,0.146,1.2,0
2026-05-13,night,S05,A,Wednesday,0,2,3,0,0,2,0.146,1.2,0
2026-05-13,night,S06,A,Wednesday,0,2,2,0,0,2,0.146,1.2,0
2026-05-13,night,S07,B,Wednesday,0,2,1,0,0,2,0.177,1.2,0
2026-05-13,night,S08,B,Wednesday,0,2,2,0,0,2,0.177,1.2,0
2026-05-13,night,S09,B,Wednesday,0,2,3,0,0,2,0.177,1.2,0
2026-05-13,night,S10,B,Wednesday,0,2,3,0,0,2,0.177,1.2,0
2026-05-13,night,S11,B,Wednesday,0,2,1,0,0,2,0.177,1.2,0
2026-05-13,night,S12,B,Wednesday,0,3,1,0,0,2,0.177,1.2,0
2026-05-13,night,S13,C,Wednesday,0,2,2,0,0,2,0.109,1.2,1
2026-05-13,night,S14,C,Wednesday,0,2,3,0,0,2,0.109,1.2,0
2026-05-13,night,S15,C,Wednesday,1,2,2,0,0,2,0.109,1.2,0
2026-05-13,night,S16,C,Wednesday,0,2,2,0,0,2,0.109,1.2,0
2026-05-13,night,S17,C,Wednesday,0,2,0,0,0,2,0.109,1.2,0
2026-05-13,night,S18,C,Wednesday,1,2,0,0,0,2,0.109,1.2,0
2026-05-13,night,S19,D,Wednesday,0,3,1,0,0,2,0.099,1.2,0
2026-05-13,night,S20,D,Wednesday,0,3,2,0,0,2,0.099,1.2,0
2026-05-13,night,S21,D,Wednesday,0,2,1,0,0,2,0.099,1.2,0
2026-05-13,night,S22,D,Wednesday,0,3,1,0,0,2,0.099,1.2,0
2026-05-13,night,S23,D,Wednesday,0,2,2,0,0,2,0.099,1.2,0
2026-05-13,night,S24,D,Wednesday,0,2,1,0,0,2,0.099,1.2,0
2026-05-14,night,S01,A,Thursday,0,3,1,0,0,2,0.156,1.2,0
2026-05-14,night,S02,A,Thursday,0,2,2,0,0,2,0.156,1.2,0
2026-05-14,night,S03,A,Thursday,0,2,3,0,0,2,0.156,1.2,0
2026-05-14,night,S04,A,Thursday,0,3,1,0,0,2,0.156,1.2,0
2026-05-14,night,S05,A,Thursday,0,2,3,0,0,2,0.156,1.2,0
2026-05-14,night,S06,A,Thursday,0,2,2,0,0,2,0.156,1.2,0
2026-05-14,night,S07,B,Thursday,0,2,1,0,0,2,0.177,1.2,0
2026-05-14,night,S08,B,Thursday,0,2,2,0,0,2,0.177,1.2,0
2026-05-14,night,S09,B,Thursday,0,2,3,0,0,2,0.177,1.2,0
2026-05-14,night,S10,B,Thursday,0,2,3,0,0,2,0.177,1.2,0
2026-05-14,night,S11,B,Thursday,0,2,1,0,0,2,0.177,1.2,0
2026-05-14,night,S12,B,Thursday,0,3,1,0,0,2,0.177,1.2,0
2026-05-14,night,S13,C,Thursday,0,2,2,0,0,2,0.12,1.2,0
2026-05-14,night,S14,C,Thursday,0,2,3,0,0,2,0.12,1.2,0
2026-05-14,night,S15,C,Thursday,1,2,2,0,0,2,0.12,1.2,0
2026-05-14,night,S16,C,Thursday,0,2,2,0,0,2,0.12,1.2,0
2026-05-14,night,S17,C,Thursday,0,2,0,0,0,2,0.12,1.2,0
2026-05-14,night,S18,C,Thursday,1,2,0,0,0,2,0.12,1.2,0
2026-05-14,night,S19,D,Thursday,0,3,1,0,0,2,0.089,1.2,0
2026-05-14,night,S20,D,Thursday,0,3,2,0,0,2,0.089,1.2,0
2026-05-14,night,S21,D,Thursday,0,2,1,0,0,2,0.089,1.2,0
2026-05-14,night,S22,D,Thursday,0,3,1,0,0,2,0.089,1.2,0
2026-05-14,night,S23,D,Thursday,0,2,2,0,0,2,0.089,1.2,0
2026-05-14,night,S24,D,Thursday,0,2,1,0,0,2,0.089,1.2,0
2026-05-15,night,S01,A,Friday,0,3,1,0,0,2,0.151,1.2,0
2026-05-15,night,S02,A,Friday,0,2,2,0,0,2,0.151,1.2,0
2026-05-15,night,S03,A,Friday,0,2,3,0,0,2,0.151,1.2,0
2026-05-15,night,S04,A,Friday,0,3,1,0,0,2,0.151,1.2,0
2026-05-15,night,S05,A,Friday,0,2,3,0,0,2,0.151,1.2,0
2026-05-15,night,S06,A,Friday,0,2,2,0,0,2,0.151,1.2,0
2026-05-15,night,S07,B,Friday,0,2,1,0,0,2,0.177,1.2,1
2026-05-15,night,S08,B,Friday,0,2,2,0,0,2,0.177,1.2,0
2026-05-15,night,S09,B,Friday,0,2,3,0,0,2,0.177,1.2,0
2026-05-15,night,S10,B,Friday,0,2,3,0,0,2,0.177,1.2,0
2026-05-15,night,S11,B,Friday,0,2,1,0,0,2,0.177,1.2,0
2026-05-15,night,S12,B,Friday,0,3,1,0,0,2,0.177,1.2,0
2026-05-15,night,S13,C,Friday,0,2,2,0,0,2,0.12,1.2,0
2026-05-15,night,S14,C,Friday,0,2,3,0,0,2,0.12,1.2,0
2026-05-15,night,S15,C,Friday,1,2,2,0,0,2,0.12,1.2,0
2026-05-15,night,S16,C,Friday,0,2,2,0,0,2,0.12,1.2,0
2026-05-15,night,S17,C,Friday,0,2,0,0,0,2,0.12,1.2,0
2026-05-15,night,S18,C,Friday,1,2,0,0,0,2,0.12,1.2,1
2026-05-15,night,S19,D,Friday,0,3,1,0,0,2,0.099,1.2,0
2026-05-15,night,S20,D,Friday,0,3,2,0,0,2,0.099,1.2,0
2026-05-15,night,S21,D,Friday,0,2,1,0,0,2,0.099,1.2,0
2026-05-15,night,S22,D,Friday,0,3,1,0,0,2,0.099,1.2,0
2026-05-15,night,S23,D,Friday,0,2,2,0,0,2,0.099,1.2,0
2026-05-15,night,S24,D,Friday,0,2,1,0,0,2,0.099,1.2,1
2026-05-16,night,S01,A,Saturday,0,3,1,0,0,2,0.161,1.2,0
2026-05-16,night,S02,A,Saturday,0,2,2,0,0,2,0.161,1.2,0
2026-05-16,night,S03,A,Saturday,0,2,3,0,0,2,0.161,1.2,0
2026-05-16,night,S04,A,Saturday,0,3,1,0,0,2,0.161,1.2,0
2026-05-16,night,S05,A,Saturday,0,2,3,0,0,2,0.161,1.2,0
2026-05-16,night,S06,A,Saturday,0,2,2,0,0,2,0.161,1.2,0
2026-05-16,night,S07,B,Saturday,0,2,1,0,0,2,0.167,1.2,0
2026-05-16,night,S08,B,Saturday,0,2,2,0,0,2,0.167,1.2,0
2026-05-16,night,S09,B,Saturday,0,2,3,0,0,2,0.167,1.2,0
2026-05-16,night,S10,B,Saturday,0,2,3,0,0,2,0.167,1.2,0
2026-05-16,night,S11,B,Saturday,0,2,1,0,0,2,0.167,1.2,0
2026-05-16,night,S12,B,Saturday,0,3,1,0,0,2,0.167,1.2,0
2026-05-16,night,S13,C,Saturday,0,2,2,0,0,2,0.12,1.2,0
2026-05-16,night,S14,C,Saturday,0,2,3,0,0,2,0.12,1.2,0
2026-05-16,night,S15,C,Saturday,1,2,2,0,0,2,0.12,1.2,0
2026-05-16,night,S16,C,Saturday,0,2,2,0,0,2,0.12,1.2,0
2026-05-16,night,S17,C,Saturday,0,2,0,0,0,2,0.12,1.2,0
2026-05-16,night,S18,C,Saturday,1,2,0,0,0,2,0.12,1.2,1
2026-05-16,night,S19,D,Saturday,0,3,1,0,0,2,0.104,1.2,0
2026-05-16,night,S20,D,Saturday,0,3,2,0,0,2,0.104,1.2,0
2026-05-16,night,S21,D,Saturday,0,2,1,0,0,2,0.104,1.2,0
2026-05-16,night,S22,D,Saturday,0,3,1,0,0,2,0.104,1.2,0
2026-05-16,night,S23,D,Saturday,0,2,2,0,0,2,0.104,1.2,0
2026-05-16,night,S24,D,Saturday,0,2,1,0,0,2,0.104,1.2,0
2026-05-18,early,S01,A,Monday,0,2,0,1,5,2,0.151,0.0,1
2026-05-18,early,S02,A,Monday,0,2,2,1,5,2,0.151,0.0,0
2026-05-18,early,S03,A,Monday,0,1,2,1,5,2,0.151,0.0,0
2026-05-18,early,S04,A,Monday,0,2,1,1,5,2,0.151,0.0,1
2026-05-18,early,S05,A,Monday,0,2,2,1,5,2,0.151,0.0,0
2026-05-18,early,S06,A,Monday,0,2,1,1,5,2,0.151,0.0,0
2026-05-18,early,S07,B,Monday,0,2,3,2,5,2,0.125,0.0,0
2026-05-18,early,S08,B,Monday,0,1,2,2,5,2,0.125,0.0,0
2026-05-18,early,S09,B,Monday,0,2,2,2,5,2,0.125,0.0,1
2026-05-18,early,S10,B,Monday,0,1,2,2,5,2,0.125,0.0,0
2026-05-18,early,S11,B,Monday,0,3,1,2,5,2,0.125,0.0,0
2026-05-18,early,S12,B,Monday,0,2,1,2,5,2,0.125,0.0,0
2026-05-18,early,S13,C,Monday,0,1,2,1,5,2,0.156,0.0,1
2026-05-18,early,S14,C,Monday,0,2,1,1,5,2,0.156,0.0,0
2026-05-18,early,S15,C,Monday,1,3,2,1,5,2,0.156,0.0,0
2026-05-18,early,S16,C,Monday,0,2,1,1,5,2,0.156,0.0,0
2026-05-18,early,S17,C,Monday,0,2,1,1,5,2,0.156,0.0,0
2026-05-18,early,S18,C,Monday,1,2,3,1,5,2,0.156,0.0,0
2026-05-18,early,S19,D,Monday,0,2,3,1,5,2,0.068,0.0,0
2026-05-18,early,S20,D,Monday,0,3,2,1,5,2,0.068,0.0,0
2026-05-18,early,S21,D,Monday,0,2,1,1,5,2,0.068,0.0,0
2026-05-18,early,S22,D,Monday,0,2,2,1,5,2,0.068,0.0,0
2026-05-18,early,S23,D,Monday,0,1,1,1,5,2,0.068,0.0,0
2026-05-18,early,S24,D,Monday,0,2,2,1,5,2,0.068,0.0,0
2026-05-19,early,S01,A,Tuesday,0,2,0,1,5,2,0.161,0.0,0
2026-05-19,early,S02,A,Tuesday,0,2,2,1,5,2,0.161,0.0,0
2026-05-19,early,S03,A,Tuesday,0,1,2,1,5,2,0.161,0.0,0
2026-05-19,early,S04,A,Tuesday,0,2,1,1,5,2,0.161,0.0,0
2026-05-19,early,S05,A,Tuesday,0,2,2,1,5,2,0.161,0.0,0
2026-05-19,early,S06,A,Tuesday,0,2,1,1,5,2,0.161,0.0,1
2026-05-19,early,S07,B,Tuesday,0,2,3,2,5,2,0.13,0.0,0
2026-05-19,early,S08,B,Tuesday,0,1,2,2,5,2,0.13,0.0,1
2026-05-19,early,S09,B,Tuesday,0,2,2,2,5,2,0.13,0.0,0
2026-05-19,early,S10,B,Tuesday,0,1,2,2,5,2,0.13,0.0,0
2026-05-19,early,S11,B,Tuesday,0,3,1,2,5,2,0.13,0.0,1
2026-05-19,early,S12,B,Tuesday,0,2,1,2,5,2,0.13,0.0,0
2026-05-19,early,S13,C,Tuesday,0,1,2,1,5,2,0.161,0.0,0
2026-05-19,early,S14,C,Tuesday,0,2,1,1,5,2,0.161,0.0,0
2026-05-19,early,S15,C,Tuesday,1,3,2,1,5,2,0.161,0.0,0
2026-05-19,early,S16,C,Tuesday,0,2,1,1,5,2,0.161,0.0,0
2026-05-19,early,S17,C,Tuesday,0,2,1,1,5,2,0.161,0.0,0
2026-05-19,early,S18,C,Tuesday,1,2,3,1,5,2,0.161,0.0,0
2026-05-19,early,S19,D,Tuesday,0,2,3,1,5,2,0.062,0.0,0
2026-05-19,early,S20,D,Tuesday,0,3,2,1,5,2,0.062,0.0,0
2026-05-19,early,S21,D,Tuesday,0,2,1,1,5,2,0.062,0.0,0
2026-05-19,early,S22,D,Tuesday,0,2,2,1,5,2,0.062,0.0,0
2026-05-19,early,S23,D,Tuesday,0,1,1,1,5,2,0.062,0.0,0
2026-05-19,early,S24,D,Tuesday,0,2,2,1,5,2,0.062,0.0,0
2026-05-20,early,S01,A,Wednesday,0,2,0,1,5,2,0.172,0.0,1
2026-05-20,early,S02,A,Wednesday,0,2,2,1,5,2,0.172,0.0,0
2026-05-20,early,S03,A,Wednesday,0,1,2,1,5,2,0.172,0.0,0
2026-05-20,early,S04,A,Wednesday,0,2,1,1,5,2,0.172,0.0,0
2026-05-20,early,S05,A,Wednesday,0,2,2,1,5,2,0.172,0.0,0
2026-05-20,early,S06,A,Wednesday,0,2,1,1,5,2,0.172,0.0,0
2026-05-20,early,S07,B,Wednesday,0,2,3,2,5,2,0.125,0.0,0
2026-05-20,early,S08,B,Wednesday,0,1,2,2,5,2,0.125,0.0,1
2026-05-20,early,S09,B,Wednesday,0,2,2,2,5,2,0.125,0.0,0
2026-05-20,early,S10,B,Wednesday,0,1,2,2,5,2,0.125,0.0,0
2026-05-20,early,S11,B,Wednesday,0,3,1,2,5,2,0.125,0.0,0
2026-05-20,early,S12,B,Wednesday,0,2,1,2,5,2,0.125,0.0,0
2026-05-20,early,S13,C,Wednesday,0,1,2,1,5,2,0.167,0.0,0
2026-05-20,early,S14,C,Wednesday,0,2,1,1,5,2,0.167,0.0,0
2026-05-20,early,S15,C,Wednesday,1,3,2,1,5,2,0.167,0.0,0
2026-05-20,early,S16,C,Wednesday,0,2,1,1,5,2,0.167,0.0,0
2026-05-20,early,S17,C,Wednesday,0,2,1,1,5,2,0.167,0.0,0
2026-05-20,early,S18,C,Wednesday,1,2,3,1,5,2,0.167,0.0,0
2026-05-20,early,S19,D,Wednesday,0,2,3,1,5,2,0.062,0.0,0
2026-05-20,early,S20,D,Wednesday,0,3,2,1,5,2,0.062,0.0,0
2026-05-20,early,S21,D,Wednesday,0,2,1,1,5,2,0.062,0.0,0
2026-05-20,early,S22,D,Wednesday,0,2,2,1,5,2,0.062,0.0,0
2026-05-20,early,S23,D,Wednesday,0,1,1,1,5,2,0.062,0.0,0
2026-05-20,early,S24,D,Wednesday,0,2,2,1,5,2,0.062,0.0,0
2026-05-21,early,S01,A,Thursday,0,2,0,1,5,2,0.177,0.0,0
2026-05-21,early,S02,A,Thursday,0,2,2,1,5,2,0.177,0.0,0
2026-05-21,early,S03,A,Thursday,0,1,2,1,5,2,0.177,0.0,0
2026-05-21,early,S04,A,Thursday,0,2,1,1,5,2,0.177,0.0,0
2026-05-21,early,S05,A,Thursday,0,2,2,1,5,2,0.177,0.0,0
2026-05-21,early,S06,A,Thursday,0,2,1,1,5,2,0.177,0.0,0
2026-05-21,early,S07,B,Thursday,0,2,3,2,5,2,0.125,0.0,0
2026-05-21,early,S08,B,Thursday,0,1,2,2,5,2,0.125,0.0,0
2026-05-21,early,S09,B,Thursday,0,2,2,2,5,2,0.125,0.0,0
2026-05-21,early,S10,B,Thursday,0,1,2,2,5,2,0.125,0.0,0
2026-05-21,early,S11,B,Thursday,0,3,1,2,5,2,0.125,0.0,0
2026-05-21,early,S12,B,Thursday,0,2,1,2,5,2,0.125,0.0,0
2026-05-21,early,S13,C,Thursday,0,1,2,1,5,2,0.167,0.0,0
2026-05-21,early,S14,C,Thursday,0,2,1,1,5,2,0.167,0.0,0
2026-05-21,early,S15,C,Thursday,1,3,2,1,5,2,0.167,0.0,0
2026-05-21,early,S16,C,Thursday,0,2,1,1,5,2,0.167,0.0,0
2026-05-21,early,S17,C,Thursday,0,2,1,1,5,2,0.167,0.0,0
2026-05-21,early,S18,C,Thursday,1,2,3,1,5,2,0.167,0.0,0
2026-05-21,early,S19,D,Thursday,0,2,3,1,5,2,0.068,0.0,0
2026-05-21,early,S20,D,Thursday,0,3,2,1,5,2,0.068,0.0,0
2026-05-21,early,S21,D,Thursday,0,2,1,1,5,2,0.068,0.0,0
2026-05-21,early,S22,D,Thursday,0,2,2,1,5,2,0.068,0.0,0
2026-05-21,early,S23,D,Thursday,0,1,1,1,5,2,0.068,0.0,0
2026-05-21,early,S24,D,Thursday,0,2,2,1,5,2,0.068,0.0,0
2026-05-22,early,S01,A,Friday,0,2,0,1,5,2,0.172,0.0,0
2026-05-22,early,S02,A,Friday,0,2,2,1,5,2,0.172,0.0,0
2026-05-22,early,S03,A,Friday,0,1,2,1,5,2,0.172,0.0,0
2026-05-22,early,S04,A,Friday,0,2,1,1,5,2,0.172,0.0,0
2026-05-22,early,S05,A,Friday,0,2,2,1,5,2,0.172,0.0,0
2026-05-22,early,S06,A,Friday,0,2,1,1,5,2,0.172,0.0,0
2026-05-22,early,S07,B,Friday,0,2,3,2,5,2,0.12,0.0,0
2026-05-22,early,S08,B,Friday,0,1,2,2,5,2,0.12,0.0,1
2026-05-22,early,S09,B,Friday,0,2,2,2,5,2,0.12,0.0,0
2026-05-22,early,S10,B,Friday,0,1,2,2,5,2,0.12,0.0,0
2026-05-22,early,S11,B,Friday,0,3,1,2,5,2,0.12,0.0,1
2026-05-22,early,S12,B,Friday,0,2,1,2,5,2,0.12,0.0,0
2026-05-22,early,S13,C,Friday,0,1,2,1,5,2,0.161,0.0,0
2026-05-22,early,S14,C,Friday,0,2,1,1,5,2,0.161,0.0,0
2026-05-22,early,S15,C,Friday,1,3,2,1,5,2,0.161,0.0,0
2026-05-22,early,S16,C,Friday,0,2,1,1,5,2,0.161,0.0,0
2026-05-22,early,S17,C,Friday,0,2,1,1,5,2,0.161,0.0,0
2026-05-22,early,S18,C,Friday,1,2,3,1,5,2,0.161,0.0,1
2026-05-22,early,S19,D,Friday,0,2,3,1,5,2,0.057,0.0,0
2026-05-22,early,S20,D,Friday,0,3,2,1,5,2,0.057,0.0,0
2026-05-22,early,S21,D,Friday,0,2,1,1,5,2,0.057,0.0,0
2026-05-22,early,S22,D,Friday,0,2,2,1,5,2,0.057,0.0,0
2026-05-22,early,S23,D,Friday,0,1,1,1,5,2,0.057,0.0,0
2026-05-22,early,S24,D,Friday,0,2,2,1,5,2,0.057,0.0,0
2026-05-23,early,S01,A,Saturday,0,2,0,1,5,2,0.167,0.0,0
2026-05-23,early,S02,A,Saturday,0,2,2,1,5,2,0.167,0.0,0
2026-05-23,early,S03,A,Saturday,0,1,2,1,5,2,0.167,0.0,1
2026-05-23,early,S04,A,Saturday,0,2,1,1,5,2,0.167,0.0,1
2026-05-23,early,S05,A,Saturday,0,2,2,1,5,2,0.167,0.0,0
2026-05-23,early,S06,A,Saturday,0,2,1,1,5,2,0.167,0.0,1
2026-05-23,early,S07,B,Saturday,0,2,3,2,5,2,0.125,0.0,0
2026-05-23,early,S08,B,Saturday,0,1,2,2,5,2,0.125,0.0,0
2026-05-23,early,S09,B,Saturday,0,2,2,2,5,2,0.125,0.0,0
2026-05-23,early,S10,B,Saturday,0,1,2,2,5,2,0.125,0.0,1
2026-05-23,early,S11,B,Saturday,0,3,1,2,5,2,0.125,0.0,0
2026-05-23,early,S12,B,Saturday,0,2,1,2,5,2,0.125,0.0,0
2026-05-23,early,S13,C,Saturday,0,1,2,1,5,2,0.167,0.0,1
2026-05-23,early,S14,C,Saturday,0,2,1,1,5,2,0.167,0.0,0
2026-05-23,early,S15,C,Saturday,1,3,2,1,5,2,0.167,0.0,0
2026-05-23,early,S16,C,Saturday,0,2,1,1,5,2,0.167,0.0,1
2026-05-23,early,S17,C,Saturday,0,2,1,1,5,2,0.167,0.0,0
2026-05-23,early,S18,C,Saturday,1,2,3,1,5,2,0.167,0.0,0
2026-05-23,early,S19,D,Saturday,0,2,3,1,5,2,0.047,0.0,0
2026-05-23,early,S20,D,Saturday,0,3,2,1,5,2,0.047,0.0,0
2026-05-23,early,S21,D,Saturday,0,2,1,1,5,2,0.047,0.0,0
2026-05-23,early,S22,D,Saturday,0,2,2,1,5,2,0.047,0.0,0
2026-05-23,early,S23,D,Saturday,0,1,1,1,5,2,0.047,0.0,0
2026-05-23,early,S24,D,Saturday,0,2,2,1,5,2,0.047,0.0,0
2026-05-18,late,S01,A,Monday,0,3,2,0,1,2,0.13,2.4,0
2026-05-18,late,S02,A,Monday,0,2,2,0,1,2,0.13,2.4,0
2026-05-18,late,S03,A,Monday,0,2,3,0,1,2,0.13,2.4,0
2026-05-18,late,S04,A,Monday,0,3,1,0,1,2,0.13,2.4,0
2026-05-18,late,S05,A,Monday,0,3,3,0,1,2,0.13,2.4,0
2026-05-18,late,S06,A,Monday,0,2,0,0,1,2,0.13,2.4,0
2026-05-18,late,S07,B,Monday,0,3,2,0,1,2,0.094,2.4,0
2026-05-18,late,S08,B,Monday,0,2,1,0,1,2,0.094,2.4,0
2026-05-18,late,S09,B,Monday,0,3,1,0,1,2,0.094,2.4,0
2026-05-18,late,S10,B,Monday,0,2,1,0,1,2,0.094,2.4,0
2026-05-18,late,S11,B,Monday,0,2,2,0,1,2,0.094,2.4,0
2026-05-18,late,S12,B,Monday,0,2,1,0,1,2,0.094,2.4,0
2026-05-18,late,S13,C,Monday,0,2,1,1,1,2,0.161,2.4,0
2026-05-18,late,S14,C,Monday,0,2,2,1,1,2,0.161,2.4,0
2026-05-18,late,S15,C,Monday,1,2,2,1,1,2,0.161,2.4,0
2026-05-18,late,S16,C,Monday,0,2,2,1,1,2,0.161,2.4,0
2026-05-18,late,S17,C,Monday,0,1,2,1,1,2,0.161,2.4,1
2026-05-18,late,S18,C,Monday,1,2,0,1,1,2,0.161,2.4,1
2026-05-18,late,S19,D,Monday,0,2,1,0,1,2,0.167,2.4,0
2026-05-18,late,S20,D,Monday,0,2,2,0,1,2,0.167,2.4,0
2026-05-18,late,S21,D,Monday,0,2,2,0,1,2,0.167,2.4,0
2026-05-18,late,S22,D,Monday,0,3,2,0,1,2,0.167,2.4,0
2026-05-18,late,S23,D,Monday,0,2,2,0,1,2,0.167,2.4,0
2026-05-18,late,S24,D,Monday,0,3,3,0,1,2,0.167,2.4,0
2026-05-19,late,S01,A,Tuesday,0,3,2,0,1,2,0.12,2.4,0
2026-05-19,late,S02,A,Tuesday,0,2,2,0,1,2,0.12,2.4,0
2026-05-19,late,S03,A,Tuesday,0,2,3,0,1,2,0.12,2.4,0
2026-05-19,late,S04,A,Tuesday,0,3,1,0,1,2,0.12,2.4,0
2026-05-19,late,S05,A,Tuesday,0,3,3,0,1,2,0.12,2.4,0
2026-05-19,late,S06,A,Tuesday,0,2,0,0,1,2,0.12,2.4,0
2026-05-19,late,S07,B,Tuesday,0,3,2,0,1,2,0.099,2.4,0
2026-05-19,late,S08,B,Tuesday,0,2,1,0,1,2,0.099,2.4,0
2026-05-19,late,S09,B,Tuesday,0,3,1,0,1,2,0.099,2.4,0
2026-05-19,late,S10,B,Tuesday,0,2,1,0,1,2,0.099,2.4,0
2026-05-19,late,S11,B,Tuesday,0,2,2,0,1,2,0.099,2.4,0
2026-05-19,late,S12,B,Tuesday,0,2,1,0,1,2,0.099,2.4,0
2026-05-19,late,S13,C,Tuesday,0,2,1,1,1,2,0.167,2.4,0
2026-05-19,late,S14,C,Tuesday,0,2,2,1,1,2,0.167,2.4,0
2026-05-19,late,S15,C,Tuesday,1,2,2,1,1,2,0.167,2.4,0
2026-05-19,late,S16,C,Tuesday,0,2,2,1,1,2,0.167,2.4,0
2026-05-19,late,S17,C,Tuesday,0,1,2,1,1,2,0.167,2.4,0
2026-05-19,late,S18,C,Tuesday,1,2,0,1,1,2,0.167,2.4,0
2026-05-19,late,S19,D,Tuesday,0,2,1,0,1,2,0.167,2.4,0
2026-05-19,late,S20,D,Tuesday,0,2,2,0,1,2,0.167,2.4,0
2026-05-19,late,S21,D,Tuesday,0,2,2,0,1,2,0.167,2.4,0
2026-05-19,late,S22,D,Tuesday,0,3,2,0,1,2,0.167,2.4,0
2026-05-19,late,S23,D,Tuesday,0,2,2,0,1,2,0.167,2.4,0
2026-05-19,late,S24,D,Tuesday,0,3,3,0,1,2,0.167,2.4,0
2026-05-20,late,S01,A,Wednesday,0,3,2,0,1,2,0.12,2.4,0
2026-05-20,late,S02,A,Wednesday,0,2,2,0,1,2,0.12,2.4,0
2026-05-20,late,S03,A,Wednesday,0,2,3,0,1,2,0.12,2.4,0
2026-05-20,late,S04,A,Wednesday,0,3,1,0,1,2,0.12,2.4,0
2026-05-20,late,S05,A,Wednesday,0,3,3,0,1,2,0.12,2.4,0
2026-05-20,late,S06,A,Wednesday,0,2,0,0,1,2,0.12,2.4,0
2026-05-20,late,S07,B,Wednesday,0,3,2,0,1,2,0.104,2.4,0
2026-05-20,late,S08,B,Wednesday,0,2,1,0,1,2,0.104,2.4,0
2026-05-20,late,S09,B,Wednesday,0,3,1,0,1,2,0.104,2.4,0
2026-05-20,late,S10,B,Wednesday,0,2,1,0,1,2,0.104,2.4,0
2026-05-20,late,S11,B,Wednesday,0,2,2,0,1,2,0.104,2.4,0
2026-05-20,late,S12,B,Wednesday,0,2,1,0,1,2,0.104,2.4,0
2026-05-20,late,S13,C,Wednesday,0,2,1,1,1,2,0.167,2.4,0
2026-05-20,late,S14,C,Wednesday,0,2,2,1,1,2,0.167,2.4,0
2026-05-20,late,S15,C,Wednesday,1,2,2,1,1,2,0.167,2.4,0
2026-05-20,late,S16,C,Wednesday,0,2,2,1,1,2,0.167,2.4,0
2026-05-20,late,S17,C,Wednesday,0,1,2,1,1,2,0.167,2.4,0
2026-05-20,late,S18,C,Wednesday,1,2,0,1,1,2,0.167,2.4,0
2026-05-20,late,S19,D,Wednesday,0,2,1,0,1,2,0.177,2.4,0
2026-05-20,late,S20,D,Wednesday,0,2,2,0,1,2,0.177,2.4,0
2026-05-20,late,S21,D,Wednesday,0,2,2,0,1,2,0.177,2.4,0
2026-05-20,late,S22,D,Wednesday,0,3,2,0,1,2,0.177,2.4,0
2026-05-20,late,S23,D,Wednesday,0,2,2,0,1,2,0.177,2.4,0
2026-05-20,late,S24,D,Wednesday,0,3,3,0,1,2,0.177,2.4,0
2026-05-21,late,S01,A,Thursday,0,3,2,0,1,2,0.125,2.4,0
2026-05-21,late,S02,A,Thursday,0,2,2,0,1,2,0.125,2.4,0
2026-05-21,late,S03,A,Thursday,0,2,3,0,1,2,0.125,2.4,0
2026-05-21,late,S04,A,Thursday,0,3,1,0,1,2,0.125,2.4,0
2026-05-21,late,S05,A,Thursday,0,3,3,0,1,2,0.125,2.4,0
2026-05-21,late,S06,A,Thursday,0,2,0,0,1,2,0.125,2.4,0
2026-05-21,late,S07,B,Thursday,0,3,2,0,1,2,0.115,2.4,0
2026-05-21,late,S08,B,Thursday,0,2,1,0,1,2,0.115,2.4,0
2026-05-21,late,S09,B,Thursday,0,3,1,0,1,2,0.115,2.4,0
2026-05-21,late,S10,B,Thursday,0,2,1,0,1,2,0.115,2.4,0
2026-05-21,late,S11,B,Thursday,0,2,2,0,1,2,0.115,2.4,0
2026-05-21,late,S12,B,Thursday,0,2,1,0,1,2,0.115,2.4,0
2026-05-21,late,S13,C,Thursday,0,2,1,1,1,2,0.167,2.4,0
2026-05-21,late,S14,C,Thursday,0,2,2,1,1,2,0.167,2.4,0
2026-05-21,late,S15,C,Thursday,1,2,2,1,1,2,0.167,2.4,0
2026-05-21,late,S16,C,Thursday,0,2,2,1,1,2,0.167,2.4,0
2026-05-21,late,S17,C,Thursday,0,1,2,1,1,2,0.167,2.4,0
2026-05-21,late,S18,C,Thursday,1,2,0,1,1,2,0.167,2.4,0
2026-05-21,late,S19,D,Thursday,0,2,1,0,1,2,0.172,2.4,0
2026-05-21,late,S20,D,Thursday,0,2,2,0,1,2,0.172,2.4,0
2026-05-21,late,S21,D,Thursday,0,2,2,0,1,2,0.172,2.4,0
2026-05-21,late,S22,D,Thursday,0,3,2,0,1,2,0.172,2.4,0
2026-05-21,late,S23,D,Thursday,0,2,2,0,1,2,0.172,2.4,0
2026-05-21,late,S24,D,Thursday,0,3,3,0,1,2,0.172,2.4,0
2026-05-22,late,S01,A,Friday,0,3,2,0,1,2,0.13,2.4,0
2026-05-22,late,S02,A,Friday,0,2,2,0,1,2,0.13,2.4,0
2026-05-22,late,S03,A,Friday,0,2,3,0,1,2,0.13,2.4,0
2026-05-22,late,S04,A,Friday,0,3,1,0,1,2,0.13,2.4,0
2026-05-22,late,S05,A,Friday,0,3,3,0,1,2,0.13,2.4,0
2026-05-22,late,S06,A,Friday,0,2,0,0,1,2,0.13,2.4,0
2026-05-22,late,S07,B,Friday,0,3,2,0,1,2,0.109,2.4,0
2026-05-22,late,S08,B,Friday,0,2,1,0,1,2,0.109,2.4,0
2026-05-22,late,S09,B,Friday,0,3,1,0,1,2,0.109,2.4,0
2026-05-22,late,S10,B,Friday,0,2,1,0,1,2,0.109,2.4,0
2026-05-22,late,S11,B,Friday,0,2,2,0,1,2,0.109,2.4,0
2026-05-22,late,S12,B,Friday,0,2,1,0,1,2,0.109,2.4,0
2026-05-22,late,S13,C,Friday,0,2,1,1,1,2,0.161,2.4,0
2026-05-22,late,S14,C,Friday,0,2,2,1,1,2,0.161,2.4,0
2026-05-22,late,S15,C,Friday,1,2,2,1,1,2,0.161,2.4,0
2026-05-22,late,S16,C,Friday,0,2,2,1,1,2,0.161,2.4,1
2026-05-22,late,S17,C,Friday,0,1,2,1,1,2,0.161,2.4,1
2026-05-22,late,S18,C,Friday,1,2,0,1,1,2,0.161,2.4,0
2026-05-22,late,S19,D,Friday,0,2,1,0,1,2,0.167,2.4,0
2026-05-22,late,S20,D,Friday,0,2,2,0,1,2,0.167,2.4,0
2026-05-22,late,S21,D,Friday,0,2,2,0,1,2,0.167,2.4,0
2026-05-22,late,S22,D,Friday,0,3,2,0,1,2,0.167,2.4,0
2026-05-22,late,S23,D,Friday,0,2,2,0,1,2,0.167,2.4,0
2026-05-22,late,S24,D,Friday,0,3,3,0,1,2,0.167,2.4,0
2026-05-23,late,S01,A,Saturday,0,3,2,0,1,2,0.13,2.4,0
2026-05-23,late,S02,A,Saturday,0,2,2,0,1,2,0.13,2.4,0
2026-05-23,late,S03,A,Saturday,0,2,3,0,1,2,0.13,2.4,0
2026-05-23,late,S04,A,Saturday,0,3,1,0,1,2,0.13,2.4,0
2026-05-23,late,S05,A,Saturday,0,3,3,0,1,2,0.13,2.4,0
2026-05-23,late,S06,A,Saturday,0,2,0,0,1,2,0.13,2.4,1
2026-05-23,late,S07,B,Saturday,0,3,2,0,1,2,0.099,2.4,0
2026-05-23,late,S08,B,Saturday,0,2,1,0,1,2,0.099,2.4,0
2026-05-23,late,S09,B,Saturday,0,3,1,0,1,2,0.099,2.4,0
2026-05-23,late,S10,B,Saturday,0,2,1,0,1,2,0.099,2.4,0
2026-05-23,late,S11,B,Saturday,0,2,2,0,1,2,0.099,2.4,0
2026-05-23,late,S12,B,Saturday,0,2,1,0,1,2,0.099,2.4,0
2026-05-23,late,S13,C,Saturday,0,2,1,1,1,2,0.177,2.4,0
2026-05-23,late,S14,C,Saturday,0,2,2,1,1,2,0.177,2.4,0
2026-05-23,late,S15,C,Saturday,1,2,2,1,1,2,0.177,2.4,0
2026-05-23,late,S16,C,Saturday,0,2,2,1,1,2,0.177,2.4,0
2026-05-23,late,S17,C,Saturday,0,1,2,1,1,2,0.177,2.4,0
2026-05-23,late,S18,C,Saturday,1,2,0,1,1,2,0.177,2.4,0
2026-05-23,late,S19,D,Saturday,0,2,1,0,1,2,0.167,2.4,0
2026-05-23,late,S20,D,Saturday,0,2,2,0,1,2,0.167,2.4,0
2026-05-23,late,S21,D,Saturday,0,2,2,0,1,2,0.167,2.4,0
2026-05-23,late,S22,D,Saturday,0,3,2,0,1,2,0.167,2.4,0
2026-05-23,late,S23,D,Saturday,0,2,2,0,1,2,0.167,2.4,0
2026-05-23,late,S24,D,Saturday,0,3,3,0,1,2,0.167,2.4,0
2026-05-18,night,S01,A,Monday,0,3,1,0,1,2,0.167,2.0,0
2026-05-18,night,S02,A,Monday,0,2,2,0,1,2,0.167,2.0,0
2026-05-18,night,S03,A,Monday,0,2,3,0,1,2,0.167,2.0,0
2026-05-18,night,S04,A,Monday,0,3,1,0,1,2,0.167,2.0,0
2026-05-18,night,S05,A,Monday,0,2,3,0,1,2,0.167,2.0,0
2026-05-18,night,S06,A,Monday,0,2,2,0,1,2,0.167,2.0,0
2026-05-18,night,S07,B,Monday,0,2,1,0,1,2,0.151,2.0,0
2026-05-18,night,S08,B,Monday,0,2,2,0,1,2,0.151,2.0,0
2026-05-18,night,S09,B,Monday,0,2,3,0,1,2,0.151,2.0,0
2026-05-18,night,S10,B,Monday,0,2,3,0,1,2,0.151,2.0,0
2026-05-18,night,S11,B,Monday,0,2,1,0,1,2,0.151,2.0,0
2026-05-18,night,S12,B,Monday,0,3,1,0,1,2,0.151,2.0,0
2026-05-18,night,S13,C,Monday,0,2,2,0,1,2,0.13,2.0,1
2026-05-18,night,S14,C,Monday,0,2,3,0,1,2,0.13,2.0,0
2026-05-18,night,S15,C,Monday,1,2,2,0,1,2,0.13,2.0,0
2026-05-18,night,S16,C,Monday,0,2,2,0,1,2,0.13,2.0,0
2026-05-18,night,S17,C,Monday,0,2,0,0,1,2,0.13,2.0,0
2026-05-18,night,S18,C,Monday,1,2,0,0,1,2,0.13,2.0,0
2026-05-18,night,S19,D,Monday,0,3,1,1,1,2,0.109,2.0,0
2026-05-18,night,S20,D,Monday,0,3,2,1,1,2,0.109,2.0,0
2026-05-18,night,S21,D,Monday,0,1,1,1,1,2,0.109,2.0,1
2026-05-18,night,S22,D,Monday,0,3,1,1,1,2,0.109,2.0,0
2026-05-18,night,S23,D,Monday,0,2,2,1,1,2,0.109,2.0,0
2026-05-18,night,S24,D,Monday,0,2,1,1,1,2,0.109,2.0,0
2026-05-19,night,S01,A,Tuesday,0,3,1,0,1,2,0.167,2.0,0
2026-05-19,night,S02,A,Tuesday,0,2,2,0,1,2,0.167,2.0,0
2026-05-19,night,S03,A,Tuesday,0,2,3,0,1,2,0.167,2.0,1
2026-05-19,night,S04,A,Tuesday,0,3,1,0,1,2,0.167,2.0,0
2026-05-19,night,S05,A,Tuesday,0,2,3,0,1,2,0.167,2.0,0
2026-05-19,night,S06,A,Tuesday,0,2,2,0,1,2,0.167,2.0,0
2026-05-19,night,S07,B,Tuesday,0,2,1,0,1,2,0.151,2.0,0
2026-05-19,night,S08,B,Tuesday,0,2,2,0,1,2,0.151,2.0,0
2026-05-19,night,S09,B,Tuesday,0,2,3,0,1,2,0.151,2.0,0
2026-05-19,night,S10,B,Tuesday,0,2,3,0,1,2,0.151,2.0,0
2026-05-19,night,S11,B,Tuesday,0,2,1,0,1,2,0.151,2.0,0
2026-05-19,night,S12,B,Tuesday,0,3,1,0,1,2,0.151,2.0,0
2026-05-19,night,S13,C,Tuesday,0,2,2,0,1,2,0.146,2.0,0
2026-05-19,night,S14,C,Tuesday,0,2,3,0,1,2,0.146,2.0,0
2026-05-19,night,S15,C,Tuesday,1,2,2,0,1,2,0.146,2.0,0
2026-05-19,night,S16,C,Tuesday,0,2,2,0,1,2,0.146,2.0,0
2026-05-19,night,S17,C,Tuesday,0,2,0,0,1,2,0.146,2.0,0
2026-05-19,night,S18,C,Tuesday,1,2,0,0,1,2,0.146,2.0,1
2026-05-19,night,S19,D,Tuesday,0,3,1,1,1,2,0.104,2.0,0
2026-05-19,night,S20,D,Tuesday,0,3,2,1,1,2,0.104,2.0,0
2026-05-19,night,S21,D,Tuesday,0,1,1,1,1,2,0.104,2.0,0
2026-05-19,night,S22,D,Tuesday,0,3,1,1,1,2,0.104,2.0,0
2026-05-19,night,S23,D,Tuesday,0,2,2,1,1,2,0.104,2.0,0
2026-05-19,night,S24,D,Tuesday,0,2,1,1,1,2,0.104,2.0,0
2026-05-20,night,S01,A,Wednesday,0,3,1,0,1,2,0.177,2.0,0
2026-05-20,night,S02,A,Wednesday,0,2,2,0,1,2,0.177,2.0,0
2026-05-20,night,S03,A,Wednesday,0,2,3,0,1,2,0.177,2.0,0
2026-05-20,night,S04,A,Wednesday,0,3,1,0,1,2,0.177,2.0,0
2026-05-20,night,S05,A,Wednesday,0,2,3,0,1,2,0.177,2.0,0
2026-05-20,night,S06,A,Wednesday,0,2,2,0,1,2,0.177,2.0,0
2026-05-20,night,S07,B,Wednesday,0,2,1,0,1,2,0.151,2.0,0
2026-05-20,night,S08,B,Wednesday,0,2,2,0,1,2,0.151,2.0,0
2026-05-20,night,S09,B,Wednesday,0,2,3,0,1,2,0.151,2.0,0
2026-05-20,night,S10,B,Wednesday,0,2,3,0,1,2,0.151,2.0,0
2026-05-20,night,S11,B,Wednesday,0,2,1,0,1,2,0.151,2.0,0
2026-05-20,night,S12,B,Wednesday,0,3,1,0,1,2,0.151,2.0,0
2026-05-20,night,S13,C,Wednesday,0,2,2,0,1,2,0.156,2.0,0
2026-05-20,night,S14,C,Wednesday,0,2,3,0,1,2,0.156,2.0,0
2026-05-20,night,S15,C,Wednesday,1,2,2,0,1,2,0.156,2.0,0
2026-05-20,night,S16,C,Wednesday,0,2,2,0,1,2,0.156,2.0,0
2026-05-20,night,S17,C,Wednesday,0,2,0,0,1,2,0.156,2.0,1
2026-05-20,night,S18,C,Wednesday,1,2,0,0,1,2,0.156,2.0,0
2026-05-20,night,S19,D,Wednesday,0,3,1,1,1,2,0.094,2.0,0
2026-05-20,night,S20,D,Wednesday,0,3,2,1,1,2,0.094,2.0,0
2026-05-20,night,S21,D,Wednesday,0,1,1,1,1,2,0.094,2.0,0
2026-05-20,night,S22,D,Wednesday,0,3,1,1,1,2,0.094,2.0,0
2026-05-20,night,S23,D,Wednesday,0,2,2,1,1,2,0.094,2.0,0
2026-05-20,night,S24,D,Wednesday,0,2,1,1,1,2,0.094,2.0,0
2026-05-21,night,S01,A,Thursday,0,3,1,0,1,2,0.177,2.0,0
2026-05-21,night,S02,A,Thursday,0,2,2,0,1,2,0.177,2.0,0
2026-05-21,night,S03,A,Thursday,0,2,3,0,1,2,0.177,2.0,0
2026-05-21,night,S04,A,Thursday,0,3,1,0,1,2,0.177,2.0,0
2026-05-21,night,S05,A,Thursday,0,2,3,0,1,2,0.177,2.0,0
2026-05-21,night,S06,A,Thursday,0,2,2,0,1,2,0.177,2.0,0
2026-05-21,night,S07,B,Thursday,0,2,1,0,1,2,0.141,2.0,0
2026-05-21,night,S08,B,Thursday,0,2,2,0,1,2,0.141,2.0,0
2026-05-21,night,S09,B,Thursday,0,2,3,0,1,2,0.141,2.0,0
2026-05-21,night,S10,B,Thursday,0,2,3,0,1,2,0.141,2.0,0
2026-05-21,night,S11,B,Thursday,0,2,1,0,1,2,0.141,2.0,0
2026-05-21,night,S12,B,Thursday,0,3,1,0,1,2,0.141,2.0,0
2026-05-21,night,S13,C,Thursday,0,2,2,0,1,2,0.167,2.0,0
2026-05-21,night,S14,C,Thursday,0,2,3,0,1,2,0.167,2.0,0
2026-05-21,night,S15,C,Thursday,1,2,2,0,1,2,0.167,2.0,0
2026-05-21,night,S16,C,Thursday,0,2,2,0,1,2,0.167,2.0,0
2026-05-21,night,S17,C,Thursday,0,2,0,0,1,2,0.167,2.0,1
2026-05-21,night,S18,C,Thursday,1,2,0,0,1,2,0.167,2.0,0
2026-05-21,night,S19,D,Thursday,0,3,1,1,1,2,0.094,2.0,0
2026-05-21,night,S20,D,Thursday,0,3,2,1,1,2,0.094,2.0,0
2026-05-21,night,S21,D,Thursday,0,1,1,1,1,2,0.094,2.0,1
2026-05-21,night,S22,D,Thursday,0,3,1,1,1,2,0.094,2.0,0
2026-05-21,night,S23,D,Thursday,0,2,2,1,1,2,0.094,2.0,0
2026-05-21,night,S24,D,Thursday,0,2,1,1,1,2,0.094,2.0,0
2026-05-22,night,S01,A,Friday,0,3,1,0,1,2,0.167,2.0,0
2026-05-22,night,S02,A,Friday,0,2,2,0,1,2,0.167,2.0,0
2026-05-22,night,S03,A,Friday,0,2,3,0,1,2,0.167,2.0,0
2026-05-22,night,S04,A,Friday,0,3,1,0,1,2,0.167,2.0,0
2026-05-22,night,S05,A,Friday,0,2,3,0,1,2,0.167,2.0,0
2026-05-22,night,S06,A,Friday,0,2,2,0,1,2,0.167,2.0,0
2026-05-22,night,S07,B,Friday,0,2,1,0,1,2,0.146,2.0,0
2026-05-22,night,S08,B,Friday,0,2,2,0,1,2,0.146,2.0,0
2026-05-22,night,S09,B,Friday,0,2,3,0,1,2,0.146,2.0,0
2026-05-22,night,S10,B,Friday,0,2,3,0,1,2,0.146,2.0,0
2026-05-22,night,S11,B,Friday,0,2,1,0,1,2,0.146,2.0,1
2026-05-22,night,S12,B,Friday,0,3,1,0,1,2,0.146,2.0,0
2026-05-22,night,S13,C,Friday,0,2,2,0,1,2,0.167,2.0,0
2026-05-22,night,S14,C,Friday,0,2,3,0,1,2,0.167,2.0,0
2026-05-22,night,S15,C,Friday,1,2,2,0,1,2,0.167,2.0,0
2026-05-22,night,S16,C,Friday,0,2,2,0,1,2,0.167,2.0,0
2026-05-22,night,S17,C,Friday,0,2,0,0,1,2,0.167,2.0,1
2026-05-22,night,S18,C,Friday,1,2,0,0,1,2,0.167,2.0,0
2026-05-22,night,S19,D,Friday,0,3,1,1,1,2,0.104,2.0,0
2026-05-22,night,S20,D,Friday,0,3,2,1,1,2,0.104,2.0,0
2026-05-22,night,S21,D,Friday,0,1,1,1,1,2,0.104,2.0,0
2026-05-22,night,S22,D,Friday,0,3,1,1,1,2,0.104,2.0,0
2026-05-22,night,S23,D,Friday,0,2,2,1,1,2,0.104,2.0,0
2026-05-22,night,S24,D,Friday,0,2,1,1,1,2,0.104,2.0,0
2026-05-23,night,S01,A,Saturday,0,3,1,0,1,2,0.167,2.0,0
2026-05-23,night,S02,A,Saturday,0,2,2,0,1,2,0.167,2.0,0
2026-05-23,night,S03,A,Saturday,0,2,3,0,1,2,0.167,2.0,0
2026-05-23,night,S04,A,Saturday,0,3,1,0,1,2,0.167,2.0,0
2026-05-23,night,S05,A,Saturday,0,2,3,0,1,2,0.167,2.0,0
2026-05-23,night,S06,A,Saturday,0,2,2,0,1,2,0.167,2.0,0
2026-05-23,night,S07,B,Saturday,0,2,1,0,1,2,0.146,2.0,0
2026-05-23,night,S08,B,Saturday,0,2,2,0,1,2,0.146,2.0,0
2026-05-23,night,S09,B,Saturday,0,2,3,0,1,2,0.146,2.0,0
2026-05-23,night,S10,B,Saturday,0,2,3,0,1,2,0.146,2.0,0
2026-05-23,night,S11,B,Saturday,0,2,1,0,1,2,0.146,2.0,0
2026-05-23,night,S12,B,Saturday,0,3,1,0,1,2,0.146,2.0,0
2026-05-23,night,S13,C,Saturday,0,2,2,0,1,2,0.167,2.0,0
2026-05-23,night,S14,C,Saturday,0,2,3,0,1,2,0.167,2.0,0
2026-05-23,night,S15,C,Saturday,1,2,2,0,1,2,0.167,2.0,0
2026-05-23,night,S16,C,Saturday,0,2,2,0,1,2,0.167,2.0,0
2026-05-23,night,S17,C,Saturday,0,2,0,0,1,2,0.167,2.0,0
2026-05-23,night,S18,C,Saturday,1,2,0,0,1,2,0.167,2.0,0
2026-05-23,night,S19,D,Saturday,0,3,1,1,1,2,0.109,2.0,0
2026-05-23,night,S20,D,Saturday,0,3,2,1,1,2,0.109,2.0,0
2026-05-23,night,S21,D,Saturday,0,1,1,1,1,2,0.109,2.0,0
2026-05-23,night,S22,D,Saturday,0,3,1,1,1,2,0.109,2.0,0
2026-05-23,night,S23,D,Saturday,0,2,2,1,1,2,0.109,2.0,0
2026-05-23,night,S24,D,Saturday,0,2,1,1,1,2,0.109,2.0,0
2026-05-25,early,S01,A,Monday,0,2,0,1,5,2,0.177,1.0,0
2026-05-25,early,S02,A,Monday,0,2,2,1,5,2,0.177,1.0,0
2026-05-25,early,S03,A,Monday,0,1,2,1,5,2,0.177,1.0,1
2026-05-25,early,S04,A,Monday,0,2,1,1,5,2,0.177,1.0,0
2026-05-25,early,S05,A,Monday,0,2,2,1,5,2,0.177,1.0,0
2026-05-25,early,S06,A,Monday,0,2,1,1,5,2,0.177,1.0,1
2026-05-25,early,S07,B,Monday,0,2,3,2,5,2,0.125,1.0,0
2026-05-25,early,S08,B,Monday,0,1,2,2,5,2,0.125,1.0,1
2026-05-25,early,S09,B,Monday,0,2,2,2,5,2,0.125,1.0,0
2026-05-25,early,S10,B,Monday,0,1,2,2,5,2,0.125,1.0,0
2026-05-25,early,S11,B,Monday,0,3,1,2,5,2,0.125,1.0,0
2026-05-25,early,S12,B,Monday,0,2,1,2,5,2,0.125,1.0,0
2026-05-25,early,S13,C,Monday,0,1,2,1,5,2,0.167,1.0,1
2026-05-25,early,S14,C,Monday,0,2,1,1,5,2,0.167,1.0,0
2026-05-25,early,S15,C,Monday,1,3,2,1,5,2,0.167,1.0,0
2026-05-25,early,S16,C,Monday,0,2,1,1,5,2,0.167,1.0,0
2026-05-25,early,S17,C,Monday,0,2,1,1,5,2,0.167,1.0,0
2026-05-25,early,S18,C,Monday,1,2,3,1,5,2,0.167,1.0,0
2026-05-25,early,S19,D,Monday,0,2,3,1,5,2,0.052,1.0,0
2026-05-25,early,S20,D,Monday,0,3,2,1,5,2,0.052,1.0,0
2026-05-25,early,S21,D,Monday,0,2,1,1,5,2,0.052,1.0,1
2026-05-25,early,S22,D,Monday,0,2,2,1,5,2,0.052,1.0,0
2026-05-25,early,S23,D,Monday,0,1,1,1,5,2,0.052,1.0,1
2026-05-25,early,S24,D,Monday,0,2,2,1,5,2,0.052,1.0,0
2026-05-26,early,S01,A,Tuesday,0,2,0,1,5,2,0.193,1.0,0
2026-05-26,early,S02,A,Tuesday,0,2,2,1,5,2,0.193,1.0,0
2026-05-26,early,S03,A,Tuesday,0,1,2,1,5,2,0.193,1.0,0
2026-05-26,early,S04,A,Tuesday,0,2,1,1,5,2,0.193,1.0,0
2026-05-26,early,S05,A,Tuesday,0,2,2,1,5,2,0.193,1.0,0
2026-05-26,early,S06,A,Tuesday,0,2,1,1,5,2,0.193,1.0,0
2026-05-26,early,S07,B,Tuesday,0,2,3,2,5,2,0.135,1.0,0
2026-05-26,early,S08,B,Tuesday,0,1,2,2,5,2,0.135,1.0,0
2026-05-26,early,S09,B,Tuesday,0,2,2,2,5,2,0.135,1.0,0
2026-05-26,early,S10,B,Tuesday,0,1,2,2,5,2,0.135,1.0,1
2026-05-26,early,S11,B,Tuesday,0,3,1,2,5,2,0.135,1.0,0
2026-05-26,early,S12,B,Tuesday,0,2,1,2,5,2,0.135,1.0,0
2026-05-26,early,S13,C,Tuesday,0,1,2,1,5,2,0.177,1.0,1
2026-05-26,early,S14,C,Tuesday,0,2,1,1,5,2,0.177,1.0,0
2026-05-26,early,S15,C,Tuesday,1,3,2,1,5,2,0.177,1.0,0
2026-05-26,early,S16,C,Tuesday,0,2,1,1,5,2,0.177,1.0,0
2026-05-26,early,S17,C,Tuesday,0,2,1,1,5,2,0.177,1.0,0
2026-05-26,early,S18,C,Tuesday,1,2,3,1,5,2,0.177,1.0,0
2026-05-26,early,S19,D,Tuesday,0,2,3,1,5,2,0.057,1.0,0
2026-05-26,early,S20,D,Tuesday,0,3,2,1,5,2,0.057,1.0,0
2026-05-26,early,S21,D,Tuesday,0,2,1,1,5,2,0.057,1.0,0
2026-05-26,early,S22,D,Tuesday,0,2,2,1,5,2,0.057,1.0,0
2026-05-26,early,S23,D,Tuesday,0,1,1,1,5,2,0.057,1.0,0
2026-05-26,early,S24,D,Tuesday,0,2,2,1,5,2,0.057,1.0,0
2026-05-27,early,S01,A,Wednesday,0,2,0,1,5,2,0.198,1.0,1
2026-05-27,early,S02,A,Wednesday,0,2,2,1,5,2,0.198,1.0,0
2026-05-27,early,S03,A,Wednesday,0,1,2,1,5,2,0.198,1.0,0
2026-05-27,early,S04,A,Wednesday,0,2,1,1,5,2,0.198,1.0,0
2026-05-27,early,S05,A,Wednesday,0,2,2,1,5,2,0.198,1.0,0
2026-05-27,early,S06,A,Wednesday,0,2,1,1,5,2,0.198,1.0,0
2026-05-27,early,S07,B,Wednesday,0,2,3,2,5,2,0.141,1.0,0
2026-05-27,early,S08,B,Wednesday,0,1,2,2,5,2,0.141,1.0,0
2026-05-27,early,S09,B,Wednesday,0,2,2,2,5,2,0.141,1.0,0
2026-05-27,early,S10,B,Wednesday,0,1,2,2,5,2,0.141,1.0,0
2026-05-27,early,S11,B,Wednesday,0,3,1,2,5,2,0.141,1.0,0
2026-05-27,early,S12,B,Wednesday,0,2,1,2,5,2,0.141,1.0,0
2026-05-27,early,S13,C,Wednesday,0,1,2,1,5,2,0.177,1.0,0
2026-05-27,early,S14,C,Wednesday,0,2,1,1,5,2,0.177,1.0,0
2026-05-27,early,S15,C,Wednesday,1,3,2,1,5,2,0.177,1.0,0
2026-05-27,early,S16,C,Wednesday,0,2,1,1,5,2,0.177,1.0,0
2026-05-27,early,S17,C,Wednesday,0,2,1,1,5,2,0.177,1.0,0
2026-05-27,early,S18,C,Wednesday,1,2,3,1,5,2,0.177,1.0,0
2026-05-27,early,S19,D,Wednesday,0,2,3,1,5,2,0.057,1.0,0
2026-05-27,early,S20,D,Wednesday,0,3,2,1,5,2,0.057,1.0,0
2026-05-27,early,S21,D,Wednesday,0,2,1,1,5,2,0.057,1.0,0
2026-05-27,early,S22,D,Wednesday,0,2,2,1,5,2,0.057,1.0,0
2026-05-27,early,S23,D,Wednesday,0,1,1,1,5,2,0.057,1.0,1
2026-05-27,early,S24,D,Wednesday,0,2,2,1,5,2,0.057,1.0,0
2026-05-28,early,S01,A,Thursday,0,2,0,1,5,2,0.208,1.0,0
2026-05-28,early,S02,A,Thursday,0,2,2,1,5,2,0.208,1.0,0
2026-05-28,early,S03,A,Thursday,0,1,2,1,5,2,0.208,1.0,0
2026-05-28,early,S04,A,Thursday,0,2,1,1,5,2,0.208,1.0,0
2026-05-28,early,S05,A,Thursday,0,2,2,1,5,2,0.208,1.0,0
2026-05-28,early,S06,A,Thursday,0,2,1,1,5,2,0.208,1.0,0
2026-05-28,early,S07,B,Thursday,0,2,3,2,5,2,0.135,1.0,0
2026-05-28,early,S08,B,Thursday,0,1,2,2,5,2,0.135,1.0,0
2026-05-28,early,S09,B,Thursday,0,2,2,2,5,2,0.135,1.0,0
2026-05-28,early,S10,B,Thursday,0,1,2,2,5,2,0.135,1.0,0
2026-05-28,early,S11,B,Thursday,0,3,1,2,5,2,0.135,1.0,0
2026-05-28,early,S12,B,Thursday,0,2,1,2,5,2,0.135,1.0,0
2026-05-28,early,S13,C,Thursday,0,1,2,1,5,2,0.182,1.0,0
2026-05-28,early,S14,C,Thursday,0,2,1,1,5,2,0.182,1.0,0
2026-05-28,early,S15,C,Thursday,1,3,2,1,5,2,0.182,1.0,0
2026-05-28,early,S16,C,Thursday,0,2,1,1,5,2,0.182,1.0,0
2026-05-28,early,S17,C,Thursday,0,2,1,1,5,2,0.182,1.0,0
2026-05-28,early,S18,C,Thursday,1,2,3,1,5,2,0.182,1.0,0
2026-05-28,early,S19,D,Thursday,0,2,3,1,5,2,0.068,1.0,0
2026-05-28,early,S20,D,Thursday,0,3,2,1,5,2,0.068,1.0,0
2026-05-28,early,S21,D,Thursday,0,2,1,1,5,2,0.068,1.0,0
2026-05-28,early,S22,D,Thursday,0,2,2,1,5,2,0.068,1.0,0
2026-05-28,early,S23,D,Thursday,0,1,1,1,5,2,0.068,1.0,0
2026-05-28,early,S24,D,Thursday,0,2,2,1,5,2,0.068,1.0,0
2026-05-29,early,S01,A,Friday,0,2,0,1,5,2,0.208,1.0,0
2026-05-29,early,S02,A,Friday,0,2,2,1,5,2,0.208,1.0,0
2026-05-29,early,S03,A,Friday,0,1,2,1,5,2,0.208,1.0,0
2026-05-29,early,S04,A,Friday,0,2,1,1,5,2,0.208,1.0,0
2026-05-29,early,S05,A,Friday,0,2,2,1,5,2,0.208,1.0,0
2026-05-29,early,S06,A,Friday,0,2,1,1,5,2,0.208,1.0,0
2026-05-29,early,S07,B,Friday,0,2,3,2,5,2,0.141,1.0,0
2026-05-29,early,S08,B,Friday,0,1,2,2,5,2,0.141,1.0,0
2026-05-29,early,S09,B,Friday,0,2,2,2,5,2,0.141,1.0,0
2026-05-29,early,S10,B,Friday,0,1,2,2,5,2,0.141,1.0,0
2026-05-29,early,S11,B,Friday,0,3,1,2,5,2,0.141,1.0,0
2026-05-29,early,S12,B,Friday,0,2,1,2,5,2,0.141,1.0,0
2026-05-29,early,S13,C,Friday,0,1,2,1,5,2,0.177,1.0,0
2026-05-29,early,S14,C,Friday,0,2,1,1,5,2,0.177,1.0,0
2026-05-29,early,S15,C,Friday,1,3,2,1,5,2,0.177,1.0,0
2026-05-29,early,S16,C,Friday,0,2,1,1,5,2,0.177,1.0,0
2026-05-29,early,S17,C,Friday,0,2,1,1,5,2,0.177,1.0,0
2026-05-29,early,S18,C,Friday,1,2,3,1,5,2,0.177,1.0,0
2026-05-29,early,S19,D,Friday,0,2,3,1,5,2,0.068,1.0,1
2026-05-29,early,S20,D,Friday,0,3,2,1,5,2,0.068,1.0,0
2026-05-29,early,S21,D,Friday,0,2,1,1,5,2,0.068,1.0,0
2026-05-29,early,S22,D,Friday,0,2,2,1,5,2,0.068,1.0,0
2026-05-29,early,S23,D,Friday,0,1,1,1,5,2,0.068,1.0,0
2026-05-29,early,S24,D,Friday,0,2,2,1,5,2,0.068,1.0,0
2026-05-30,early,S01,A,Saturday,0,2,0,1,5,2,0.198,1.0,0
2026-05-30,early,S02,A,Saturday,0,2,2,1,5,2,0.198,1.0,0
2026-05-30,early,S03,A,Saturday,0,1,2,1,5,2,0.198,1.0,0
2026-05-30,early,S04,A,Saturday,0,2,1,1,5,2,0.198,1.0,0
2026-05-30,early,S05,A,Saturday,0,2,2,1,5,2,0.198,1.0,0
2026-05-30,early,S06,A,Saturday,0,2,1,1,5,2,0.198,1.0,0
2026-05-30,early,S07,B,Saturday,0,2,3,2,5,2,0.135,1.0,0
2026-05-30,early,S08,B,Saturday,0,1,2,2,5,2,0.135,1.0,0
2026-05-30,early,S09,B,Saturday,0,2,2,2,5,2,0.135,1.0,0
2026-05-30,early,S10,B,Saturday,0,1,2,2,5,2,0.135,1.0,0
2026-05-30,early,S11,B,Saturday,0,3,1,2,5,2,0.135,1.0,0
2026-05-30,early,S12,B,Saturday,0,2,1,2,5,2,0.135,1.0,0
2026-05-30,early,S13,C,Saturday,0,1,2,1,5,2,0.172,1.0,0
2026-05-30,early,S14,C,Saturday,0,2,1,1,5,2,0.172,1.0,0
2026-05-30,early,S15,C,Saturday,1,3,2,1,5,2,0.172,1.0,0
2026-05-30,early,S16,C,Saturday,0,2,1,1,5,2,0.172,1.0,0
2026-05-30,early,S17,C,Saturday,0,2,1,1,5,2,0.172,1.0,0
2026-05-30,early,S18,C,Saturday,1,2,3,1,5,2,0.172,1.0,0
2026-05-30,early,S19,D,Saturday,0,2,3,1,5,2,0.068,1.0,0
2026-05-30,early,S20,D,Saturday,0,3,2,1,5,2,0.068,1.0,0
2026-05-30,early,S21,D,Saturday,0,2,1,1,5,2,0.068,1.0,0
2026-05-30,early,S22,D,Saturday,0,2,2,1,5,2,0.068,1.0,0
2026-05-30,early,S23,D,Saturday,0,1,1,1,5,2,0.068,1.0,0
2026-05-30,early,S24,D,Saturday,0,2,2,1,5,2,0.068,1.0,0
2026-05-25,late,S01,A,Monday,0,3,2,1,2,2,0.146,0.1,0
2026-05-25,late,S02,A,Monday,0,2,2,1,2,2,0.146,0.1,0
2026-05-25,late,S03,A,Monday,0,1,3,1,2,2,0.146,0.1,0
2026-05-25,late,S04,A,Monday,0,3,1,1,2,2,0.146,0.1,0
2026-05-25,late,S05,A,Monday,0,3,3,1,2,2,0.146,0.1,0
2026-05-25,late,S06,A,Monday,0,2,0,1,2,2,0.146,0.1,0
2026-05-25,late,S07,B,Monday,0,3,2,0,2,2,0.094,0.1,0
2026-05-25,late,S08,B,Monday,0,2,1,0,2,2,0.094,0.1,0
2026-05-25,late,S09,B,Monday,0,3,1,0,2,2,0.094,0.1,0
2026-05-25,late,S10,B,Monday,0,2,1,0,2,2,0.094,0.1,0
2026-05-25,late,S11,B,Monday,0,2,2,0,2,2,0.094,0.1,0
2026-05-25,late,S12,B,Monday,0,2,1,0,2,2,0.094,0.1,0
2026-05-25,late,S13,C,Monday,0,2,1,1,2,2,0.177,0.1,0
2026-05-25,late,S14,C,Monday,0,2,2,1,2,2,0.177,0.1,0
2026-05-25,late,S15,C,Monday,1,2,2,1,2,2,0.177,0.1,0
2026-05-25,late,S16,C,Monday,0,2,2,1,2,2,0.177,0.1,0
2026-05-25,late,S17,C,Monday,0,1,2,1,2,2,0.177,0.1,0
2026-05-25,late,S18,C,Monday,1,2,0,1,2,2,0.177,0.1,0
2026-05-25,late,S19,D,Monday,0,2,1,0,2,2,0.156,0.1,0
2026-05-25,late,S20,D,Monday,0,2,2,0,2,2,0.156,0.1,0
2026-05-25,late,S21,D,Monday,0,2,2,0,2,2,0.156,0.1,0
2026-05-25,late,S22,D,Monday,0,3,2,0,2,2,0.156,0.1,0
2026-05-25,late,S23,D,Monday,0,2,2,0,2,2,0.156,0.1,0
2026-05-25,late,S24,D,Monday,0,3,3,0,2,2,0.156,0.1,0
2026-05-26,late,S01,A,Tuesday,0,3,2,1,2,2,0.146,0.1,0
2026-05-26,late,S02,A,Tuesday,0,2,2,1,2,2,0.146,0.1,0
2026-05-26,late,S03,A,Tuesday,0,1,3,1,2,2,0.146,0.1,0
2026-05-26,late,S04,A,Tuesday,0,3,1,1,2,2,0.146,0.1,0
2026-05-26,late,S05,A,Tuesday,0,3,3,1,2,2,0.146,0.1,0
2026-05-26,late,S06,A,Tuesday,0,2,0,1,2,2,0.146,0.1,1
2026-05-26,late,S07,B,Tuesday,0,3,2,0,2,2,0.099,0.1,0
2026-05-26,late,S08,B,Tuesday,0,2,1,0,2,2,0.099,0.1,0
2026-05-26,late,S09,B,Tuesday,0,3,1,0,2,2,0.099,0.1,0
2026-05-26,late,S10,B,Tuesday,0,2,1,0,2,2,0.099,0.1,0
2026-05-26,late,S11,B,Tuesday,0,2,2,0,2,2,0.099,0.1,0
2026-05-26,late,S12,B,Tuesday,0,2,1,0,2,2,0.099,0.1,0
2026-05-26,late,S13,C,Tuesday,0,2,1,1,2,2,0.172,0.1,0
2026-05-26,late,S14,C,Tuesday,0,2,2,1,2,2,0.172,0.1,0
2026-05-26,late,S15,C,Tuesday,1,2,2,1,2,2,0.172,0.1,0
2026-05-26,late,S16,C,Tuesday,0,2,2,1,2,2,0.172,0.1,0
2026-05-26,late,S17,C,Tuesday,0,1,2,1,2,2,0.172,0.1,0
2026-05-26,late,S18,C,Tuesday,1,2,0,1,2,2,0.172,0.1,0
2026-05-26,late,S19,D,Tuesday,0,2,1,0,2,2,0.146,0.1,0
2026-05-26,late,S20,D,Tuesday,0,2,2,0,2,2,0.146,0.1,0
2026-05-26,late,S21,D,Tuesday,0,2,2,0,2,2,0.146,0.1,0
2026-05-26,late,S22,D,Tuesday,0,3,2,0,2,2,0.146,0.1,0
2026-05-26,late,S23,D,Tuesday,0,2,2,0,2,2,0.146,0.1,0
2026-05-26,late,S24,D,Tuesday,0,3,3,0,2,2,0.146,0.1,0
2026-05-27,late,S01,A,Wednesday,0,3,2,1,2,2,0.146,0.1,0
2026-05-27,late,S02,A,Wednesday,0,2,2,1,2,2,0.146,0.1,0
2026-05-27,late,S03,A,Wednesday,0,1,3,1,2,2,0.146,0.1,0
2026-05-27,late,S04,A,Wednesday,0,3,1,1,2,2,0.146,0.1,0
2026-05-27,late,S05,A,Wednesday,0,3,3,1,2,2,0.146,0.1,0
2026-05-27,late,S06,A,Wednesday,0,2,0,1,2,2,0.146,0.1,0
2026-05-27,late,S07,B,Wednesday,0,3,2,0,2,2,0.099,0.1,0
2026-05-27,late,S08,B,Wednesday,0,2,1,0,2,2,0.099,0.1,1
2026-05-27,late,S09,B,Wednesday,0,3,1,0,2,2,0.099,0.1,0
2026-05-27,late,S10,B,Wednesday,0,2,1,0,2,2,0.099,0.1,0
2026-05-27,late,S11,B,Wednesday,0,2,2,0,2,2,0.099,0.1,0
2026-05-27,late,S12,B,Wednesday,0,2,1,0,2,2,0.099,0.1,0
2026-05-27,late,S13,C,Wednesday,0,2,1,1,2,2,0.161,0.1,0
2026-05-27,late,S14,C,Wednesday,0,2,2,1,2,2,0.161,0.1,0
2026-05-27,late,S15,C,Wednesday,1,2,2,1,2,2,0.161,0.1,0
2026-05-27,late,S16,C,Wednesday,0,2,2,1,2,2,0.161,0.1,0
2026-05-27,late,S17,C,Wednesday,0,1,2,1,2,2,0.161,0.1,1
2026-05-27,late,S18,C,Wednesday,1,2,0,1,2,2,0.161,0.1,0
2026-05-27,late,S19,D,Wednesday,0,2,1,0,2,2,0.141,0.1,0
2026-05-27,late,S20,D,Wednesday,0,2,2,0,2,2,0.141,0.1,0
2026-05-27,late,S21,D,Wednesday,0,2,2,0,2,2,0.141,0.1,0
2026-05-27,late,S22,D,Wednesday,0,3,2,0,2,2,0.141,0.1,0
2026-05-27,late,S23,D,Wednesday,0,2,2,0,2,2,0.141,0.1,1
2026-05-27,late,S24,D,Wednesday,0,3,3,0,2,2,0.141,0.1,0
2026-05-28,late,S01,A,Thursday,0,3,2,1,2,2,0.141,0.1,0
2026-05-28,late,S02,A,Thursday,0,2,2,1,2,2,0.141,0.1,0
2026-05-28,late,S03,A,Thursday,0,1,3,1,2,2,0.141,0.1,0
2026-05-28,late,S04,A,Thursday,0,3,1,1,2,2,0.141,0.1,0
2026-05-28,late,S05,A,Thursday,0,3,3,1,2,2,0.141,0.1,0
2026-05-28,late,S06,A,Thursday,0,2,0,1,2,2,0.141,0.1,0
2026-05-28,late,S07,B,Thursday,0,3,2,0,2,2,0.104,0.1,0
2026-05-28,late,S08,B,Thursday,0,2,1,0,2,2,0.104,0.1,0
2026-05-28,late,S09,B,Thursday,0,3,1,0,2,2,0.104,0.1,0
2026-05-28,late,S10,B,Thursday,0,2,1,0,2,2,0.104,0.1,0
2026-05-28,late,S11,B,Thursday,0,2,2,0,2,2,0.104,0.1,0
2026-05-28,late,S12,B,Thursday,0,2,1,0,2,2,0.104,0.1,0
2026-05-28,late,S13,C,Thursday,0,2,1,1,2,2,0.167,0.1,0
2026-05-28,late,S14,C,Thursday,0,2,2,1,2,2,0.167,0.1,0
2026-05-28,late,S15,C,Thursday,1,2,2,1,2,2,0.167,0.1,0
2026-05-28,late,S16,C,Thursday,0,2,2,1,2,2,0.167,0.1,0
2026-05-28,late,S17,C,Thursday,0,1,2,1,2,2,0.167,0.1,0
2026-05-28,late,S18,C,Thursday,1,2,0,1,2,2,0.167,0.1,0
2026-05-28,late,S19,D,Thursday,0,2,1,0,2,2,0.146,0.1,0
2026-05-28,late,S20,D,Thursday,0,2,2,0,2,2,0.146,0.1,0
2026-05-28,late,S21,D,Thursday,0,2,2,0,2,2,0.146,0.1,0
2026-05-28,late,S22,D,Thursday,0,3,2,0,2,2,0.146,0.1,0
2026-05-28,late,S23,D,Thursday,0,2,2,0,2,2,0.146,0.1,0
2026-05-28,late,S24,D,Thursday,0,3,3,0,2,2,0.146,0.1,0
2026-05-29,late,S01,A,Friday,0,3,2,1,2,2,0.13,0.1,0
2026-05-29,late,S02,A,Friday,0,2,2,1,2,2,0.13,0.1,0
2026-05-29,late,S03,A,Friday,0,1,3,1,2,2,0.13,0.1,0
2026-05-29,late,S04,A,Friday,0,3,1,1,2,2,0.13,0.1,0
2026-05-29,late,S05,A,Friday,0,3,3,1,2,2,0.13,0.1,0
2026-05-29,late,S06,A,Friday,0,2,0,1,2,2,0.13,0.1,0
2026-05-29,late,S07,B,Friday,0,3,2,0,2,2,0.104,0.1,0
2026-05-29,late,S08,B,Friday,0,2,1,0,2,2,0.104,0.1,0
2026-05-29,late,S09,B,Friday,0,3,1,0,2,2,0.104,0.1,0
2026-05-29,late,S10,B,Friday,0,2,1,0,2,2,0.104,0.1,0
2026-05-29,late,S11,B,Friday,0,2,2,0,2,2,0.104,0.1,0
2026-05-29,late,S12,B,Friday,0,2,1,0,2,2,0.104,0.1,0
2026-05-29,late,S13,C,Friday,0,2,1,1,2,2,0.172,0.1,0
2026-05-29,late,S14,C,Friday,0,2,2,1,2,2,0.172,0.1,0
2026-05-29,late,S15,C,Friday,1,2,2,1,2,2,0.172,0.1,0
2026-05-29,late,S16,C,Friday,0,2,2,1,2,2,0.172,0.1,0
2026-05-29,late,S17,C,Friday,0,1,2,1,2,2,0.172,0.1,0
2026-05-29,late,S18,C,Friday,1,2,0,1,2,2,0.172,0.1,0
2026-05-29,late,S19,D,Friday,0,2,1,0,2,2,0.141,0.1,0
2026-05-29,late,S20,D,Friday,0,2,2,0,2,2,0.141,0.1,0
2026-05-29,late,S21,D,Friday,0,2,2,0,2,2,0.141,0.1,0
2026-05-29,late,S22,D,Friday,0,3,2,0,2,2,0.141,0.1,0
2026-05-29,late,S23,D,Friday,0,2,2,0,2,2,0.141,0.1,0
2026-05-29,late,S24,D,Friday,0,3,3,0,2,2,0.141,0.1,0
2026-05-30,late,S01,A,Saturday,0,3,2,1,2,2,0.13,0.1,0
2026-05-30,late,S02,A,Saturday,0,2,2,1,2,2,0.13,0.1,0
2026-05-30,late,S03,A,Saturday,0,1,3,1,2,2,0.13,0.1,0
2026-05-30,late,S04,A,Saturday,0,3,1,1,2,2,0.13,0.1,0
2026-05-30,late,S05,A,Saturday,0,3,3,1,2,2,0.13,0.1,0
2026-05-30,late,S06,A,Saturday,0,2,0,1,2,2,0.13,0.1,0
2026-05-30,late,S07,B,Saturday,0,3,2,0,2,2,0.104,0.1,0
2026-05-30,late,S08,B,Saturday,0,2,1,0,2,2,0.104,0.1,0
2026-05-30,late,S09,B,Saturday,0,3,1,0,2,2,0.104,0.1,0
2026-05-30,late,S10,B,Saturday,0,2,1,0,2,2,0.104,0.1,0
2026-05-30,late,S11,B,Saturday,0,2,2,0,2,2,0.104,0.1,0
2026-05-30,late,S12,B,Saturday,0,2,1,0,2,2,0.104,0.1,0
2026-05-30,late,S13,C,Saturday,0,2,1,1,2,2,0.161,0.1,0
2026-05-30,late,S14,C,Saturday,0,2,2,1,2,2,0.161,0.1,0
2026-05-30,late,S15,C,Saturday,1,2,2,1,2,2,0.161,0.1,0
2026-05-30,late,S16,C,Saturday,0,2,2,1,2,2,0.161,0.1,0
2026-05-30,late,S17,C,Saturday,0,1,2,1,2,2,0.161,0.1,0
2026-05-30,late,S18,C,Saturday,1,2,0,1,2,2,0.161,0.1,0
2026-05-30,late,S19,D,Saturday,0,2,1,0,2,2,0.125,0.1,0
2026-05-30,late,S20,D,Saturday,0,2,2,0,2,2,0.125,0.1,0
2026-05-30,late,S21,D,Saturday,0,2,2,0,2,2,0.125,0.1,0
2026-05-30,late,S22,D,Saturday,0,3,2,0,2,2,0.125,0.1,0
2026-05-30,late,S23,D,Saturday,0,2,2,0,2,2,0.125,0.1,0
2026-05-30,late,S24,D,Saturday,0,3,3,0,2,2,0.125,0.1,0
2026-05-25,night,S01,A,Monday,0,3,1,1,2,2,0.161,2.4,0
2026-05-25,night,S02,A,Monday,0,2,2,1,2,2,0.161,2.4,0
2026-05-25,night,S03,A,Monday,0,2,3,1,2,2,0.161,2.4,0
2026-05-25,night,S04,A,Monday,0,1,1,1,2,2,0.161,2.4,0
2026-05-25,night,S05,A,Monday,0,2,3,1,2,2,0.161,2.4,0
2026-05-25,night,S06,A,Monday,0,2,2,1,2,2,0.161,2.4,0
2026-05-25,night,S07,B,Monday,0,2,1,0,2,2,0.146,2.4,0
2026-05-25,night,S08,B,Monday,0,2,2,0,2,2,0.146,2.4,0
2026-05-25,night,S09,B,Monday,0,2,3,0,2,2,0.146,2.4,0
2026-05-25,night,S10,B,Monday,0,2,3,0,2,2,0.146,2.4,0
2026-05-25,night,S11,B,Monday,0,2,1,0,2,2,0.146,2.4,0
2026-05-25,night,S12,B,Monday,0,3,1,0,2,2,0.146,2.4,0
2026-05-25,night,S13,C,Monday,0,2,2,0,2,2,0.167,2.4,0
2026-05-25,night,S14,C,Monday,0,2,3,0,2,2,0.167,2.4,0
2026-05-25,night,S15,C,Monday,1,2,2,0,2,2,0.167,2.4,0
2026-05-25,night,S16,C,Monday,0,2,2,0,2,2,0.167,2.4,0
2026-05-25,night,S17,C,Monday,0,2,0,0,2,2,0.167,2.4,0
2026-05-25,night,S18,C,Monday,1,2,0,0,2,2,0.167,2.4,0
2026-05-25,night,S19,D,Monday,0,3,1,1,2,2,0.104,2.4,0
2026-05-25,night,S20,D,Monday,0,3,2,1,2,2,0.104,2.4,0
2026-05-25,night,S21,D,Monday,0,1,1,1,2,2,0.104,2.4,0
2026-05-25,night,S22,D,Monday,0,3,1,1,2,2,0.104,2.4,0
2026-05-25,night,S23,D,Monday,0,2,2,1,2,2,0.104,2.4,0
2026-05-25,night,S24,D,Monday,0,2,1,1,2,2,0.104,2.4,1
2026-05-26,night,S01,A,Tuesday,0,3,1,1,2,2,0.146,2.4,0
2026-05-26,night,S02,A,Tuesday,0,2,2,1,2,2,0.146,2.4,0
2026-05-26,night,S03,A,Tuesday,0,2,3,1,2,2,0.146,2.4,0
2026-05-26,night,S04,A,Tuesday,0,1,1,1,2,2,0.146,2.4,0
2026-05-26,night,S05,A,Tuesday,0,2,3,1,2,2,0.146,2.4,0
2026-05-26,night,S06,A,Tuesday,0,2,2,1,2,2,0.146,2.4,0
2026-05-26,night,S07,B,Tuesday,0,2,1,0,2,2,0.141,2.4,0
2026-05-26,night,S08,B,Tuesday,0,2,2,0,2,2,0.141,2.4,0
2026-05-26,night,S09,B,Tuesday,0,2,3,0,2,2,0.141,2.4,0
2026-05-26,night,S10,B,Tuesday,0,2,3,0,2,2,0.141,2.4,0
2026-05-26,night,S11,B,Tuesday,0,2,1,0,2,2,0.141,2.4,0
2026-05-26,night,S12,B,Tuesday,0,3,1,0,2,2,0.141,2.4,0
2026-05-26,night,S13,C,Tuesday,0,2,2,0,2,2,0.161,2.4,0
2026-05-26,night,S14,C,Tuesday,0,2,3,0,2,2,0.161,2.4,0
2026-05-26,night,S15,C,Tuesday,1,2,2,0,2,2,0.161,2.4,0
2026-05-26,night,S16,C,Tuesday,0,2,2,0,2,2,0.161,2.4,0
2026-05-26,night,S17,C,Tuesday,0,2,0,0,2,2,0.161,2.4,0
2026-05-26,night,S18,C,Tuesday,1,2,0,0,2,2,0.161,2.4,0
2026-05-26,night,S19,D,Tuesday,0,3,1,1,2,2,0.12,2.4,0
2026-05-26,night,S20,D,Tuesday,0,3,2,1,2,2,0.12,2.4,0
2026-05-26,night,S21,D,Tuesday,0,1,1,1,2,2,0.12,2.4,0
2026-05-26,night,S22,D,Tuesday,0,3,1,1,2,2,0.12,2.4,0
2026-05-26,night,S23,D,Tuesday,0,2,2,1,2,2,0.12,2.4,0
2026-05-26,night,S24,D,Tuesday,0,2,1,1,2,2,0.12,2.4,0
2026-05-27,night,S01,A,Wednesday,0,3,1,1,2,2,0.146,2.4,0
2026-05-27,night,S02,A,Wednesday,0,2,2,1,2,2,0.146,2.4,0
2026-05-27,night,S03,A,Wednesday,0,2,3,1,2,2,0.146,2.4,0
2026-05-27,night,S04,A,Wednesday,0,1,1,1,2,2,0.146,2.4,0
2026-05-27,night,S05,A,Wednesday,0,2,3,1,2,2,0.146,2.4,0
2026-05-27,night,S06,A,Wednesday,0,2,2,1,2,2,0.146,2.4,0
2026-05-27,night,S07,B,Wednesday,0,2,1,0,2,2,0.141,2.4,0
2026-05-27,night,S08,B,Wednesday,0,2,2,0,2,2,0.141,2.4,0
2026-05-27,night,S09,B,Wednesday,0,2,3,0,2,2,0.141,2.4,0
2026-05-27,night,S10,B,Wednesday,0,2,3,0,2,2,0.141,2.4,0
2026-05-27,night,S11,B,Wednesday,0,2,1,0,2,2,0.141,2.4,0
2026-05-27,night,S12,B,Wednesday,0,3,1,0,2,2,0.141,2.4,0
2026-05-27,night,S13,C,Wednesday,0,2,2,0,2,2,0.156,2.4,0
2026-05-27,night,S14,C,Wednesday,0,2,3,0,2,2,0.156,2.4,0
2026-05-27,night,S15,C,Wednesday,1,2,2,0,2,2,0.156,2.4,0
2026-05-27,night,S16,C,Wednesday,0,2,2,0,2,2,0.156,2.4,0
2026-05-27,night,S17,C,Wednesday,0,2,0,0,2,2,0.156,2.4,0
2026-05-27,night,S18,C,Wednesday,1,2,0,0,2,2,0.156,2.4,0
2026-05-27,night,S19,D,Wednesday,0,3,1,1,2,2,0.12,2.4,0
2026-05-27,night,S20,D,Wednesday,0,3,2,1,2,2,0.12,2.4,0
2026-05-27,night,S21,D,Wednesday,0,1,1,1,2,2,0.12,2.4,1
2026-05-27,night,S22,D,Wednesday,0,3,1,1,2,2,0.12,2.4,0
2026-05-27,night,S23,D,Wednesday,0,2,2,1,2,2,0.12,2.4,0
2026-05-27,night,S24,D,Wednesday,0,2,1,1,2,2,0.12,2.4,0
2026-05-28,night,S01,A,Thursday,0,3,1,1,2,2,0.141,2.4,0
2026-05-28,night,S02,A,Thursday,0,2,2,1,2,2,0.141,2.4,0
2026-05-28,night,S03,A,Thursday,0,2,3,1,2,2,0.141,2.4,0
2026-05-28,night,S04,A,Thursday,0,1,1,1,2,2,0.141,2.4,0
2026-05-28,night,S05,A,Thursday,0,2,3,1,2,2,0.141,2.4,0
2026-05-28,night,S06,A,Thursday,0,2,2,1,2,2,0.141,2.4,0
2026-05-28,night,S07,B,Thursday,0,2,1,0,2,2,0.141,2.4,0
2026-05-28,night,S08,B,Thursday,0,2,2,0,2,2,0.141,2.4,0
2026-05-28,night,S09,B,Thursday,0,2,3,0,2,2,0.141,2.4,0
2026-05-28,night,S10,B,Thursday,0,2,3,0,2,2,0.141,2.4,0
2026-05-28,night,S11,B,Thursday,0,2,1,0,2,2,0.141,2.4,0
2026-05-28,night,S12,B,Thursday,0,3,1,0,2,2,0.141,2.4,0
2026-05-28,night,S13,C,Thursday,0,2,2,0,2,2,0.161,2.4,0
2026-05-28,night,S14,C,Thursday,0,2,3,0,2,2,0.161,2.4,0
2026-05-28,night,S15,C,Thursday,1,2,2,0,2,2,0.161,2.4,0
2026-05-28,night,S16,C,Thursday,0,2,2,0,2,2,0.161,2.4,0
2026-05-28,night,S17,C,Thursday,0,2,0,0,2,2,0.161,2.4,1
2026-05-28,night,S18,C,Thursday,1,2,0,0,2,2,0.161,2.4,0
2026-05-28,night,S19,D,Thursday,0,3,1,1,2,2,0.125,2.4,0
2026-05-28,night,S20,D,Thursday,0,3,2,1,2,2,0.125,2.4,0
2026-05-28,night,S21,D,Thursday,0,1,1,1,2,2,0.125,2.4,1
2026-05-28,night,S22,D,Thursday,0,3,1,1,2,2,0.125,2.4,1
2026-05-28,night,S23,D,Thursday,0,2,2,1,2,2,0.125,2.4,0
2026-05-28,night,S24,D,Thursday,0,2,1,1,2,2,0.125,2.4,0
2026-05-29,night,S01,A,Friday,0,3,1,1,2,2,0.135,2.4,0
2026-05-29,night,S02,A,Friday,0,2,2,1,2,2,0.135,2.4,0
2026-05-29,night,S03,A,Friday,0,2,3,1,2,2,0.135,2.4,0
2026-05-29,night,S04,A,Friday,0,1,1,1,2,2,0.135,2.4,1
2026-05-29,night,S05,A,Friday,0,2,3,1,2,2,0.135,2.4,0
2026-05-29,night,S06,A,Friday,0,2,2,1,2,2,0.135,2.4,0
2026-05-29,night,S07,B,Friday,0,2,1,0,2,2,0.141,2.4,0
2026-05-29,night,S08,B,Friday,0,2,2,0,2,2,0.141,2.4,0
2026-05-29,night,S09,B,Friday,0,2,3,0,2,2,0.141,2.4,0
2026-05-29,night,S10,B,Friday,0,2,3,0,2,2,0.141,2.4,0
2026-05-29,night,S11,B,Friday,0,2,1,0,2,2,0.141,2.4,0
2026-05-29,night,S12,B,Friday,0,3,1,0,2,2,0.141,2.4,0
2026-05-29,night,S13,C,Friday,0,2,2,0,2,2,0.156,2.4,0
2026-05-29,night,S14,C,Friday,0,2,3,0,2,2,0.156,2.4,0
2026-05-29,night,S15,C,Friday,1,2,2,0,2,2,0.156,2.4,0
2026-05-29,night,S16,C,Friday,0,2,2,0,2,2,0.156,2.4,1
2026-05-29,night,S17,C,Friday,0,2,0,0,2,2,0.156,2.4,1
2026-05-29,night,S18,C,Friday,1,2,0,0,2,2,0.156,2.4,0
2026-05-29,night,S19,D,Friday,0,3,1,1,2,2,0.135,2.4,0
2026-05-29,night,S20,D,Friday,0,3,2,1,2,2,0.135,2.4,0
2026-05-29,night,S21,D,Friday,0,1,1,1,2,2,0.135,2.4,0
2026-05-29,night,S22,D,Friday,0,3,1,1,2,2,0.135,2.4,0
2026-05-29,night,S23,D,Friday,0,2,2,1,2,2,0.135,2.4,0
2026-05-29,night,S24,D,Friday,0,2,1,1,2,2,0.135,2.4,0
2026-05-30,night,S01,A,Saturday,0,3,1,1,2,2,0.146,2.4,0
2026-05-30,night,S02,A,Saturday,0,2,2,1,2,2,0.146,2.4,0
2026-05-30,night,S03,A,Saturday,0,2,3,1,2,2,0.146,2.4,0
2026-05-30,night,S04,A,Saturday,0,1,1,1,2,2,0.146,2.4,0
2026-05-30,night,S05,A,Saturday,0,2,3,1,2,2,0.146,2.4,0
2026-05-30,night,S06,A,Saturday,0,2,2,1,2,2,0.146,2.4,0
2026-05-30,night,S07,B,Saturday,0,2,1,0,2,2,0.146,2.4,0
2026-05-30,night,S08,B,Saturday,0,2,2,0,2,2,0.146,2.4,0
2026-05-30,night,S09,B,Saturday,0,2,3,0,2,2,0.146,2.4,0
2026-05-30,night,S10,B,Saturday,0,2,3,0,2,2,0.146,2.4,0
2026-05-30,night,S11,B,Saturday,0,2,1,0,2,2,0.146,2.4,0
2026-05-30,night,S12,B,Saturday,0,3,1,0,2,2,0.146,2.4,0
2026-05-30,night,S13,C,Saturday,0,2,2,0,2,2,0.161,2.4,0
2026-05-30,night,S14,C,Saturday,0,2,3,0,2,2,0.161,2.4,0
2026-05-30,night,S15,C,Saturday,1,2,2,0,2,2,0.161,2.4,0
2026-05-30,night,S16,C,Saturday,0,2,2,0,2,2,0.161,2.4,0
2026-05-30,night,S17,C,Saturday,0,2,0,0,2,2,0.161,2.4,0
2026-05-30,night,S18,C,Saturday,1,2,0,0,2,2,0.161,2.4,0
2026-05-30,night,S19,D,Saturday,0,3,1,1,2,2,0.13,2.4,0
2026-05-30,night,S20,D,Saturday,0,3,2,1,2,2,0.13,2.4,0
2026-05-30,night,S21,D,Saturday,0,1,1,1,2,2,0.13,2.4,0
2026-05-30,night,S22,D,Saturday,0,3,1,1,2,2,0.13,2.4,0
2026-05-30,night,S23,D,Saturday,0,2,2,1,2,2,0.13,2.4,0
2026-05-30,night,S24,D,Saturday,0,2,1,1,2,2,0.13,2.4,0
2026-06-01,early,S01,A,Monday,0,1,0,2,7,2,0.188,2.6,1
2026-06-01,early,S02,A,Monday,0,2,2,2,7,2,0.188,2.6,0
2026-06-01,early,S03,A,Monday,0,1,2,2,7,2,0.188,2.6,0
2026-06-01,early,S04,A,Monday,0,2,1,2,7,2,0.188,2.6,0
2026-06-01,early,S05,A,Monday,0,2,2,2,7,2,0.188,2.6,0
2026-06-01,early,S06,A,Monday,0,2,1,2,7,2,0.188,2.6,0
2026-06-01,early,S07,B,Monday,0,2,3,2,7,2,0.13,2.6,0
2026-06-01,early,S08,B,Monday,0,1,2,2,7,2,0.13,2.6,0
2026-06-01,early,S09,B,Monday,0,2,2,2,7,2,0.13,2.6,0
2026-06-01,early,S10,B,Monday,0,1,2,2,7,2,0.13,2.6,0
2026-06-01,early,S11,B,Monday,0,3,1,2,7,2,0.13,2.6,0
2026-06-01,early,S12,B,Monday,0,2,1,2,7,2,0.13,2.6,0
2026-06-01,early,S13,C,Monday,0,1,2,1,7,2,0.172,2.6,0
2026-06-01,early,S14,C,Monday,0,2,1,1,7,2,0.172,2.6,0
2026-06-01,early,S15,C,Monday,1,3,2,1,7,2,0.172,2.6,0
2026-06-01,early,S16,C,Monday,0,2,1,1,7,2,0.172,2.6,0
2026-06-01,early,S17,C,Monday,0,2,1,1,7,2,0.172,2.6,0
2026-06-01,early,S18,C,Monday,1,2,3,1,7,2,0.172,2.6,0
2026-06-01,early,S19,D,Monday,0,2,3,2,7,2,0.062,2.6,0
2026-06-01,early,S20,D,Monday,0,3,2,2,7,2,0.062,2.6,0
2026-06-01,early,S21,D,Monday,0,2,1,2,7,2,0.062,2.6,0
2026-06-01,early,S22,D,Monday,0,1,2,2,7,2,0.062,2.6,0
2026-06-01,early,S23,D,Monday,0,1,1,2,7,2,0.062,2.6,0
2026-06-01,early,S24,D,Monday,0,2,2,2,7,2,0.062,2.6,0
2026-06-02,early,S01,A,Tuesday,0,1,0,2,7,2,0.172,2.6,1
2026-06-02,early,S02,A,Tuesday,0,2,2,2,7,2,0.172,2.6,0
2026-06-02,early,S03,A,Tuesday,0,1,2,2,7,2,0.172,2.6,0
2026-06-02,early,S04,A,Tuesday,0,2,1,2,7,2,0.172,2.6,0
2026-06-02,early,S05,A,Tuesday,0,2,2,2,7,2,0.172,2.6,0
2026-06-02,early,S06,A,Tuesday,0,2,1,2,7,2,0.172,2.6,0
2026-06-02,early,S07,B,Tuesday,0,2,3,2,7,2,0.12,2.6,0
2026-06-02,early,S08,B,Tuesday,0,1,2,2,7,2,0.12,2.6,0
2026-06-02,early,S09,B,Tuesday,0,2,2,2,7,2,0.12,2.6,0
2026-06-02,early,S10,B,Tuesday,0,1,2,2,7,2,0.12,2.6,0
2026-06-02,early,S11,B,Tuesday,0,3,1,2,7,2,0.12,2.6,0
2026-06-02,early,S12,B,Tuesday,0,2,1,2,7,2,0.12,2.6,0
2026-06-02,early,S13,C,Tuesday,0,1,2,1,7,2,0.167,2.6,0
2026-06-02,early,S14,C,Tuesday,0,2,1,1,7,2,0.167,2.6,0
2026-06-02,early,S15,C,Tuesday,1,3,2,1,7,2,0.167,2.6,0
2026-06-02,early,S16,C,Tuesday,0,2,1,1,7,2,0.167,2.6,0
2026-06-02,early,S17,C,Tuesday,0,2,1,1,7,2,0.167,2.6,0
2026-06-02,early,S18,C,Tuesday,1,2,3,1,7,2,0.167,2.6,0
2026-06-02,early,S19,D,Tuesday,0,2,3,2,7,2,0.062,2.6,0
2026-06-02,early,S20,D,Tuesday,0,3,2,2,7,2,0.062,2.6,0
2026-06-02,early,S21,D,Tuesday,0,2,1,2,7,2,0.062,2.6,0
2026-06-02,early,S22,D,Tuesday,0,1,2,2,7,2,0.062,2.6,0
2026-06-02,early,S23,D,Tuesday,0,1,1,2,7,2,0.062,2.6,1
2026-06-02,early,S24,D,Tuesday,0,2,2,2,7,2,0.062,2.6,0
2026-06-03,early,S01,A,Wednesday,0,1,0,2,7,2,0.177,2.6,1
2026-06-03,early,S02,A,Wednesday,0,2,2,2,7,2,0.177,2.6,0
2026-06-03,early,S03,A,Wednesday,0,1,2,2,7,2,0.177,2.6,0
2026-06-03,early,S04,A,Wednesday,0,2,1,2,7,2,0.177,2.6,0
2026-06-03,early,S05,A,Wednesday,0,2,2,2,7,2,0.177,2.6,0
2026-06-03,early,S06,A,Wednesday,0,2,1,2,7,2,0.177,2.6,0
2026-06-03,early,S07,B,Wednesday,0,2,3,2,7,2,0.125,2.6,0
2026-06-03,early,S08,B,Wednesday,0,1,2,2,7,2,0.125,2.6,1
2026-06-03,early,S09,B,Wednesday,0,2,2,2,7,2,0.125,2.6,0
2026-06-03,early,S10,B,Wednesday,0,1,2,2,7,2,0.125,2.6,0
2026-06-03,early,S11,B,Wednesday,0,3,1,2,7,2,0.125,2.6,0
2026-06-03,early,S12,B,Wednesday,0,2,1,2,7,2,0.125,2.6,0
2026-06-03,early,S13,C,Wednesday,0,1,2,1,7,2,0.167,2.6,0
2026-06-03,early,S14,C,Wednesday,0,2,1,1,7,2,0.167,2.6,0
2026-06-03,early,S15,C,Wednesday,1,3,2,1,7,2,0.167,2.6,0
2026-06-03,early,S16,C,Wednesday,0,2,1,1,7,2,0.167,2.6,0
2026-06-03,early,S17,C,Wednesday,0,2,1,1,7,2,0.167,2.6,0
2026-06-03,early,S18,C,Wednesday,1,2,3,1,7,2,0.167,2.6,0
2026-06-03,early,S19,D,Wednesday,0,2,3,2,7,2,0.068,2.6,0
2026-06-03,early,S20,D,Wednesday,0,3,2,2,7,2,0.068,2.6,0
2026-06-03,early,S21,D,Wednesday,0,2,1,2,7,2,0.068,2.6,0
2026-06-03,early,S22,D,Wednesday,0,1,2,2,7,2,0.068,2.6,0
2026-06-03,early,S23,D,Wednesday,0,1,1,2,7,2,0.068,2.6,1
2026-06-03,early,S24,D,Wednesday,0,2,2,2,7,2,0.068,2.6,0
2026-06-04,early,S01,A,Thursday,0,1,0,2,7,2,0.172,2.6,1
2026-06-04,early,S02,A,Thursday,0,2,2,2,7,2,0.172,2.6,0
2026-06-04,early,S03,A,Thursday,0,1,2,2,7,2,0.172,2.6,0
2026-06-04,early,S04,A,Thursday,0,2,1,2,7,2,0.172,2.6,0
2026-06-04,early,S05,A,Thursday,0,2,2,2,7,2,0.172,2.6,0
2026-06-04,early,S06,A,Thursday,0,2,1,2,7,2,0.172,2.6,0
2026-06-04,early,S07,B,Thursday,0,2,3,2,7,2,0.13,2.6,0
2026-06-04,early,S08,B,Thursday,0,1,2,2,7,2,0.13,2.6,0
2026-06-04,early,S09,B,Thursday,0,2,2,2,7,2,0.13,2.6,0
2026-06-04,early,S10,B,Thursday,0,1,2,2,7,2,0.13,2.6,0
2026-06-04,early,S11,B,Thursday,0,3,1,2,7,2,0.13,2.6,0
2026-06-04,early,S12,B,Thursday,0,2,1,2,7,2,0.13,2.6,0
2026-06-04,early,S13,C,Thursday,0,1,2,1,7,2,0.161,2.6,0
2026-06-04,early,S14,C,Thursday,0,2,1,1,7,2,0.161,2.6,0
2026-06-04,early,S15,C,Thursday,1,3,2,1,7,2,0.161,2.6,0
2026-06-04,early,S16,C,Thursday,0,2,1,1,7,2,0.161,2.6,0
2026-06-04,early,S17,C,Thursday,0,2,1,1,7,2,0.161,2.6,0
2026-06-04,early,S18,C,Thursday,1,2,3,1,7,2,0.161,2.6,0
2026-06-04,early,S19,D,Thursday,0,2,3,2,7,2,0.073,2.6,0
2026-06-04,early,S20,D,Thursday,0,3,2,2,7,2,0.073,2.6,0
2026-06-04,early,S21,D,Thursday,0,2,1,2,7,2,0.073,2.6,0
2026-06-04,early,S22,D,Thursday,0,1,2,2,7,2,0.073,2.6,0
2026-06-04,early,S23,D,Thursday,0,1,1,2,7,2,0.073,2.6,1
2026-06-04,early,S24,D,Thursday,0,2,2,2,7,2,0.073,2.6,0
2026-06-05,early,S01,A,Friday,0,1,0,2,7,2,0.161,2.6,1
2026-06-05,early,S02,A,Friday,0,2,2,2,7,2,0.161,2.6,0
2026-06-05,early,S03,A,Friday,0,1,2,2,7,2,0.161,2.6,0
2026-06-05,early,S04,A,Friday,0,2,1,2,7,2,0.161,2.6,0
2026-06-05,early,S05,A,Friday,0,2,2,2,7,2,0.161,2.6,0
2026-06-05,early,S06,A,Friday,0,2,1,2,7,2,0.161,2.6,0
2026-06-05,early,S07,B,Friday,0,2,3,2,7,2,0.125,2.6,0
2026-06-05,early,S08,B,Friday,0,1,2,2,7,2,0.125,2.6,0
2026-06-05,early,S09,B,Friday,0,2,2,2,7,2,0.125,2.6,0
2026-06-05,early,S10,B,Friday,0,1,2,2,7,2,0.125,2.6,1
2026-06-05,early,S11,B,Friday,0,3,1,2,7,2,0.125,2.6,0
2026-06-05,early,S12,B,Friday,0,2,1,2,7,2,0.125,2.6,0
2026-06-05,early,S13,C,Friday,0,1,2,1,7,2,0.161,2.6,0
2026-06-05,early,S14,C,Friday,0,2,1,1,7,2,0.161,2.6,0
2026-06-05,early,S15,C,Friday,1,3,2,1,7,2,0.161,2.6,0
2026-06-05,early,S16,C,Friday,0,2,1,1,7,2,0.161,2.6,0
2026-06-05,early,S17,C,Friday,0,2,1,1,7,2,0.161,2.6,0
2026-06-05,early,S18,C,Friday,1,2,3,1,7,2,0.161,2.6,0
2026-06-05,early,S19,D,Friday,0,2,3,2,7,2,0.078,2.6,0
2026-06-05,early,S20,D,Friday,0,3,2,2,7,2,0.078,2.6,0
2026-06-05,early,S21,D,Friday,0,2,1,2,7,2,0.078,2.6,0
2026-06-05,early,S22,D,Friday,0,1,2,2,7,2,0.078,2.6,1
2026-06-05,early,S23,D,Friday,0,1,1,2,7,2,0.078,2.6,1
2026-06-05,early,S24,D,Friday,0,2,2,2,7,2,0.078,2.6,0
2026-06-06,early,S01,A,Saturday,0,1,0,2,7,2,0.156,2.6,1
2026-06-06,early,S02,A,Saturday,0,2,2,2,7,2,0.156,2.6,0
2026-06-06,early,S03,A,Saturday,0,1,2,2,7,2,0.156,2.6,0
2026-06-06,early,S04,A,Saturday,0,2,1,2,7,2,0.156,2.6,0
2026-06-06,early,S05,A,Saturday,0,2,2,2,7,2,0.156,2.6,0
2026-06-06,early,S06,A,Saturday,0,2,1,2,7,2,0.156,2.6,0
2026-06-06,early,S07,B,Saturday,0,2,3,2,7,2,0.13,2.6,0
2026-06-06,early,S08,B,Saturday,0,1,2,2,7,2,0.13,2.6,1
2026-06-06,early,S09,B,Saturday,0,2,2,2,7,2,0.13,2.6,0
2026-06-06,early,S10,B,Saturday,0,1,2,2,7,2,0.13,2.6,0
2026-06-06,early,S11,B,Saturday,0,3,1,2,7,2,0.13,2.6,0
2026-06-06,early,S12,B,Saturday,0,2,1,2,7,2,0.13,2.6,1
2026-06-06,early,S13,C,Saturday,0,1,2,1,7,2,0.156,2.6,0
2026-06-06,early,S14,C,Saturday,0,2,1,1,7,2,0.156,2.6,0
2026-06-06,early,S15,C,Saturday,1,3,2,1,7,2,0.156,2.6,0
2026-06-06,early,S16,C,Saturday,0,2,1,1,7,2,0.156,2.6,0
2026-06-06,early,S17,C,Saturday,0,2,1,1,7,2,0.156,2.6,0
2026-06-06,early,S18,C,Saturday,1,2,3,1,7,2,0.156,2.6,0
2026-06-06,early,S19,D,Saturday,0,2,3,2,7,2,0.083,2.6,0
2026-06-06,early,S20,D,Saturday,0,3,2,2,7,2,0.083,2.6,0
2026-06-06,early,S21,D,Saturday,0,2,1,2,7,2,0.083,2.6,0
2026-06-06,early,S22,D,Saturday,0,1,2,2,7,2,0.083,2.6,0
2026-06-06,early,S23,D,Saturday,0,1,1,2,7,2,0.083,2.6,0
2026-06-06,early,S24,D,Saturday,0,2,2,2,7,2,0.083,2.6,0
2026-06-01,late,S01,A,Monday,0,3,2,1,3,2,0.115,1.3,0
2026-06-01,late,S02,A,Monday,0,2,2,1,3,2,0.115,1.3,0
2026-06-01,late,S03,A,Monday,0,1,3,1,3,2,0.115,1.3,0
2026-06-01,late,S04,A,Monday,0,3,1,1,3,2,0.115,1.3,0
2026-06-01,late,S05,A,Monday,0,3,3,1,3,2,0.115,1.3,0
2026-06-01,late,S06,A,Monday,0,2,0,1,3,2,0.115,1.3,0
2026-06-01,late,S07,B,Monday,0,3,2,1,3,2,0.109,1.3,0
2026-06-01,late,S08,B,Monday,0,2,1,1,3,2,0.109,1.3,0
2026-06-01,late,S09,B,Monday,0,3,1,1,3,2,0.109,1.3,0
2026-06-01,late,S10,B,Monday,0,1,1,1,3,2,0.109,1.3,0
2026-06-01,late,S11,B,Monday,0,2,2,1,3,2,0.109,1.3,0
2026-06-01,late,S12,B,Monday,0,2,1,1,3,2,0.109,1.3,0
2026-06-01,late,S13,C,Monday,0,2,1,1,3,2,0.167,1.3,0
2026-06-01,late,S14,C,Monday,0,2,2,1,3,2,0.167,1.3,0
2026-06-01,late,S15,C,Monday,1,2,2,1,3,2,0.167,1.3,0
2026-06-01,late,S16,C,Monday,0,2,2,1,3,2,0.167,1.3,0
2026-06-01,late,S17,C,Monday,0,1,2,1,3,2,0.167,1.3,1
2026-06-01,late,S18,C,Monday,1,2,0,1,3,2,0.167,1.3,0
2026-06-01,late,S19,D,Monday,0,2,1,0,3,2,0.125,1.3,0
2026-06-01,late,S20,D,Monday,0,2,2,0,3,2,0.125,1.3,0
2026-06-01,late,S21,D,Monday,0,2,2,0,3,2,0.125,1.3,0
2026-06-01,late,S22,D,Monday,0,3,2,0,3,2,0.125,1.3,0
2026-06-01,late,S23,D,Monday,0,2,2,0,3,2,0.125,1.3,0
2026-06-01,late,S24,D,Monday,0,3,3,0,3,2,0.125,1.3,0
2026-06-02,late,S01,A,Tuesday,0,3,2,1,3,2,0.115,1.3,0
2026-06-02,late,S02,A,Tuesday,0,2,2,1,3,2,0.115,1.3,0
2026-06-02,late,S03,A,Tuesday,0,1,3,1,3,2,0.115,1.3,0
2026-06-02,late,S04,A,Tuesday,0,3,1,1,3,2,0.115,1.3,0
2026-06-02,late,S05,A,Tuesday,0,3,3,1,3,2,0.115,1.3,0
2026-06-02,late,S06,A,Tuesday,0,2,0,1,3,2,0.115,1.3,0
2026-06-02,late,S07,B,Tuesday,0,3,2,1,3,2,0.115,1.3,0
2026-06-02,late,S08,B,Tuesday,0,2,1,1,3,2,0.115,1.3,0
2026-06-02,late,S09,B,Tuesday,0,3,1,1,3,2,0.115,1.3,0
2026-06-02,late,S10,B,Tuesday,0,1,1,1,3,2,0.115,1.3,1
2026-06-02,late,S11,B,Tuesday,0,2,2,1,3,2,0.115,1.3,0
2026-06-02,late,S12,B,Tuesday,0,2,1,1,3,2,0.115,1.3,0
2026-06-02,late,S13,C,Tuesday,0,2,1,1,3,2,0.177,1.3,0
2026-06-02,late,S14,C,Tuesday,0,2,2,1,3,2,0.177,1.3,0
2026-06-02,late,S15,C,Tuesday,1,2,2,1,3,2,0.177,1.3,0
2026-06-02,late,S16,C,Tuesday,0,2,2,1,3,2,0.177,1.3,0
2026-06-02,late,S17,C,Tuesday,0,1,2,1,3,2,0.177,1.3,0
2026-06-02,late,S18,C,Tuesday,1,2,0,1,3,2,0.177,1.3,0
2026-06-02,late,S19,D,Tuesday,0,2,1,0,3,2,0.135,1.3,0
2026-06-02,late,S20,D,Tuesday,0,2,2,0,3,2,0.135,1.3,0
2026-06-02,late,S21,D,Tuesday,0,2,2,0,3,2,0.135,1.3,0
2026-06-02,late,S22,D,Tuesday,0,3,2,0,3,2,0.135,1.3,0
2026-06-02,late,S23,D,Tuesday,0,2,2,0,3,2,0.135,1.3,0
2026-06-02,late,S24,D,Tuesday,0,3,3,0,3,2,0.135,1.3,0
2026-06-03,late,S01,A,Wednesday,0,3,2,1,3,2,0.12,1.3,0
2026-06-03,late,S02,A,Wednesday,0,2,2,1,3,2,0.12,1.3,0
2026-06-03,late,S03,A,Wednesday,0,1,3,1,3,2,0.12,1.3,0
2026-06-03,late,S04,A,Wednesday,0,3,1,1,3,2,0.12,1.3,0
2026-06-03,late,S05,A,Wednesday,0,3,3,1,3,2,0.12,1.3,0
2026-06-03,late,S06,A,Wednesday,0,2,0,1,3,2,0.12,1.3,0
2026-06-03,late,S07,B,Wednesday,0,3,2,1,3,2,0.12,1.3,0
2026-06-03,late,S08,B,Wednesday,0,2,1,1,3,2,0.12,1.3,0
2026-06-03,late,S09,B,Wednesday,0,3,1,1,3,2,0.12,1.3,0
2026-06-03,late,S10,B,Wednesday,0,1,1,1,3,2,0.12,1.3,1
2026-06-03,late,S11,B,Wednesday,0,2,2,1,3,2,0.12,1.3,0
2026-06-03,late,S12,B,Wednesday,0,2,1,1,3,2,0.12,1.3,0
2026-06-03,late,S13,C,Wednesday,0,2,1,1,3,2,0.172,1.3,0
2026-06-03,late,S14,C,Wednesday,0,2,2,1,3,2,0.172,1.3,0
2026-06-03,late,S15,C,Wednesday,1,2,2,1,3,2,0.172,1.3,0
2026-06-03,late,S16,C,Wednesday,0,2,2,1,3,2,0.172,1.3,0
2026-06-03,late,S17,C,Wednesday,0,1,2,1,3,2,0.172,1.3,0
2026-06-03,late,S18,C,Wednesday,1,2,0,1,3,2,0.172,1.3,0
2026-06-03,late,S19,D,Wednesday,0,2,1,0,3,2,0.13,1.3,0
2026-06-03,late,S20,D,Wednesday,0,2,2,0,3,2,0.13,1.3,0
2026-06-03,late,S21,D,Wednesday,0,2,2,0,3,2,0.13,1.3,0
2026-06-03,late,S22,D,Wednesday,0,3,2,0,3,2,0.13,1.3,0
2026-06-03,late,S23,D,Wednesday,0,2,2,0,3,2,0.13,1.3,0
2026-06-03,late,S24,D,Wednesday,0,3,3,0,3,2,0.13,1.3,0
2026-06-04,late,S01,A,Thursday,0,3,2,1,3,2,0.115,1.3,0
2026-06-04,late,S02,A,Thursday,0,2,2,1,3,2,0.115,1.3,0
2026-06-04,late,S03,A,Thursday,0,1,3,1,3,2,0.115,1.3,0
2026-06-04,late,S04,A,Thursday,0,3,1,1,3,2,0.115,1.3,0
2026-06-04,late,S05,A,Thursday,0,3,3,1,3,2,0.115,1.3,0
2026-06-04,late,S06,A,Thursday,0,2,0,1,3,2,0.115,1.3,0
2026-06-04,late,S07,B,Thursday,0,3,2,1,3,2,0.125,1.3,0
2026-06-04,late,S08,B,Thursday,0,2,1,1,3,2,0.125,1.3,0
2026-06-04,late,S09,B,Thursday,0,3,1,1,3,2,0.125,1.3,0
2026-06-04,late,S10,B,Thursday,0,1,1,1,3,2,0.125,1.3,1
2026-06-04,late,S11,B,Thursday,0,2,2,1,3,2,0.125,1.3,0
2026-06-04,late,S12,B,Thursday,0,2,1,1,3,2,0.125,1.3,0
2026-06-04,late,S13,C,Thursday,0,2,1,1,3,2,0.172,1.3,0
2026-06-04,late,S14,C,Thursday,0,2,2,1,3,2,0.172,1.3,0
2026-06-04,late,S15,C,Thursday,1,2,2,1,3,2,0.172,1.3,0
2026-06-04,late,S16,C,Thursday,0,2,2,1,3,2,0.172,1.3,0
2026-06-04,late,S17,C,Thursday,0,1,2,1,3,2,0.172,1.3,0
2026-06-04,late,S18,C,Thursday,1,2,0,1,3,2,0.172,1.3,0
2026-06-04,late,S19,D,Thursday,0,2,1,0,3,2,0.125,1.3,0
2026-06-04,late,S20,D,Thursday,0,2,2,0,3,2,0.125,1.3,0
2026-06-04,late,S21,D,Thursday,0,2,2,0,3,2,0.125,1.3,0
2026-06-04,late,S22,D,Thursday,0,3,2,0,3,2,0.125,1.3,0
2026-06-04,late,S23,D,Thursday,0,2,2,0,3,2,0.125,1.3,0
2026-06-04,late,S24,D,Thursday,0,3,3,0,3,2,0.125,1.3,0
2026-06-05,late,S01,A,Friday,0,3,2,1,3,2,0.115,1.3,0
2026-06-05,late,S02,A,Friday,0,2,2,1,3,2,0.115,1.3,0
2026-06-05,late,S03,A,Friday,0,1,3,1,3,2,0.115,1.3,1
2026-06-05,late,S04,A,Friday,0,3,1,1,3,2,0.115,1.3,0
2026-06-05,late,S05,A,Friday,0,3,3,1,3,2,0.115,1.3,0
2026-06-05,late,S06,A,Friday,0,2,0,1,3,2,0.115,1.3,1
2026-06-05,late,S07,B,Friday,0,3,2,1,3,2,0.13,1.3,0
2026-06-05,late,S08,B,Friday,0,2,1,1,3,2,0.13,1.3,0
2026-06-05,late,S09,B,Friday,0,3,1,1,3,2,0.13,1.3,0
2026-06-05,late,S10,B,Friday,0,1,1,1,3,2,0.13,1.3,0
2026-06-05,late,S11,B,Friday,0,2,2,1,3,2,0.13,1.3,1
2026-06-05,late,S12,B,Friday,0,2,1,1,3,2,0.13,1.3,1
2026-06-05,late,S13,C,Friday,0,2,1,1,3,2,0.167,1.3,0
2026-06-05,late,S14,C,Friday,0,2,2,1,3,2,0.167,1.3,0
2026-06-05,late,S15,C,Friday,1,2,2,1,3,2,0.167,1.3,0
2026-06-05,late,S16,C,Friday,0,2,2,1,3,2,0.167,1.3,0
2026-06-05,late,S17,C,Friday,0,1,2,1,3,2,0.167,1.3,0
2026-06-05,late,S18,C,Friday,1,2,0,1,3,2,0.167,1.3,0
2026-06-05,late,S19,D,Friday,0,2,1,0,3,2,0.12,1.3,0
2026-06-05,late,S20,D,Friday,0,2,2,0,3,2,0.12,1.3,0
2026-06-05,late,S21,D,Friday,0,2,2,0,3,2,0.12,1.3,0
2026-06-05,late,S22,D,Friday,0,3,2,0,3,2,0.12,1.3,0
2026-06-05,late,S23,D,Friday,0,2,2,0,3,2,0.12,1.3,0
2026-06-05,late,S24,D,Friday,0,3,3,0,3,2,0.12,1.3,0
2026-06-06,late,S01,A,Saturday,0,3,2,1,3,2,0.12,1.3,0
2026-06-06,late,S02,A,Saturday,0,2,2,1,3,2,0.12,1.3,0
2026-06-06,late,S03,A,Saturday,0,1,3,1,3,2,0.12,1.3,0
2026-06-06,late,S04,A,Saturday,0,3,1,1,3,2,0.12,1.3,0
2026-06-06,late,S05,A,Saturday,0,3,3,1,3,2,0.12,1.3,0
2026-06-06,late,S06,A,Saturday,0,2,0,1,3,2,0.12,1.3,0
2026-06-06,late,S07,B,Saturday,0,3,2,1,3,2,0.146,1.3,0
2026-06-06,late,S08,B,Saturday,0,2,1,1,3,2,0.146,1.3,0
2026-06-06,late,S09,B,Saturday,0,3,1,1,3,2,0.146,1.3,1
2026-06-06,late,S10,B,Saturday,0,1,1,1,3,2,0.146,1.3,0
2026-06-06,late,S11,B,Saturday,0,2,2,1,3,2,0.146,1.3,0
2026-06-06,late,S12,B,Saturday,0,2,1,1,3,2,0.146,1.3,0
2026-06-06,late,S13,C,Saturday,0,2,1,1,3,2,0.161,1.3,0
2026-06-06,late,S14,C,Saturday,0,2,2,1,3,2,0.161,1.3,0
2026-06-06,late,S15,C,Saturday,1,2,2,1,3,2,0.161,1.3,0
2026-06-06,late,S16,C,Saturday,0,2,2,1,3,2,0.161,1.3,0
2026-06-06,late,S17,C,Saturday,0,1,2,1,3,2,0.161,1.3,0
2026-06-06,late,S18,C,Saturday,1,2,0,1,3,2,0.161,1.3,0
2026-06-06,late,S19,D,Saturday,0,2,1,0,3,2,0.12,1.3,0
2026-06-06,late,S20,D,Saturday,0,2,2,0,3,2,0.12,1.3,0
2026-06-06,late,S21,D,Saturday,0,2,2,0,3,2,0.12,1.3,0
2026-06-06,late,S22,D,Saturday,0,3,2,0,3,2,0.12,1.3,0
2026-06-06,late,S23,D,Saturday,0,2,2,0,3,2,0.12,1.3,0
2026-06-06,late,S24,D,Saturday,0,3,3,0,3,2,0.12,1.3,0
2026-06-01,night,S01,A,Monday,0,3,1,1,5,2,0.135,0.4,0
2026-06-01,night,S02,A,Monday,0,2,2,1,5,2,0.135,0.4,0
2026-06-01,night,S03,A,Monday,0,2,3,1,5,2,0.135,0.4,0
2026-06-01,night,S04,A,Monday,0,1,1,1,5,2,0.135,0.4,0
2026-06-01,night,S05,A,Monday,0,2,3,1,5,2,0.135,0.4,0
2026-06-01,night,S06,A,Monday,0,2,2,1,5,2,0.135,0.4,0
2026-06-01,night,S07,B,Monday,0,2,1,1,5,2,0.141,0.4,0
2026-06-01,night,S08,B,Monday,0,2,2,1,5,2,0.141,0.4,0
2026-06-01,night,S09,B,Monday,0,2,3,1,5,2,0.141,0.4,0
2026-06-01,night,S10,B,Monday,0,2,3,1,5,2,0.141,0.4,0
2026-06-01,night,S11,B,Monday,0,2,1,1,5,2,0.141,0.4,0
2026-06-01,night,S12,B,Monday,0,1,1,1,5,2,0.141,0.4,1
2026-06-01,night,S13,C,Monday,0,2,2,2,5,2,0.167,0.4,0
2026-06-01,night,S14,C,Monday,0,2,3,2,5,2,0.167,0.4,0
2026-06-01,night,S15,C,Monday,1,1,2,2,5,2,0.167,0.4,0
2026-06-01,night,S16,C,Monday,0,2,2,2,5,2,0.167,0.4,0
2026-06-01,night,S17,C,Monday,0,2,0,2,5,2,0.167,0.4,0
2026-06-01,night,S18,C,Monday,1,1,0,2,5,2,0.167,0.4,1
2026-06-01,night,S19,D,Monday,0,3,1,1,5,2,0.125,0.4,0
2026-06-01,night,S20,D,Monday,0,3,2,1,5,2,0.125,0.4,0
2026-06-01,night,S21,D,Monday,0,1,1,1,5,2,0.125,0.4,0
2026-06-01,night,S22,D,Monday,0,3,1,1,5,2,0.125,0.4,0
2026-06-01,night,S23,D,Monday,0,2,2,1,5,2,0.125,0.4,0
2026-06-01,night,S24,D,Monday,0,2,1,1,5,2,0.125,0.4,0
2026-06-02,night,S01,A,Tuesday,0,3,1,1,5,2,0.135,0.4,0
2026-06-02,night,S02,A,Tuesday,0,2,2,1,5,2,0.135,0.4,0
2026-06-02,night,S03,A,Tuesday,0,2,3,1,5,2,0.135,0.4,0
2026-06-02,night,S04,A,Tuesday,0,1,1,1,5,2,0.135,0.4,1
2026-06-02,night,S05,A,Tuesday,0,2,3,1,5,2,0.135,0.4,0
2026-06-02,night,S06,A,Tuesday,0,2,2,1,5,2,0.135,0.4,0
2026-06-02,night,S07,B,Tuesday,0,2,1,1,5,2,0.141,0.4,0
2026-06-02,night,S08,B,Tuesday,0,2,2,1,5,2,0.141,0.4,0
2026-06-02,night,S09,B,Tuesday,0,2,3,1,5,2,0.141,0.4,0
2026-06-02,night,S10,B,Tuesday,0,2,3,1,5,2,0.141,0.4,0
2026-06-02,night,S11,B,Tuesday,0,2,1,1,5,2,0.141,0.4,0
2026-06-02,night,S12,B,Tuesday,0,1,1,1,5,2,0.141,0.4,1
2026-06-02,night,S13,C,Tuesday,0,2,2,2,5,2,0.177,0.4,0
2026-06-02,night,S14,C,Tuesday,0,2,3,2,5,2,0.177,0.4,0
2026-06-02,night,S15,C,Tuesday,1,1,2,2,5,2,0.177,0.4,0
2026-06-02,night,S16,C,Tuesday,0,2,2,2,5,2,0.177,0.4,0
2026-06-02,night,S17,C,Tuesday,0,2,0,2,5,2,0.177,0.4,0
2026-06-02,night,S18,C,Tuesday,1,1,0,2,5,2,0.177,0.4,1
2026-06-02,night,S19,D,Tuesday,0,3,1,1,5,2,0.125,0.4,0
2026-06-02,night,S20,D,Tuesday,0,3,2,1,5,2,0.125,0.4,1
2026-06-02,night,S21,D,Tuesday,0,1,1,1,5,2,0.125,0.4,1
2026-06-02,night,S22,D,Tuesday,0,3,1,1,5,2,0.125,0.4,0
2026-06-02,night,S23,D,Tuesday,0,2,2,1,5,2,0.125,0.4,0
2026-06-02,night,S24,D,Tuesday,0,2,1,1,5,2,0.125,0.4,0
2026-06-03,night,S01,A,Wednesday,0,3,1,1,5,2,0.13,0.4,0
2026-06-03,night,S02,A,Wednesday,0,2,2,1,5,2,0.13,0.4,0
2026-06-03,night,S03,A,Wednesday,0,2,3,1,5,2,0.13,0.4,0
2026-06-03,night,S04,A,Wednesday,0,1,1,1,5,2,0.13,0.4,0
2026-06-03,night,S05,A,Wednesday,0,2,3,1,5,2,0.13,0.4,0
2026-06-03,night,S06,A,Wednesday,0,2,2,1,5,2,0.13,0.4,0
2026-06-03,night,S07,B,Wednesday,0,2,1,1,5,2,0.146,0.4,0
2026-06-03,night,S08,B,Wednesday,0,2,2,1,5,2,0.146,0.4,0
2026-06-03,night,S09,B,Wednesday,0,2,3,1,5,2,0.146,0.4,0
2026-06-03,night,S10,B,Wednesday,0,2,3,1,5,2,0.146,0.4,0
2026-06-03,night,S11,B,Wednesday,0,2,1,1,5,2,0.146,0.4,0
2026-06-03,night,S12,B,Wednesday,0,1,1,1,5,2,0.146,0.4,0
2026-06-03,night,S13,C,Wednesday,0,2,2,2,5,2,0.182,0.4,0
2026-06-03,night,S14,C,Wednesday,0,2,3,2,5,2,0.182,0.4,0
2026-06-03,night,S15,C,Wednesday,1,1,2,2,5,2,0.182,0.4,0
2026-06-03,night,S16,C,Wednesday,0,2,2,2,5,2,0.182,0.4,0
2026-06-03,night,S17,C,Wednesday,0,2,0,2,5,2,0.182,0.4,0
2026-06-03,night,S18,C,Wednesday,1,1,0,2,5,2,0.182,0.4,1
2026-06-03,night,S19,D,Wednesday,0,3,1,1,5,2,0.141,0.4,0
2026-06-03,night,S20,D,Wednesday,0,3,2,1,5,2,0.141,0.4,0
2026-06-03,night,S21,D,Wednesday,0,1,1,1,5,2,0.141,0.4,0
2026-06-03,night,S22,D,Wednesday,0,3,1,1,5,2,0.141,0.4,0
2026-06-03,night,S23,D,Wednesday,0,2,2,1,5,2,0.141,0.4,0
2026-06-03,night,S24,D,Wednesday,0,2,1,1,5,2,0.141,0.4,0
2026-06-04,night,S01,A,Thursday,0,3,1,1,5,2,0.12,0.4,0
2026-06-04,night,S02,A,Thursday,0,2,2,1,5,2,0.12,0.4,0
2026-06-04,night,S03,A,Thursday,0,2,3,1,5,2,0.12,0.4,0
2026-06-04,night,S04,A,Thursday,0,1,1,1,5,2,0.12,0.4,0
2026-06-04,night,S05,A,Thursday,0,2,3,1,5,2,0.12,0.4,0
2026-06-04,night,S06,A,Thursday,0,2,2,1,5,2,0.12,0.4,0
2026-06-04,night,S07,B,Thursday,0,2,1,1,5,2,0.135,0.4,0
2026-06-04,night,S08,B,Thursday,0,2,2,1,5,2,0.135,0.4,0
2026-06-04,night,S09,B,Thursday,0,2,3,1,5,2,0.135,0.4,0
2026-06-04,night,S10,B,Thursday,0,2,3,1,5,2,0.135,0.4,0
2026-06-04,night,S11,B,Thursday,0,2,1,1,5,2,0.135,0.4,0
2026-06-04,night,S12,B,Thursday,0,1,1,1,5,2,0.135,0.4,0
2026-06-04,night,S13,C,Thursday,0,2,2,2,5,2,0.188,0.4,0
2026-06-04,night,S14,C,Thursday,0,2,3,2,5,2,0.188,0.4,0
2026-06-04,night,S15,C,Thursday,1,1,2,2,5,2,0.188,0.4,0
2026-06-04,night,S16,C,Thursday,0,2,2,2,5,2,0.188,0.4,0
2026-06-04,night,S17,C,Thursday,0,2,0,2,5,2,0.188,0.4,0
2026-06-04,night,S18,C,Thursday,1,1,0,2,5,2,0.188,0.4,1
2026-06-04,night,S19,D,Thursday,0,3,1,1,5,2,0.135,0.4,0
2026-06-04,night,S20,D,Thursday,0,3,2,1,5,2,0.135,0.4,0
2026-06-04,night,S21,D,Thursday,0,1,1,1,5,2,0.135,0.4,0
2026-06-04,night,S22,D,Thursday,0,3,1,1,5,2,0.135,0.4,0
2026-06-04,night,S23,D,Thursday,0,2,2,1,5,2,0.135,0.4,0
2026-06-04,night,S24,D,Thursday,0,2,1,1,5,2,0.135,0.4,0
2026-06-05,night,S01,A,Friday,0,3,1,1,5,2,0.115,0.4,0
2026-06-05,night,S02,A,Friday,0,2,2,1,5,2,0.115,0.4,0
2026-06-05,night,S03,A,Friday,0,2,3,1,5,2,0.115,0.4,0
2026-06-05,night,S04,A,Friday,0,1,1,1,5,2,0.115,0.4,0
2026-06-05,night,S05,A,Friday,0,2,3,1,5,2,0.115,0.4,0
2026-06-05,night,S06,A,Friday,0,2,2,1,5,2,0.115,0.4,0
2026-06-05,night,S07,B,Friday,0,2,1,1,5,2,0.141,0.4,0
2026-06-05,night,S08,B,Friday,0,2,2,1,5,2,0.141,0.4,0
2026-06-05,night,S09,B,Friday,0,2,3,1,5,2,0.141,0.4,0
2026-06-05,night,S10,B,Friday,0,2,3,1,5,2,0.141,0.4,0
2026-06-05,night,S11,B,Friday,0,2,1,1,5,2,0.141,0.4,0
2026-06-05,night,S12,B,Friday,0,1,1,1,5,2,0.141,0.4,0
2026-06-05,night,S13,C,Friday,0,2,2,2,5,2,0.182,0.4,0
2026-06-05,night,S14,C,Friday,0,2,3,2,5,2,0.182,0.4,0
2026-06-05,night,S15,C,Friday,1,1,2,2,5,2,0.182,0.4,0
2026-06-05,night,S16,C,Friday,0,2,2,2,5,2,0.182,0.4,0
2026-06-05,night,S17,C,Friday,0,2,0,2,5,2,0.182,0.4,0
2026-06-05,night,S18,C,Friday,1,1,0,2,5,2,0.182,0.4,1
2026-06-05,night,S19,D,Friday,0,3,1,1,5,2,0.13,0.4,0
2026-06-05,night,S20,D,Friday,0,3,2,1,5,2,0.13,0.4,0
2026-06-05,night,S21,D,Friday,0,1,1,1,5,2,0.13,0.4,0
2026-06-05,night,S22,D,Friday,0,3,1,1,5,2,0.13,0.4,0
2026-06-05,night,S23,D,Friday,0,2,2,1,5,2,0.13,0.4,0
2026-06-05,night,S24,D,Friday,0,2,1,1,5,2,0.13,0.4,0
2026-06-06,night,S01,A,Saturday,0,3,1,1,5,2,0.115,0.4,0
2026-06-06,night,S02,A,Saturday,0,2,2,1,5,2,0.115,0.4,0
2026-06-06,night,S03,A,Saturday,0,2,3,1,5,2,0.115,0.4,0
2026-06-06,night,S04,A,Saturday,0,1,1,1,5,2,0.115,0.4,1
2026-06-06,night,S05,A,Saturday,0,2,3,1,5,2,0.115,0.4,0
2026-06-06,night,S06,A,Saturday,0,2,2,1,5,2,0.115,0.4,0
2026-06-06,night,S07,B,Saturday,0,2,1,1,5,2,0.141,0.4,0
2026-06-06,night,S08,B,Saturday,0,2,2,1,5,2,0.141,0.4,0
2026-06-06,night,S09,B,Saturday,0,2,3,1,5,2,0.141,0.4,0
2026-06-06,night,S10,B,Saturday,0,2,3,1,5,2,0.141,0.4,0
2026-06-06,night,S11,B,Saturday,0,2,1,1,5,2,0.141,0.4,0
2026-06-06,night,S12,B,Saturday,0,1,1,1,5,2,0.141,0.4,0
2026-06-06,night,S13,C,Saturday,0,2,2,2,5,2,0.188,0.4,0
2026-06-06,night,S14,C,Saturday,0,2,3,2,5,2,0.188,0.4,0
2026-06-06,night,S15,C,Saturday,1,1,2,2,5,2,0.188,0.4,0
2026-06-06,night,S16,C,Saturday,0,2,2,2,5,2,0.188,0.4,0
2026-06-06,night,S17,C,Saturday,0,2,0,2,5,2,0.188,0.4,0
2026-06-06,night,S18,C,Saturday,1,1,0,2,5,2,0.188,0.4,1
2026-06-06,night,S19,D,Saturday,0,3,1,1,5,2,0.135,0.4,0
2026-06-06,night,S20,D,Saturday,0,3,2,1,5,2,0.135,0.4,0
2026-06-06,night,S21,D,Saturday,0,1,1,1,5,2,0.135,0.4,1
2026-06-06,night,S22,D,Saturday,0,3,1,1,5,2,0.135,0.4,0
2026-06-06,night,S23,D,Saturday,0,2,2,1,5,2,0.135,0.4,0
2026-06-06,night,S24,D,Saturday,0,2,1,1,5,2,0.135,0.4,0
2026-06-08,early,S01,A,Monday,0,1,0,2,6,2,0.161,1.0,1
2026-06-08,early,S02,A,Monday,0,2,2,2,6,2,0.161,1.0,0
2026-06-08,early,S03,A,Monday,0,1,2,2,6,2,0.161,1.0,0
2026-06-08,early,S04,A,Monday,0,2,1,2,6,2,0.161,1.0,0
2026-06-08,early,S05,A,Monday,0,2,2,2,6,2,0.161,1.0,0
2026-06-08,early,S06,A,Monday,0,2,1,2,6,2,0.161,1.0,0
2026-06-08,early,S07,B,Monday,0,2,3,2,6,2,0.135,1.0,0
2026-06-08,early,S08,B,Monday,0,1,2,2,6,2,0.135,1.0,0
2026-06-08,early,S09,B,Monday,0,2,2,2,6,2,0.135,1.0,0
2026-06-08,early,S10,B,Monday,0,1,2,2,6,2,0.135,1.0,1
2026-06-08,early,S11,B,Monday,0,3,1,2,6,2,0.135,1.0,0
2026-06-08,early,S12,B,Monday,0,2,1,2,6,2,0.135,1.0,0
2026-06-08,early,S13,C,Monday,0,1,2,1,6,2,0.151,1.0,0
2026-06-08,early,S14,C,Monday,0,2,1,1,6,2,0.151,1.0,0
2026-06-08,early,S15,C,Monday,1,3,2,1,6,2,0.151,1.0,0
2026-06-08,early,S16,C,Monday,0,2,1,1,6,2,0.151,1.0,0
2026-06-08,early,S17,C,Monday,0,2,1,1,6,2,0.151,1.0,0
2026-06-08,early,S18,C,Monday,1,2,3,1,6,2,0.151,1.0,0
2026-06-08,early,S19,D,Monday,0,2,3,1,6,2,0.083,1.0,0
2026-06-08,early,S20,D,Monday,0,3,2,1,6,2,0.083,1.0,0
2026-06-08,early,S21,D,Monday,0,2,1,1,6,2,0.083,1.0,0
2026-06-08,early,S22,D,Monday,0,1,2,1,6,2,0.083,1.0,0
2026-06-08,early,S23,D,Monday,0,2,1,1,6,2,0.083,1.0,0
2026-06-08,early,S24,D,Monday,0,2,2,1,6,2,0.083,1.0,0
2026-06-09,early,S01,A,Tuesday,0,1,0,2,6,2,0.156,1.0,1
2026-06-09,early,S02,A,Tuesday,0,2,2,2,6,2,0.156,1.0,0
2026-06-09,early,S03,A,Tuesday,0,1,2,2,6,2,0.156,1.0,0
2026-06-09,early,S04,A,Tuesday,0,2,1,2,6,2,0.156,1.0,0
2026-06-09,early,S05,A,Tuesday,0,2,2,2,6,2,0.156,1.0,0
2026-06-09,early,S06,A,Tuesday,0,2,1,2,6,2,0.156,1.0,0
2026-06-09,early,S07,B,Tuesday,0,2,3,2,6,2,0.135,1.0,0
2026-06-09,early,S08,B,Tuesday,0,1,2,2,6,2,0.135,1.0,1
2026-06-09,early,S09,B,Tuesday,0,2,2,2,6,2,0.135,1.0,0
2026-06-09,early,S10,B,Tuesday,0,1,2,2,6,2,0.135,1.0,0
2026-06-09,early,S11,B,Tuesday,0,3,1,2,6,2,0.135,1.0,0
2026-06-09,early,S12,B,Tuesday,0,2,1,2,6,2,0.135,1.0,0
2026-06-09,early,S13,C,Tuesday,0,1,2,1,6,2,0.135,1.0,0
2026-06-09,early,S14,C,Tuesday,0,2,1,1,6,2,0.135,1.0,0
2026-06-09,early,S15,C,Tuesday,1,3,2,1,6,2,0.135,1.0,0
2026-06-09,early,S16,C,Tuesday,0,2,1,1,6,2,0.135,1.0,0
2026-06-09,early,S17,C,Tuesday,0,2,1,1,6,2,0.135,1.0,0
2026-06-09,early,S18,C,Tuesday,1,2,3,1,6,2,0.135,1.0,0
2026-06-09,early,S19,D,Tuesday,0,2,3,1,6,2,0.083,1.0,0
2026-06-09,early,S20,D,Tuesday,0,3,2,1,6,2,0.083,1.0,0
2026-06-09,early,S21,D,Tuesday,0,2,1,1,6,2,0.083,1.0,0
2026-06-09,early,S22,D,Tuesday,0,1,2,1,6,2,0.083,1.0,0
2026-06-09,early,S23,D,Tuesday,0,2,1,1,6,2,0.083,1.0,0
2026-06-09,early,S24,D,Tuesday,0,2,2,1,6,2,0.083,1.0,0
2026-06-10,early,S01,A,Wednesday,0,1,0,2,6,2,0.151,1.0,1
2026-06-10,early,S02,A,Wednesday,0,2,2,2,6,2,0.151,1.0,0
2026-06-10,early,S03,A,Wednesday,0,1,2,2,6,2,0.151,1.0,1
2026-06-10,early,S04,A,Wednesday,0,2,1,2,6,2,0.151,1.0,1
2026-06-10,early,S05,A,Wednesday,0,2,2,2,6,2,0.151,1.0,1
2026-06-10,early,S06,A,Wednesday,0,2,1,2,6,2,0.151,1.0,0
2026-06-10,early,S07,B,Wednesday,0,2,3,2,6,2,0.13,1.0,0
2026-06-10,early,S08,B,Wednesday,0,1,2,2,6,2,0.13,1.0,1
2026-06-10,early,S09,B,Wednesday,0,2,2,2,6,2,0.13,1.0,0
2026-06-10,early,S10,B,Wednesday,0,1,2,2,6,2,0.13,1.0,0
2026-06-10,early,S11,B,Wednesday,0,3,1,2,6,2,0.13,1.0,0
2026-06-10,early,S12,B,Wednesday,0,2,1,2,6,2,0.13,1.0,0
2026-06-10,early,S13,C,Wednesday,0,1,2,1,6,2,0.135,1.0,1
2026-06-10,early,S14,C,Wednesday,0,2,1,1,6,2,0.135,1.0,0
2026-06-10,early,S15,C,Wednesday,1,3,2,1,6,2,0.135,1.0,0
2026-06-10,early,S16,C,Wednesday,0,2,1,1,6,2,0.135,1.0,0
2026-06-10,early,S17,C,Wednesday,0,2,1,1,6,2,0.135,1.0,0
2026-06-10,early,S18,C,Wednesday,1,2,3,1,6,2,0.135,1.0,0
2026-06-10,early,S19,D,Wednesday,0,2,3,1,6,2,0.078,1.0,0
2026-06-10,early,S20,D,Wednesday,0,3,2,1,6,2,0.078,1.0,0
2026-06-10,early,S21,D,Wednesday,0,2,1,1,6,2,0.078,1.0,0
2026-06-10,early,S22,D,Wednesday,0,1,2,1,6,2,0.078,1.0,1
2026-06-10,early,S23,D,Wednesday,0,2,1,1,6,2,0.078,1.0,0
2026-06-10,early,S24,D,Wednesday,0,2,2,1,6,2,0.078,1.0,0
2026-06-11,early,S01,A,Thursday,0,1,0,2,6,2,0.161,1.0,1
2026-06-11,early,S02,A,Thursday,0,2,2,2,6,2,0.161,1.0,0
2026-06-11,early,S03,A,Thursday,0,1,2,2,6,2,0.161,1.0,0
2026-06-11,early,S04,A,Thursday,0,2,1,2,6,2,0.161,1.0,0
2026-06-11,early,S05,A,Thursday,0,2,2,2,6,2,0.161,1.0,0
2026-06-11,early,S06,A,Thursday,0,2,1,2,6,2,0.161,1.0,1
2026-06-11,early,S07,B,Thursday,0,2,3,2,6,2,0.13,1.0,0
2026-06-11,early,S08,B,Thursday,0,1,2,2,6,2,0.13,1.0,0
2026-06-11,early,S09,B,Thursday,0,2,2,2,6,2,0.13,1.0,0
2026-06-11,early,S10,B,Thursday,0,1,2,2,6,2,0.13,1.0,0
2026-06-11,early,S11,B,Thursday,0,3,1,2,6,2,0.13,1.0,0
2026-06-11,early,S12,B,Thursday,0,2,1,2,6,2,0.13,1.0,0
2026-06-11,early,S13,C,Thursday,0,1,2,1,6,2,0.146,1.0,0
2026-06-11,early,S14,C,Thursday,0,2,1,1,6,2,0.146,1.0,0
2026-06-11,early,S15,C,Thursday,1,3,2,1,6,2,0.146,1.0,0
2026-06-11,early,S16,C,Thursday,0,2,1,1,6,2,0.146,1.0,0
2026-06-11,early,S17,C,Thursday,0,2,1,1,6,2,0.146,1.0,0
2026-06-11,early,S18,C,Thursday,1,2,3,1,6,2,0.146,1.0,0
2026-06-11,early,S19,D,Thursday,0,2,3,1,6,2,0.078,1.0,0
2026-06-11,early,S20,D,Thursday,0,3,2,1,6,2,0.078,1.0,0
2026-06-11,early,S21,D,Thursday,0,2,1,1,6,2,0.078,1.0,0
2026-06-11,early,S22,D,Thursday,0,1,2,1,6,2,0.078,1.0,0
2026-06-11,early,S23,D,Thursday,0,2,1,1,6,2,0.078,1.0,0
2026-06-11,early,S24,D,Thursday,0,2,2,1,6,2,0.078,1.0,0
2026-06-12,early,S01,A,Friday,0,1,0,2,6,2,0.167,1.0,1
2026-06-12,early,S02,A,Friday,0,2,2,2,6,2,0.167,1.0,0
2026-06-12,early,S03,A,Friday,0,1,2,2,6,2,0.167,1.0,0
2026-06-12,early,S04,A,Friday,0,2,1,2,6,2,0.167,1.0,0
2026-06-12,early,S05,A,Friday,0,2,2,2,6,2,0.167,1.0,0
2026-06-12,early,S06,A,Friday,0,2,1,2,6,2,0.167,1.0,0
2026-06-12,early,S07,B,Friday,0,2,3,2,6,2,0.125,1.0,0
2026-06-12,early,S08,B,Friday,0,1,2,2,6,2,0.125,1.0,1
2026-06-12,early,S09,B,Friday,0,2,2,2,6,2,0.125,1.0,0
2026-06-12,early,S10,B,Friday,0,1,2,2,6,2,0.125,1.0,0
2026-06-12,early,S11,B,Friday,0,3,1,2,6,2,0.125,1.0,0
2026-06-12,early,S12,B,Friday,0,2,1,2,6,2,0.125,1.0,0
2026-06-12,early,S13,C,Friday,0,1,2,1,6,2,0.135,1.0,1
2026-06-12,early,S14,C,Friday,0,2,1,1,6,2,0.135,1.0,0
2026-06-12,early,S15,C,Friday,1,3,2,1,6,2,0.135,1.0,0
2026-06-12,early,S16,C,Friday,0,2,1,1,6,2,0.135,1.0,0
2026-06-12,early,S17,C,Friday,0,2,1,1,6,2,0.135,1.0,0
2026-06-12,early,S18,C,Friday,1,2,3,1,6,2,0.135,1.0,0
2026-06-12,early,S19,D,Friday,0,2,3,1,6,2,0.078,1.0,0
2026-06-12,early,S20,D,Friday,0,3,2,1,6,2,0.078,1.0,0
2026-06-12,early,S21,D,Friday,0,2,1,1,6,2,0.078,1.0,0
2026-06-12,early,S22,D,Friday,0,1,2,1,6,2,0.078,1.0,0
2026-06-12,early,S23,D,Friday,0,2,1,1,6,2,0.078,1.0,0
2026-06-12,early,S24,D,Friday,0,2,2,1,6,2,0.078,1.0,0
2026-06-13,early,S01,A,Saturday,0,1,0,2,6,2,0.167,1.0,1
2026-06-13,early,S02,A,Saturday,0,2,2,2,6,2,0.167,1.0,1
2026-06-13,early,S03,A,Saturday,0,1,2,2,6,2,0.167,1.0,0
2026-06-13,early,S04,A,Saturday,0,2,1,2,6,2,0.167,1.0,0
2026-06-13,early,S05,A,Saturday,0,2,2,2,6,2,0.167,1.0,0
2026-06-13,early,S06,A,Saturday,0,2,1,2,6,2,0.167,1.0,0
2026-06-13,early,S07,B,Saturday,0,2,3,2,6,2,0.13,1.0,0
2026-06-13,early,S08,B,Saturday,0,1,2,2,6,2,0.13,1.0,0
2026-06-13,early,S09,B,Saturday,0,2,2,2,6,2,0.13,1.0,0
2026-06-13,early,S10,B,Saturday,0,1,2,2,6,2,0.13,1.0,0
2026-06-13,early,S11,B,Saturday,0,3,1,2,6,2,0.13,1.0,0
2026-06-13,early,S12,B,Saturday,0,2,1,2,6,2,0.13,1.0,0
2026-06-13,early,S13,C,Saturday,0,1,2,1,6,2,0.135,1.0,0
2026-06-13,early,S14,C,Saturday,0,2,1,1,6,2,0.135,1.0,0
2026-06-13,early,S15,C,Saturday,1,3,2,1,6,2,0.135,1.0,0
2026-06-13,early,S16,C,Saturday,0,2,1,1,6,2,0.135,1.0,0
2026-06-13,early,S17,C,Saturday,0,2,1,1,6,2,0.135,1.0,0
2026-06-13,early,S18,C,Saturday,1,2,3,1,6,2,0.135,1.0,0
2026-06-13,early,S19,D,Saturday,0,2,3,1,6,2,0.083,1.0,0
2026-06-13,early,S20,D,Saturday,0,3,2,1,6,2,0.083,1.0,0
2026-06-13,early,S21,D,Saturday,0,2,1,1,6,2,0.083,1.0,0
2026-06-13,early,S22,D,Saturday,0,1,2,1,6,2,0.083,1.0,0
2026-06-13,early,S23,D,Saturday,0,2,1,1,6,2,0.083,1.0,0
2026-06-13,early,S24,D,Saturday,0,2,2,1,6,2,0.083,1.0,0
2026-06-08,late,S01,A,Monday,0,3,2,2,4,2,0.12,1.2,1
2026-06-08,late,S02,A,Monday,0,1,2,2,4,2,0.12,1.2,1
2026-06-08,late,S03,A,Monday,0,1,3,2,4,2,0.12,1.2,0
2026-06-08,late,S04,A,Monday,0,3,1,2,4,2,0.12,1.2,0
2026-06-08,late,S05,A,Monday,0,3,3,2,4,2,0.12,1.2,0
2026-06-08,late,S06,A,Monday,0,2,0,2,4,2,0.12,1.2,0
2026-06-08,late,S07,B,Monday,0,3,2,1,4,2,0.151,1.2,0
2026-06-08,late,S08,B,Monday,0,2,1,1,4,2,0.151,1.2,0
2026-06-08,late,S09,B,Monday,0,3,1,1,4,2,0.151,1.2,0
2026-06-08,late,S10,B,Monday,0,1,1,1,4,2,0.151,1.2,1
2026-06-08,late,S11,B,Monday,0,2,2,1,4,2,0.151,1.2,0
2026-06-08,late,S12,B,Monday,0,2,1,1,4,2,0.151,1.2,0
2026-06-08,late,S13,C,Monday,0,2,1,1,4,2,0.151,1.2,0
2026-06-08,late,S14,C,Monday,0,2,2,1,4,2,0.151,1.2,0
2026-06-08,late,S15,C,Monday,1,2,2,1,4,2,0.151,1.2,0
2026-06-08,late,S16,C,Monday,0,2,2,1,4,2,0.151,1.2,0
2026-06-08,late,S17,C,Monday,0,1,2,1,4,2,0.151,1.2,0
2026-06-08,late,S18,C,Monday,1,2,0,1,4,2,0.151,1.2,0
2026-06-08,late,S19,D,Monday,0,2,1,0,4,2,0.125,1.2,0
2026-06-08,late,S20,D,Monday,0,2,2,0,4,2,0.125,1.2,0
2026-06-08,late,S21,D,Monday,0,2,2,0,4,2,0.125,1.2,0
2026-06-08,late,S22,D,Monday,0,3,2,0,4,2,0.125,1.2,0
2026-06-08,late,S23,D,Monday,0,2,2,0,4,2,0.125,1.2,0
2026-06-08,late,S24,D,Monday,0,3,3,0,4,2,0.125,1.2,0
2026-06-09,late,S01,A,Tuesday,0,3,2,2,4,2,0.125,1.2,0
2026-06-09,late,S02,A,Tuesday,0,1,2,2,4,2,0.125,1.2,1
2026-06-09,late,S03,A,Tuesday,0,1,3,2,4,2,0.125,1.2,1
2026-06-09,late,S04,A,Tuesday,0,3,1,2,4,2,0.125,1.2,0
2026-06-09,late,S05,A,Tuesday,0,3,3,2,4,2,0.125,1.2,0
2026-06-09,late,S06,A,Tuesday,0,2,0,2,4,2,0.125,1.2,0
2026-06-09,late,S07,B,Tuesday,0,3,2,1,4,2,0.146,1.2,0
2026-06-09,late,S08,B,Tuesday,0,2,1,1,4,2,0.146,1.2,0
2026-06-09,late,S09,B,Tuesday,0,3,1,1,4,2,0.146,1.2,0
2026-06-09,late,S10,B,Tuesday,0,1,1,1,4,2,0.146,1.2,0
2026-06-09,late,S11,B,Tuesday,0,2,2,1,4,2,0.146,1.2,0
2026-06-09,late,S12,B,Tuesday,0,2,1,1,4,2,0.146,1.2,0
2026-06-09,late,S13,C,Tuesday,0,2,1,1,4,2,0.141,1.2,0
2026-06-09,late,S14,C,Tuesday,0,2,2,1,4,2,0.141,1.2,0
2026-06-09,late,S15,C,Tuesday,1,2,2,1,4,2,0.141,1.2,0
2026-06-09,late,S16,C,Tuesday,0,2,2,1,4,2,0.141,1.2,0
2026-06-09,late,S17,C,Tuesday,0,1,2,1,4,2,0.141,1.2,0
2026-06-09,late,S18,C,Tuesday,1,2,0,1,4,2,0.141,1.2,0
2026-06-09,late,S19,D,Tuesday,0,2,1,0,4,2,0.12,1.2,0
2026-06-09,late,S20,D,Tuesday,0,2,2,0,4,2,0.12,1.2,0
2026-06-09,late,S21,D,Tuesday,0,2,2,0,4,2,0.12,1.2,0
2026-06-09,late,S22,D,Tuesday,0,3,2,0,4,2,0.12,1.2,0
2026-06-09,late,S23,D,Tuesday,0,2,2,0,4,2,0.12,1.2,0
2026-06-09,late,S24,D,Tuesday,0,3,3,0,4,2,0.12,1.2,0
2026-06-10,late,S01,A,Wednesday,0,3,2,2,4,2,0.135,1.2,0
2026-06-10,late,S02,A,Wednesday,0,1,2,2,4,2,0.135,1.2,0
2026-06-10,late,S03,A,Wednesday,0,1,3,2,4,2,0.135,1.2,0
2026-06-10,late,S04,A,Wednesday,0,3,1,2,4,2,0.135,1.2,0
2026-06-10,late,S05,A,Wednesday,0,3,3,2,4,2,0.135,1.2,0
2026-06-10,late,S06,A,Wednesday,0,2,0,2,4,2,0.135,1.2,0
2026-06-10,late,S07,B,Wednesday,0,3,2,1,4,2,0.135,1.2,0
2026-06-10,late,S08,B,Wednesday,0,2,1,1,4,2,0.135,1.2,0
2026-06-10,late,S09,B,Wednesday,0,3,1,1,4,2,0.135,1.2,0
2026-06-10,late,S10,B,Wednesday,0,1,1,1,4,2,0.135,1.2,1
2026-06-10,late,S11,B,Wednesday,0,2,2,1,4,2,0.135,1.2,0
2026-06-10,late,S12,B,Wednesday,0,2,1,1,4,2,0.135,1.2,0
2026-06-10,late,S13,C,Wednesday,0,2,1,1,4,2,0.13,1.2,0
2026-06-10,late,S14,C,Wednesday,0,2,2,1,4,2,0.13,1.2,0
2026-06-10,late,S15,C,Wednesday,1,2,2,1,4,2,0.13,1.2,0
2026-06-10,late,S16,C,Wednesday,0,2,2,1,4,2,0.13,1.2,0
2026-06-10,late,S17,C,Wednesday,0,1,2,1,4,2,0.13,1.2,1
2026-06-10,late,S18,C,Wednesday,1,2,0,1,4,2,0.13,1.2,0
2026-06-10,late,S19,D,Wednesday,0,2,1,0,4,2,0.109,1.2,0
2026-06-10,late,S20,D,Wednesday,0,2,2,0,4,2,0.109,1.2,0
2026-06-10,late,S21,D,Wednesday,0,2,2,0,4,2,0.109,1.2,0
2026-06-10,late,S22,D,Wednesday,0,3,2,0,4,2,0.109,1.2,0
2026-06-10,late,S23,D,Wednesday,0,2,2,0,4,2,0.109,1.2,0
2026-06-10,late,S24,D,Wednesday,0,3,3,0,4,2,0.109,1.2,0
2026-06-11,late,S01,A,Thursday,0,3,2,2,4,2,0.125,1.2,0
2026-06-11,late,S02,A,Thursday,0,1,2,2,4,2,0.125,1.2,0
2026-06-11,late,S03,A,Thursday,0,1,3,2,4,2,0.125,1.2,1
2026-06-11,late,S04,A,Thursday,0,3,1,2,4,2,0.125,1.2,0
2026-06-11,late,S05,A,Thursday,0,3,3,2,4,2,0.125,1.2,0
2026-06-11,late,S06,A,Thursday,0,2,0,2,4,2,0.125,1.2,0
2026-06-11,late,S07,B,Thursday,0,3,2,1,4,2,0.141,1.2,0
2026-06-11,late,S08,B,Thursday,0,2,1,1,4,2,0.141,1.2,0
2026-06-11,late,S09,B,Thursday,0,3,1,1,4,2,0.141,1.2,0
2026-06-11,late,S10,B,Thursday,0,1,1,1,4,2,0.141,1.2,0
2026-06-11,late,S11,B,Thursday,0,2,2,1,4,2,0.141,1.2,0
2026-06-11,late,S12,B,Thursday,0,2,1,1,4,2,0.141,1.2,0
2026-06-11,late,S13,C,Thursday,0,2,1,1,4,2,0.125,1.2,0
2026-06-11,late,S14,C,Thursday,0,2,2,1,4,2,0.125,1.2,0
2026-06-11,late,S15,C,Thursday,1,2,2,1,4,2,0.125,1.2,0
2026-06-11,late,S16,C,Thursday,0,2,2,1,4,2,0.125,1.2,0
2026-06-11,late,S17,C,Thursday,0,1,2,1,4,2,0.125,1.2,0
2026-06-11,late,S18,C,Thursday,1,2,0,1,4,2,0.125,1.2,0
2026-06-11,late,S19,D,Thursday,0,2,1,0,4,2,0.094,1.2,0
2026-06-11,late,S20,D,Thursday,0,2,2,0,4,2,0.094,1.2,0
2026-06-11,late,S21,D,Thursday,0,2,2,0,4,2,0.094,1.2,0
2026-06-11,late,S22,D,Thursday,0,3,2,0,4,2,0.094,1.2,0
2026-06-11,late,S23,D,Thursday,0,2,2,0,4,2,0.094,1.2,0
2026-06-11,late,S24,D,Thursday,0,3,3,0,4,2,0.094,1.2,0
2026-06-12,late,S01,A,Friday,0,3,2,2,4,2,0.115,1.2,0
2026-06-12,late,S02,A,Friday,0,1,2,2,4,2,0.115,1.2,0
2026-06-12,late,S03,A,Friday,0,1,3,2,4,2,0.115,1.2,0
2026-06-12,late,S04,A,Friday,0,3,1,2,4,2,0.115,1.2,0
2026-06-12,late,S05,A,Friday,0,3,3,2,4,2,0.115,1.2,0
2026-06-12,late,S06,A,Friday,0,2,0,2,4,2,0.115,1.2,0
2026-06-12,late,S07,B,Friday,0,3,2,1,4,2,0.135,1.2,0
2026-06-12,late,S08,B,Friday,0,2,1,1,4,2,0.135,1.2,0
2026-06-12,late,S09,B,Friday,0,3,1,1,4,2,0.135,1.2,0
2026-06-12,late,S10,B,Friday,0,1,1,1,4,2,0.135,1.2,0
2026-06-12,late,S11,B,Friday,0,2,2,1,4,2,0.135,1.2,0
2026-06-12,late,S12,B,Friday,0,2,1,1,4,2,0.135,1.2,0
2026-06-12,late,S13,C,Friday,0,2,1,1,4,2,0.125,1.2,0
2026-06-12,late,S14,C,Friday,0,2,2,1,4,2,0.125,1.2,0
2026-06-12,late,S15,C,Friday,1,2,2,1,4,2,0.125,1.2,0
2026-06-12,late,S16,C,Friday,0,2,2,1,4,2,0.125,1.2,0
2026-06-12,late,S17,C,Friday,0,1,2,1,4,2,0.125,1.2,1
2026-06-12,late,S18,C,Friday,1,2,0,1,4,2,0.125,1.2,0
2026-06-12,late,S19,D,Friday,0,2,1,0,4,2,0.078,1.2,0
2026-06-12,late,S20,D,Friday,0,2,2,0,4,2,0.078,1.2,0
2026-06-12,late,S21,D,Friday,0,2,2,0,4,2,0.078,1.2,0
2026-06-12,late,S22,D,Friday,0,3,2,0,4,2,0.078,1.2,0
2026-06-12,late,S23,D,Friday,0,2,2,0,4,2,0.078,1.2,0
2026-06-12,late,S24,D,Friday,0,3,3,0,4,2,0.078,1.2,0
2026-06-13,late,S01,A,Saturday,0,3,2,2,4,2,0.12,1.2,0
2026-06-13,late,S02,A,Saturday,0,1,2,2,4,2,0.12,1.2,1
2026-06-13,late,S03,A,Saturday,0,1,3,2,4,2,0.12,1.2,0
2026-06-13,late,S04,A,Saturday,0,3,1,2,4,2,0.12,1.2,0
2026-06-13,late,S05,A,Saturday,0,3,3,2,4,2,0.12,1.2,0
2026-06-13,late,S06,A,Saturday,0,2,0,2,4,2,0.12,1.2,0
2026-06-13,late,S07,B,Saturday,0,3,2,1,4,2,0.13,1.2,0
2026-06-13,late,S08,B,Saturday,0,2,1,1,4,2,0.13,1.2,0
2026-06-13,late,S09,B,Saturday,0,3,1,1,4,2,0.13,1.2,0
2026-06-13,late,S10,B,Saturday,0,1,1,1,4,2,0.13,1.2,0
2026-06-13,late,S11,B,Saturday,0,2,2,1,4,2,0.13,1.2,0
2026-06-13,late,S12,B,Saturday,0,2,1,1,4,2,0.13,1.2,0
2026-06-13,late,S13,C,Saturday,0,2,1,1,4,2,0.13,1.2,0
2026-06-13,late,S14,C,Saturday,0,2,2,1,4,2,0.13,1.2,0
2026-06-13,late,S15,C,Saturday,1,2,2,1,4,2,0.13,1.2,0
2026-06-13,late,S16,C,Saturday,0,2,2,1,4,2,0.13,1.2,0
2026-06-13,late,S17,C,Saturday,0,1,2,1,4,2,0.13,1.2,1
2026-06-13,late,S18,C,Saturday,1,2,0,1,4,2,0.13,1.2,0
2026-06-13,late,S19,D,Saturday,0,2,1,0,4,2,0.078,1.2,0
2026-06-13,late,S20,D,Saturday,0,2,2,0,4,2,0.078,1.2,0
2026-06-13,late,S21,D,Saturday,0,2,2,0,4,2,0.078,1.2,0
2026-06-13,late,S22,D,Saturday,0,3,2,0,4,2,0.078,1.2,0
2026-06-13,late,S23,D,Saturday,0,2,2,0,4,2,0.078,1.2,0
2026-06-13,late,S24,D,Saturday,0,3,3,0,4,2,0.078,1.2,0
2026-06-08,night,S01,A,Monday,0,3,1,2,7,2,0.115,1.4,0
2026-06-08,night,S02,A,Monday,0,2,2,2,7,2,0.115,1.4,0
2026-06-08,night,S03,A,Monday,0,1,3,2,7,2,0.115,1.4,0
2026-06-08,night,S04,A,Monday,0,1,1,2,7,2,0.115,1.4,1
2026-06-08,night,S05,A,Monday,0,2,3,2,7,2,0.115,1.4,0
2026-06-08,night,S06,A,Monday,0,2,2,2,7,2,0.115,1.4,0
2026-06-08,night,S07,B,Monday,0,2,1,1,7,2,0.125,1.4,0
2026-06-08,night,S08,B,Monday,0,2,2,1,7,2,0.125,1.4,0
2026-06-08,night,S09,B,Monday,0,2,3,1,7,2,0.125,1.4,0
2026-06-08,night,S10,B,Monday,0,2,3,1,7,2,0.125,1.4,0
2026-06-08,night,S11,B,Monday,0,2,1,1,7,2,0.125,1.4,0
2026-06-08,night,S12,B,Monday,0,1,1,1,7,2,0.125,1.4,0
2026-06-08,night,S13,C,Monday,0,2,2,3,7,2,0.182,1.4,0
2026-06-08,night,S14,C,Monday,0,2,3,3,7,2,0.182,1.4,0
2026-06-08,night,S15,C,Monday,1,1,2,3,7,2,0.182,1.4,0
2026-06-08,night,S16,C,Monday,0,2,2,3,7,2,0.182,1.4,0
2026-06-08,night,S17,C,Monday,0,1,0,3,7,2,0.182,1.4,1
2026-06-08,night,S18,C,Monday,1,1,0,3,7,2,0.182,1.4,1
2026-06-08,night,S19,D,Monday,0,3,1,1,7,2,0.141,1.4,0
2026-06-08,night,S20,D,Monday,0,3,2,1,7,2,0.141,1.4,0
2026-06-08,night,S21,D,Monday,0,1,1,1,7,2,0.141,1.4,0
2026-06-08,night,S22,D,Monday,0,3,1,1,7,2,0.141,1.4,0
2026-06-08,night,S23,D,Monday,0,2,2,1,7,2,0.141,1.4,0
2026-06-08,night,S24,D,Monday,0,2,1,1,7,2,0.141,1.4,0
2026-06-09,night,S01,A,Tuesday,0,3,1,2,7,2,0.12,1.4,0
2026-06-09,night,S02,A,Tuesday,0,2,2,2,7,2,0.12,1.4,0
2026-06-09,night,S03,A,Tuesday,0,1,3,2,7,2,0.12,1.4,0
2026-06-09,night,S04,A,Tuesday,0,1,1,2,7,2,0.12,1.4,0
2026-06-09,night,S05,A,Tuesday,0,2,3,2,7,2,0.12,1.4,0
2026-06-09,night,S06,A,Tuesday,0,2,2,2,7,2,0.12,1.4,0
2026-06-09,night,S07,B,Tuesday,0,2,1,1,7,2,0.12,1.4,0
2026-06-09,night,S08,B,Tuesday,0,2,2,1,7,2,0.12,1.4,0
2026-06-09,night,S09,B,Tuesday,0,2,3,1,7,2,0.12,1.4,0
2026-06-09,night,S10,B,Tuesday,0,2,3,1,7,2,0.12,1.4,0
2026-06-09,night,S11,B,Tuesday,0,2,1,1,7,2,0.12,1.4,0
2026-06-09,night,S12,B,Tuesday,0,1,1,1,7,2,0.12,1.4,1
2026-06-09,night,S13,C,Tuesday,0,2,2,3,7,2,0.167,1.4,0
2026-06-09,night,S14,C,Tuesday,0,2,3,3,7,2,0.167,1.4,0
2026-06-09,night,S15,C,Tuesday,1,1,2,3,7,2,0.167,1.4,0
2026-06-09,night,S16,C,Tuesday,0,2,2,3,7,2,0.167,1.4,0
2026-06-09,night,S17,C,Tuesday,0,1,0,3,7,2,0.167,1.4,1
2026-06-09,night,S18,C,Tuesday,1,1,0,3,7,2,0.167,1.4,1
2026-06-09,night,S19,D,Tuesday,0,3,1,1,7,2,0.146,1.4,0
2026-06-09,night,S20,D,Tuesday,0,3,2,1,7,2,0.146,1.4,0
2026-06-09,night,S21,D,Tuesday,0,1,1,1,7,2,0.146,1.4,1
2026-06-09,night,S22,D,Tuesday,0,3,1,1,7,2,0.146,1.4,0
2026-06-09,night,S23,D,Tuesday,0,2,2,1,7,2,0.146,1.4,0
2026-06-09,night,S24,D,Tuesday,0,2,1,1,7,2,0.146,1.4,0
2026-06-10,night,S01,A,Wednesday,0,3,1,2,7,2,0.115,1.4,0
2026-06-10,night,S02,A,Wednesday,0,2,2,2,7,2,0.115,1.4,0
2026-06-10,night,S03,A,Wednesday,0,1,3,2,7,2,0.115,1.4,0
2026-06-10,night,S04,A,Wednesday,0,1,1,2,7,2,0.115,1.4,0
2026-06-10,night,S05,A,Wednesday,0,2,3,2,7,2,0.115,1.4,0
2026-06-10,night,S06,A,Wednesday,0,2,2,2,7,2,0.115,1.4,0
2026-06-10,night,S07,B,Wednesday,0,2,1,1,7,2,0.12,1.4,0
2026-06-10,night,S08,B,Wednesday,0,2,2,1,7,2,0.12,1.4,0
2026-06-10,night,S09,B,Wednesday,0,2,3,1,7,2,0.12,1.4,0
2026-06-10,night,S10,B,Wednesday,0,2,3,1,7,2,0.12,1.4,0
2026-06-10,night,S11,B,Wednesday,0,2,1,1,7,2,0.12,1.4,0
2026-06-10,night,S12,B,Wednesday,0,1,1,1,7,2,0.12,1.4,0
2026-06-10,night,S13,C,Wednesday,0,2,2,3,7,2,0.161,1.4,0
2026-06-10,night,S14,C,Wednesday,0,2,3,3,7,2,0.161,1.4,0
2026-06-10,night,S15,C,Wednesday,1,1,2,3,7,2,0.161,1.4,0
2026-06-10,night,S16,C,Wednesday,0,2,2,3,7,2,0.161,1.4,0
2026-06-10,night,S17,C,Wednesday,0,1,0,3,7,2,0.161,1.4,1
2026-06-10,night,S18,C,Wednesday,1,1,0,3,7,2,0.161,1.4,1
2026-06-10,night,S19,D,Wednesday,0,3,1,1,7,2,0.146,1.4,0
2026-06-10,night,S20,D,Wednesday,0,3,2,1,7,2,0.146,1.4,0
2026-06-10,night,S21,D,Wednesday,0,1,1,1,7,2,0.146,1.4,0
2026-06-10,night,S22,D,Wednesday,0,3,1,1,7,2,0.146,1.4,0
2026-06-10,night,S23,D,Wednesday,0,2,2,1,7,2,0.146,1.4,0
2026-06-10,night,S24,D,Wednesday,0,2,1,1,7,2,0.146,1.4,0
2026-06-11,night,S01,A,Thursday,0,3,1,2,7,2,0.104,1.4,0
2026-06-11,night,S02,A,Thursday,0,2,2,2,7,2,0.104,1.4,0
2026-06-11,night,S03,A,Thursday,0,1,3,2,7,2,0.104,1.4,0
2026-06-11,night,S04,A,Thursday,0,1,1,2,7,2,0.104,1.4,1
2026-06-11,night,S05,A,Thursday,0,2,3,2,7,2,0.104,1.4,0
2026-06-11,night,S06,A,Thursday,0,2,2,2,7,2,0.104,1.4,0
2026-06-11,night,S07,B,Thursday,0,2,1,1,7,2,0.12,1.4,0
2026-06-11,night,S08,B,Thursday,0,2,2,1,7,2,0.12,1.4,0
2026-06-11,night,S09,B,Thursday,0,2,3,1,7,2,0.12,1.4,0
2026-06-11,night,S10,B,Thursday,0,2,3,1,7,2,0.12,1.4,0
2026-06-11,night,S11,B,Thursday,0,2,1,1,7,2,0.12,1.4,0
2026-06-11,night,S12,B,Thursday,0,1,1,1,7,2,0.12,1.4,0
2026-06-11,night,S13,C,Thursday,0,2,2,3,7,2,0.156,1.4,0
2026-06-11,night,S14,C,Thursday,0,2,3,3,7,2,0.156,1.4,0
2026-06-11,night,S15,C,Thursday,1,1,2,3,7,2,0.156,1.4,0
2026-06-11,night,S16,C,Thursday,0,2,2,3,7,2,0.156,1.4,0
2026-06-11,night,S17,C,Thursday,0,1,0,3,7,2,0.156,1.4,1
2026-06-11,night,S18,C,Thursday,1,1,0,3,7,2,0.156,1.4,1
2026-06-11,night,S19,D,Thursday,0,3,1,1,7,2,0.151,1.4,0
2026-06-11,night,S20,D,Thursday,0,3,2,1,7,2,0.151,1.4,0
2026-06-11,night,S21,D,Thursday,0,1,1,1,7,2,0.151,1.4,0
2026-06-11,night,S22,D,Thursday,0,3,1,1,7,2,0.151,1.4,0
2026-06-11,night,S23,D,Thursday,0,2,2,1,7,2,0.151,1.4,0
2026-06-11,night,S24,D,Thursday,0,2,1,1,7,2,0.151,1.4,0
2026-06-12,night,S01,A,Friday,0,3,1,2,7,2,0.109,1.4,0
2026-06-12,night,S02,A,Friday,0,2,2,2,7,2,0.109,1.4,0
2026-06-12,night,S03,A,Friday,0,1,3,2,7,2,0.109,1.4,1
2026-06-12,night,S04,A,Friday,0,1,1,2,7,2,0.109,1.4,1
2026-06-12,night,S05,A,Friday,0,2,3,2,7,2,0.109,1.4,0
2026-06-12,night,S06,A,Friday,0,2,2,2,7,2,0.109,1.4,0
2026-06-12,night,S07,B,Friday,0,2,1,1,7,2,0.115,1.4,0
2026-06-12,night,S08,B,Friday,0,2,2,1,7,2,0.115,1.4,0
2026-06-12,night,S09,B,Friday,0,2,3,1,7,2,0.115,1.4,0
2026-06-12,night,S10,B,Friday,0,2,3,1,7,2,0.115,1.4,0
2026-06-12,night,S11,B,Friday,0,2,1,1,7,2,0.115,1.4,0
2026-06-12,night,S12,B,Friday,0,1,1,1,7,2,0.115,1.4,1
2026-06-12,night,S13,C,Friday,0,2,2,3,7,2,0.156,1.4,0
2026-06-12,night,S14,C,Friday,0,2,3,3,7,2,0.156,1.4,0
2026-06-12,night,S15,C,Friday,1,1,2,3,7,2,0.156,1.4,0
2026-06-12,night,S16,C,Friday,0,2,2,3,7,2,0.156,1.4,0
2026-06-12,night,S17,C,Friday,0,1,0,3,7,2,0.156,1.4,1
2026-06-12,night,S18,C,Friday,1,1,0,3,7,2,0.156,1.4,1
2026-06-12,night,S19,D,Friday,0,3,1,1,7,2,0.146,1.4,1
2026-06-12,night,S20,D,Friday,0,3,2,1,7,2,0.146,1.4,0
2026-06-12,night,S21,D,Friday,0,1,1,1,7,2,0.146,1.4,1
2026-06-12,night,S22,D,Friday,0,3,1,1,7,2,0.146,1.4,0
2026-06-12,night,S23,D,Friday,0,2,2,1,7,2,0.146,1.4,0
2026-06-12,night,S24,D,Friday,0,2,1,1,7,2,0.146,1.4,0
2026-06-13,night,S01,A,Saturday,0,3,1,2,7,2,0.104,1.4,0
2026-06-13,night,S02,A,Saturday,0,2,2,2,7,2,0.104,1.4,0
2026-06-13,night,S03,A,Saturday,0,1,3,2,7,2,0.104,1.4,0
2026-06-13,night,S04,A,Saturday,0,1,1,2,7,2,0.104,1.4,1
2026-06-13,night,S05,A,Saturday,0,2,3,2,7,2,0.104,1.4,0
2026-06-13,night,S06,A,Saturday,0,2,2,2,7,2,0.104,1.4,0
2026-06-13,night,S07,B,Saturday,0,2,1,1,7,2,0.109,1.4,0
2026-06-13,night,S08,B,Saturday,0,2,2,1,7,2,0.109,1.4,0
2026-06-13,night,S09,B,Saturday,0,2,3,1,7,2,0.109,1.4,0
2026-06-13,night,S10,B,Saturday,0,2,3,1,7,2,0.109,1.4,0
2026-06-13,night,S11,B,Saturday,0,2,1,1,7,2,0.109,1.4,0
2026-06-13,night,S12,B,Saturday,0,1,1,1,7,2,0.109,1.4,1
2026-06-13,night,S13,C,Saturday,0,2,2,3,7,2,0.156,1.4,0
2026-06-13,night,S14,C,Saturday,0,2,3,3,7,2,0.156,1.4,0
2026-06-13,night,S15,C,Saturday,1,1,2,3,7,2,0.156,1.4,0
2026-06-13,night,S16,C,Saturday,0,2,2,3,7,2,0.156,1.4,0
2026-06-13,night,S17,C,Saturday,0,1,0,3,7,2,0.156,1.4,1
2026-06-13,night,S18,C,Saturday,1,1,0,3,7,2,0.156,1.4,1
2026-06-13,night,S19,D,Saturday,0,3,1,1,7,2,0.146,1.4,0
2026-06-13,night,S20,D,Saturday,0,3,2,1,7,2,0.146,1.4,0
2026-06-13,night,S21,D,Saturday,0,1,1,1,7,2,0.146,1.4,1
2026-06-13,night,S22,D,Saturday,0,3,1,1,7,2,0.146,1.4,0
2026-06-13,night,S23,D,Saturday,0,2,2,1,7,2,0.146,1.4,0
2026-06-13,night,S24,D,Saturday,0,2,1,1,7,2,0.146,1.4,0
2026-06-15,early,S01,A,Monday,0,1,0,2,3,2,0.182,0.8,1
2026-06-15,early,S02,A,Monday,0,2,2,2,3,2,0.182,0.8,0
2026-06-15,early,S03,A,Monday,0,1,2,2,3,2,0.182,0.8,0
2026-06-15,early,S04,A,Monday,0,2,1,2,3,2,0.182,0.8,0
2026-06-15,early,S05,A,Monday,0,2,2,2,3,2,0.182,0.8,0
2026-06-15,early,S06,A,Monday,0,2,1,2,3,2,0.182,0.8,0
2026-06-15,early,S07,B,Monday,0,2,3,0,3,2,0.12,0.8,0
2026-06-15,early,S08,B,Monday,0,2,2,0,3,2,0.12,0.8,0
2026-06-15,early,S09,B,Monday,0,2,2,0,3,2,0.12,0.8,0
2026-06-15,early,S10,B,Monday,0,2,2,0,3,2,0.12,0.8,0
2026-06-15,early,S11,B,Monday,0,3,1,0,3,2,0.12,0.8,0
2026-06-15,early,S12,B,Monday,0,2,1,0,3,2,0.12,0.8,0
2026-06-15,early,S13,C,Monday,0,2,2,0,3,2,0.141,0.8,0
2026-06-15,early,S14,C,Monday,0,2,1,0,3,2,0.141,0.8,0
2026-06-15,early,S15,C,Monday,1,3,2,0,3,2,0.141,0.8,0
2026-06-15,early,S16,C,Monday,0,2,1,0,3,2,0.141,0.8,0
2026-06-15,early,S17,C,Monday,0,2,1,0,3,2,0.141,0.8,0
2026-06-15,early,S18,C,Monday,1,2,3,0,3,2,0.141,0.8,0
2026-06-15,early,S19,D,Monday,0,2,3,1,3,2,0.078,0.8,0
2026-06-15,early,S20,D,Monday,0,3,2,1,3,2,0.078,0.8,0
2026-06-15,early,S21,D,Monday,0,2,1,1,3,2,0.078,0.8,0
2026-06-15,early,S22,D,Monday,0,1,2,1,3,2,0.078,0.8,0
2026-06-15,early,S23,D,Monday,0,2,1,1,3,2,0.078,0.8,0
2026-06-15,early,S24,D,Monday,0,2,2,1,3,2,0.078,0.8,0
2026-06-16,early,S01,A,Tuesday,0,1,0,2,3,2,0.177,0.8,1
2026-06-16,early,S02,A,Tuesday,0,2,2,2,3,2,0.177,0.8,0
2026-06-16,early,S03,A,Tuesday,0,1,2,2,3,2,0.177,0.8,0
2026-06-16,early,S04,A,Tuesday,0,2,1,2,3,2,0.177,0.8,0
2026-06-16,early,S05,A,Tuesday,0,2,2,2,3,2,0.177,0.8,0
2026-06-16,early,S06,A,Tuesday,0,2,1,2,3,2,0.177,0.8,0
2026-06-16,early,S07,B,Tuesday,0,2,3,0,3,2,0.115,0.8,0
2026-06-16,early,S08,B,Tuesday,0,2,2,0,3,2,0.115,0.8,0
2026-06-16,early,S09,B,Tuesday,0,2,2,0,3,2,0.115,0.8,0
2026-06-16,early,S10,B,Tuesday,0,2,2,0,3,2,0.115,0.8,0
2026-06-16,early,S11,B,Tuesday,0,3,1,0,3,2,0.115,0.8,0
2026-06-16,early,S12,B,Tuesday,0,2,1,0,3,2,0.115,0.8,0
2026-06-16,early,S13,C,Tuesday,0,2,2,0,3,2,0.135,0.8,0
2026-06-16,early,S14,C,Tuesday,0,2,1,0,3,2,0.135,0.8,0
2026-06-16,early,S15,C,Tuesday,1,3,2,0,3,2,0.135,0.8,0
2026-06-16,early,S16,C,Tuesday,0,2,1,0,3,2,0.135,0.8,0
2026-06-16,early,S17,C,Tuesday,0,2,1,0,3,2,0.135,0.8,0
2026-06-16,early,S18,C,Tuesday,1,2,3,0,3,2,0.135,0.8,0
2026-06-16,early,S19,D,Tuesday,0,2,3,1,3,2,0.078,0.8,0
2026-06-16,early,S20,D,Tuesday,0,3,2,1,3,2,0.078,0.8,0
2026-06-16,early,S21,D,Tuesday,0,2,1,1,3,2,0.078,0.8,0
2026-06-16,early,S22,D,Tuesday,0,1,2,1,3,2,0.078,0.8,1
2026-06-16,early,S23,D,Tuesday,0,2,1,1,3,2,0.078,0.8,0
2026-06-16,early,S24,D,Tuesday,0,2,2,1,3,2,0.078,0.8,0
2026-06-17,early,S01,A,Wednesday,0,1,0,2,3,2,0.167,0.8,1
2026-06-17,early,S02,A,Wednesday,0,2,2,2,3,2,0.167,0.8,0
2026-06-17,early,S03,A,Wednesday,0,1,2,2,3,2,0.167,0.8,0
2026-06-17,early,S04,A,Wednesday,0,2,1,2,3,2,0.167,0.8,0
2026-06-17,early,S05,A,Wednesday,0,2,2,2,3,2,0.167,0.8,0
2026-06-17,early,S06,A,Wednesday,0,2,1,2,3,2,0.167,0.8,0
2026-06-17,early,S07,B,Wednesday,0,2,3,0,3,2,0.115,0.8,0
2026-06-17,early,S08,B,Wednesday,0,2,2,0,3,2,0.115,0.8,0
2026-06-17,early,S09,B,Wednesday,0,2,2,0,3,2,0.115,0.8,0
2026-06-17,early,S10,B,Wednesday,0,2,2,0,3,2,0.115,0.8,0
2026-06-17,early,S11,B,Wednesday,0,3,1,0,3,2,0.115,0.8,0
2026-06-17,early,S12,B,Wednesday,0,2,1,0,3,2,0.115,0.8,0
2026-06-17,early,S13,C,Wednesday,0,2,2,0,3,2,0.135,0.8,0
2026-06-17,early,S14,C,Wednesday,0,2,1,0,3,2,0.135,0.8,0
2026-06-17,early,S15,C,Wednesday,1,3,2,0,3,2,0.135,0.8,0
2026-06-17,early,S16,C,Wednesday,0,2,1,0,3,2,0.135,0.8,0
2026-06-17,early,S17,C,Wednesday,0,2,1,0,3,2,0.135,0.8,0
2026-06-17,early,S18,C,Wednesday,1,2,3,0,3,2,0.135,0.8,0
2026-06-17,early,S19,D,Wednesday,0,2,3,1,3,2,0.089,0.8,0
2026-06-17,early,S20,D,Wednesday,0,3,2,1,3,2,0.089,0.8,0
2026-06-17,early,S21,D,Wednesday,0,2,1,1,3,2,0.089,0.8,0
2026-06-17,early,S22,D,Wednesday,0,1,2,1,3,2,0.089,0.8,0
2026-06-17,early,S23,D,Wednesday,0,2,1,1,3,2,0.089,0.8,0
2026-06-17,early,S24,D,Wednesday,0,2,2,1,3,2,0.089,0.8,0
2026-06-18,early,S01,A,Thursday,0,1,0,2,3,2,0.161,0.8,1
2026-06-18,early,S02,A,Thursday,0,2,2,2,3,2,0.161,0.8,0
2026-06-18,early,S03,A,Thursday,0,1,2,2,3,2,0.161,0.8,0
2026-06-18,early,S04,A,Thursday,0,2,1,2,3,2,0.161,0.8,0
2026-06-18,early,S05,A,Thursday,0,2,2,2,3,2,0.161,0.8,0
2026-06-18,early,S06,A,Thursday,0,2,1,2,3,2,0.161,0.8,0
2026-06-18,early,S07,B,Thursday,0,2,3,0,3,2,0.104,0.8,0
2026-06-18,early,S08,B,Thursday,0,2,2,0,3,2,0.104,0.8,0
2026-06-18,early,S09,B,Thursday,0,2,2,0,3,2,0.104,0.8,0
2026-06-18,early,S10,B,Thursday,0,2,2,0,3,2,0.104,0.8,0
2026-06-18,early,S11,B,Thursday,0,3,1,0,3,2,0.104,0.8,0
2026-06-18,early,S12,B,Thursday,0,2,1,0,3,2,0.104,0.8,0
2026-06-18,early,S13,C,Thursday,0,2,2,0,3,2,0.141,0.8,0
2026-06-18,early,S14,C,Thursday,0,2,1,0,3,2,0.141,0.8,0
2026-06-18,early,S15,C,Thursday,1,3,2,0,3,2,0.141,0.8,0
2026-06-18,early,S16,C,Thursday,0,2,1,0,3,2,0.141,0.8,0
2026-06-18,early,S17,C,Thursday,0,2,1,0,3,2,0.141,0.8,0
2026-06-18,early,S18,C,Thursday,1,2,3,0,3,2,0.141,0.8,0
2026-06-18,early,S19,D,Thursday,0,2,3,1,3,2,0.083,0.8,0
2026-06-18,early,S20,D,Thursday,0,3,2,1,3,2,0.083,0.8,0
2026-06-18,early,S21,D,Thursday,0,2,1,1,3,2,0.083,0.8,0
2026-06-18,early,S22,D,Thursday,0,1,2,1,3,2,0.083,0.8,1
2026-06-18,early,S23,D,Thursday,0,2,1,1,3,2,0.083,0.8,0
2026-06-18,early,S24,D,Thursday,0,2,2,1,3,2,0.083,0.8,0
2026-06-19,early,S01,A,Friday,0,1,0,2,3,2,0.161,0.8,1
2026-06-19,early,S02,A,Friday,0,2,2,2,3,2,0.161,0.8,0
2026-06-19,early,S03,A,Friday,0,1,2,2,3,2,0.161,0.8,0
2026-06-19,early,S04,A,Friday,0,2,1,2,3,2,0.161,0.8,0
2026-06-19,early,S05,A,Friday,0,2,2,2,3,2,0.161,0.8,0
2026-06-19,early,S06,A,Friday,0,2,1,2,3,2,0.161,0.8,0
2026-06-19,early,S07,B,Friday,0,2,3,0,3,2,0.109,0.8,0
2026-06-19,early,S08,B,Friday,0,2,2,0,3,2,0.109,0.8,0
2026-06-19,early,S09,B,Friday,0,2,2,0,3,2,0.109,0.8,0
2026-06-19,early,S10,B,Friday,0,2,2,0,3,2,0.109,0.8,0
2026-06-19,early,S11,B,Friday,0,3,1,0,3,2,0.109,0.8,0
2026-06-19,early,S12,B,Friday,0,2,1,0,3,2,0.109,0.8,0
2026-06-19,early,S13,C,Friday,0,2,2,0,3,2,0.146,0.8,0
2026-06-19,early,S14,C,Friday,0,2,1,0,3,2,0.146,0.8,0
2026-06-19,early,S15,C,Friday,1,3,2,0,3,2,0.146,0.8,0
2026-06-19,early,S16,C,Friday,0,2,1,0,3,2,0.146,0.8,0
2026-06-19,early,S17,C,Friday,0,2,1,0,3,2,0.146,0.8,0
2026-06-19,early,S18,C,Friday,1,2,3,0,3,2,0.146,0.8,0
2026-06-19,early,S19,D,Friday,0,2,3,1,3,2,0.094,0.8,0
2026-06-19,early,S20,D,Friday,0,3,2,1,3,2,0.094,0.8,0
2026-06-19,early,S21,D,Friday,0,2,1,1,3,2,0.094,0.8,0
2026-06-19,early,S22,D,Friday,0,1,2,1,3,2,0.094,0.8,0
2026-06-19,early,S23,D,Friday,0,2,1,1,3,2,0.094,0.8,0
2026-06-19,early,S24,D,Friday,0,2,2,1,3,2,0.094,0.8,0
2026-06-20,early,S01,A,Saturday,0,1,0,2,3,2,0.161,0.8,1
2026-06-20,early,S02,A,Saturday,0,2,2,2,3,2,0.161,0.8,0
2026-06-20,early,S03,A,Saturday,0,1,2,2,3,2,0.161,0.8,0
2026-06-20,early,S04,A,Saturday,0,2,1,2,3,2,0.161,0.8,0
2026-06-20,early,S05,A,Saturday,0,2,2,2,3,2,0.161,0.8,0
2026-06-20,early,S06,A,Saturday,0,2,1,2,3,2,0.161,0.8,0
2026-06-20,early,S07,B,Saturday,0,2,3,0,3,2,0.099,0.8,0
2026-06-20,early,S08,B,Saturday,0,2,2,0,3,2,0.099,0.8,0
2026-06-20,early,S09,B,Saturday,0,2,2,0,3,2,0.099,0.8,0
2026-06-20,early,S10,B,Saturday,0,2,2,0,3,2,0.099,0.8,0
2026-06-20,early,S11,B,Saturday,0,3,1,0,3,2,0.099,0.8,0
2026-06-20,early,S12,B,Saturday,0,2,1,0,3,2,0.099,0.8,1
2026-06-20,early,S13,C,Saturday,0,2,2,0,3,2,0.135,0.8,0
2026-06-20,early,S14,C,Saturday,0,2,1,0,3,2,0.135,0.8,0
2026-06-20,early,S15,C,Saturday,1,3,2,0,3,2,0.135,0.8,0
2026-06-20,early,S16,C,Saturday,0,2,1,0,3,2,0.135,0.8,0
2026-06-20,early,S17,C,Saturday,0,2,1,0,3,2,0.135,0.8,0
2026-06-20,early,S18,C,Saturday,1,2,3,0,3,2,0.135,0.8,0
2026-06-20,early,S19,D,Saturday,0,2,3,1,3,2,0.094,0.8,0
2026-06-20,early,S20,D,Saturday,0,3,2,1,3,2,0.094,0.8,0
2026-06-20,early,S21,D,Saturday,0,2,1,1,3,2,0.094,0.8,0
2026-06-20,early,S22,D,Saturday,0,1,2,1,3,2,0.094,0.8,1
2026-06-20,early,S23,D,Saturday,0,2,1,1,3,2,0.094,0.8,0
2026-06-20,early,S24,D,Saturday,0,2,2,1,3,2,0.094,0.8,0
2026-06-15,late,S01,A,Monday,0,3,2,2,4,2,0.125,0.0,0
2026-06-15,late,S02,A,Monday,0,1,2,2,4,2,0.125,0.0,0
2026-06-15,late,S03,A,Monday,0,1,3,2,4,2,0.125,0.0,1
2026-06-15,late,S04,A,Monday,0,3,1,2,4,2,0.125,0.0,0
2026-06-15,late,S05,A,Monday,0,3,3,2,4,2,0.125,0.0,0
2026-06-15,late,S06,A,Monday,0,2,0,2,4,2,0.125,0.0,0
2026-06-15,late,S07,B,Monday,0,3,2,1,4,2,0.13,0.0,0
2026-06-15,late,S08,B,Monday,0,2,1,1,4,2,0.13,0.0,0
2026-06-15,late,S09,B,Monday,0,3,1,1,4,2,0.13,0.0,0
2026-06-15,late,S10,B,Monday,0,1,1,1,4,2,0.13,0.0,1
2026-06-15,late,S11,B,Monday,0,2,2,1,4,2,0.13,0.0,0
2026-06-15,late,S12,B,Monday,0,2,1,1,4,2,0.13,0.0,0
2026-06-15,late,S13,C,Monday,0,2,1,1,4,2,0.125,0.0,0
2026-06-15,late,S14,C,Monday,0,2,2,1,4,2,0.125,0.0,0
2026-06-15,late,S15,C,Monday,1,2,2,1,4,2,0.125,0.0,0
2026-06-15,late,S16,C,Monday,0,2,2,1,4,2,0.125,0.0,0
2026-06-15,late,S17,C,Monday,0,1,2,1,4,2,0.125,0.0,1
2026-06-15,late,S18,C,Monday,1,2,0,1,4,2,0.125,0.0,0
2026-06-15,late,S19,D,Monday,0,2,1,0,4,2,0.078,0.0,0
2026-06-15,late,S20,D,Monday,0,2,2,0,4,2,0.078,0.0,0
2026-06-15,late,S21,D,Monday,0,2,2,0,4,2,0.078,0.0,0
2026-06-15,late,S22,D,Monday,0,3,2,0,4,2,0.078,0.0,0
2026-06-15,late,S23,D,Monday,0,2,2,0,4,2,0.078,0.0,0
2026-06-15,late,S24,D,Monday,0,3,3,0,4,2,0.078,0.0,0
2026-06-16,late,S01,A,Tuesday,0,3,2,2,4,2,0.125,0.0,0
2026-06-16,late,S02,A,Tuesday,0,1,2,2,4,2,0.125,0.0,0
2026-06-16,late,S03,A,Tuesday,0,1,3,2,4,2,0.125,0.0,0
2026-06-16,late,S04,A,Tuesday,0,3,1,2,4,2,0.125,0.0,0
2026-06-16,late,S05,A,Tuesday,0,3,3,2,4,2,0.125,0.0,0
2026-06-16,late,S06,A,Tuesday,0,2,0,2,4,2,0.125,0.0,0
2026-06-16,late,S07,B,Tuesday,0,3,2,1,4,2,0.13,0.0,0
2026-06-16,late,S08,B,Tuesday,0,2,1,1,4,2,0.13,0.0,0
2026-06-16,late,S09,B,Tuesday,0,3,1,1,4,2,0.13,0.0,0
2026-06-16,late,S10,B,Tuesday,0,1,1,1,4,2,0.13,0.0,0
2026-06-16,late,S11,B,Tuesday,0,2,2,1,4,2,0.13,0.0,0
2026-06-16,late,S12,B,Tuesday,0,2,1,1,4,2,0.13,0.0,0
2026-06-16,late,S13,C,Tuesday,0,2,1,1,4,2,0.12,0.0,0
2026-06-16,late,S14,C,Tuesday,0,2,2,1,4,2,0.12,0.0,0
2026-06-16,late,S15,C,Tuesday,1,2,2,1,4,2,0.12,0.0,0
2026-06-16,late,S16,C,Tuesday,0,2,2,1,4,2,0.12,0.0,0
2026-06-16,late,S17,C,Tuesday,0,1,2,1,4,2,0.12,0.0,0
2026-06-16,late,S18,C,Tuesday,1,2,0,1,4,2,0.12,0.0,0
2026-06-16,late,S19,D,Tuesday,0,2,1,0,4,2,0.078,0.0,0
2026-06-16,late,S20,D,Tuesday,0,2,2,0,4,2,0.078,0.0,0
2026-06-16,late,S21,D,Tuesday,0,2,2,0,4,2,0.078,0.0,0
2026-06-16,late,S22,D,Tuesday,0,3,2,0,4,2,0.078,0.0,0
2026-06-16,late,S23,D,Tuesday,0,2,2,0,4,2,0.078,0.0,0
2026-06-16,late,S24,D,Tuesday,0,3,3,0,4,2,0.078,0.0,0
2026-06-17,late,S01,A,Wednesday,0,3,2,2,4,2,0.12,0.0,0
2026-06-17,late,S02,A,Wednesday,0,1,2,2,4,2,0.12,0.0,0
2026-06-17,late,S03,A,Wednesday,0,1,3,2,4,2,0.12,0.0,1
2026-06-17,late,S04,A,Wednesday,0,3,1,2,4,2,0.12,0.0,0
2026-06-17,late,S05,A,Wednesday,0,3,3,2,4,2,0.12,0.0,0
2026-06-17,late,S06,A,Wednesday,0,2,0,2,4,2,0.12,0.0,1
2026-06-17,late,S07,B,Wednesday,0,3,2,1,4,2,0.13,0.0,0
2026-06-17,late,S08,B,Wednesday,0,2,1,1,4,2,0.13,0.0,0
2026-06-17,late,S09,B,Wednesday,0,3,1,1,4,2,0.13,0.0,0
2026-06-17,late,S10,B,Wednesday,0,1,1,1,4,2,0.13,0.0,0
2026-06-17,late,S11,B,Wednesday,0,2,2,1,4,2,0.13,0.0,0
2026-06-17,late,S12,B,Wednesday,0,2,1,1,4,2,0.13,0.0,0
2026-06-17,late,S13,C,Wednesday,0,2,1,1,4,2,0.115,0.0,0
2026-06-17,late,S14,C,Wednesday,0,2,2,1,4,2,0.115,0.0,0
2026-06-17,late,S15,C,Wednesday,1,2,2,1,4,2,0.115,0.0,0
2026-06-17,late,S16,C,Wednesday,0,2,2,1,4,2,0.115,0.0,0
2026-06-17,late,S17,C,Wednesday,0,1,2,1,4,2,0.115,0.0,0
2026-06-17,late,S18,C,Wednesday,1,2,0,1,4,2,0.115,0.0,1
2026-06-17,late,S19,D,Wednesday,0,2,1,0,4,2,0.073,0.0,0
2026-06-17,late,S20,D,Wednesday,0,2,2,0,4,2,0.073,0.0,0
2026-06-17,late,S21,D,Wednesday,0,2,2,0,4,2,0.073,0.0,0
2026-06-17,late,S22,D,Wednesday,0,3,2,0,4,2,0.073,0.0,0
2026-06-17,late,S23,D,Wednesday,0,2,2,0,4,2,0.073,0.0,1
2026-06-17,late,S24,D,Wednesday,0,3,3,0,4,2,0.073,0.0,0
2026-06-18,late,S01,A,Thursday,0,3,2,2,4,2,0.12,0.0,0
2026-06-18,late,S02,A,Thursday,0,1,2,2,4,2,0.12,0.0,0
2026-06-18,late,S03,A,Thursday,0,1,3,2,4,2,0.12,0.0,0
2026-06-18,late,S04,A,Thursday,0,3,1,2,4,2,0.12,0.0,0
2026-06-18,late,S05,A,Thursday,0,3,3,2,4,2,0.12,0.0,0
2026-06-18,late,S06,A,Thursday,0,2,0,2,4,2,0.12,0.0,0
2026-06-18,late,S07,B,Thursday,0,3,2,1,4,2,0.12,0.0,0
2026-06-18,late,S08,B,Thursday,0,2,1,1,4,2,0.12,0.0,0
2026-06-18,late,S09,B,Thursday,0,3,1,1,4,2,0.12,0.0,0
2026-06-18,late,S10,B,Thursday,0,1,1,1,4,2,0.12,0.0,0
2026-06-18,late,S11,B,Thursday,0,2,2,1,4,2,0.12,0.0,0
2026-06-18,late,S12,B,Thursday,0,2,1,1,4,2,0.12,0.0,0
2026-06-18,late,S13,C,Thursday,0,2,1,1,4,2,0.12,0.0,0
2026-06-18,late,S14,C,Thursday,0,2,2,1,4,2,0.12,0.0,0
2026-06-18,late,S15,C,Thursday,1,2,2,1,4,2,0.12,0.0,0
2026-06-18,late,S16,C,Thursday,0,2,2,1,4,2,0.12,0.0,0
2026-06-18,late,S17,C,Thursday,0,1,2,1,4,2,0.12,0.0,1
2026-06-18,late,S18,C,Thursday,1,2,0,1,4,2,0.12,0.0,0
2026-06-18,late,S19,D,Thursday,0,2,1,0,4,2,0.089,0.0,0
2026-06-18,late,S20,D,Thursday,0,2,2,0,4,2,0.089,0.0,0
2026-06-18,late,S21,D,Thursday,0,2,2,0,4,2,0.089,0.0,0
2026-06-18,late,S22,D,Thursday,0,3,2,0,4,2,0.089,0.0,0
2026-06-18,late,S23,D,Thursday,0,2,2,0,4,2,0.089,0.0,0
2026-06-18,late,S24,D,Thursday,0,3,3,0,4,2,0.089,0.0,0
2026-06-19,late,S01,A,Friday,0,3,2,2,4,2,0.115,0.0,0
2026-06-19,late,S02,A,Friday,0,1,2,2,4,2,0.115,0.0,0
2026-06-19,late,S03,A,Friday,0,1,3,2,4,2,0.115,0.0,0
2026-06-19,late,S04,A,Friday,0,3,1,2,4,2,0.115,0.0,0
2026-06-19,late,S05,A,Friday,0,3,3,2,4,2,0.115,0.0,0
2026-06-19,late,S06,A,Friday,0,2,0,2,4,2,0.115,0.0,0
2026-06-19,late,S07,B,Friday,0,3,2,1,4,2,0.12,0.0,0
2026-06-19,late,S08,B,Friday,0,2,1,1,4,2,0.12,0.0,0
2026-06-19,late,S09,B,Friday,0,3,1,1,4,2,0.12,0.0,0
2026-06-19,late,S10,B,Friday,0,1,1,1,4,2,0.12,0.0,0
2026-06-19,late,S11,B,Friday,0,2,2,1,4,2,0.12,0.0,0
2026-06-19,late,S12,B,Friday,0,2,1,1,4,2,0.12,0.0,0
2026-06-19,late,S13,C,Friday,0,2,1,1,4,2,0.125,0.0,0
2026-06-19,late,S14,C,Friday,0,2,2,1,4,2,0.125,0.0,0
2026-06-19,late,S15,C,Friday,1,2,2,1,4,2,0.125,0.0,0
2026-06-19,late,S16,C,Friday,0,2,2,1,4,2,0.125,0.0,0
2026-06-19,late,S17,C,Friday,0,1,2,1,4,2,0.125,0.0,0
2026-06-19,late,S18,C,Friday,1,2,0,1,4,2,0.125,0.0,0
2026-06-19,late,S19,D,Friday,0,2,1,0,4,2,0.094,0.0,0
2026-06-19,late,S20,D,Friday,0,2,2,0,4,2,0.094,0.0,0
2026-06-19,late,S21,D,Friday,0,2,2,0,4,2,0.094,0.0,0
2026-06-19,late,S22,D,Friday,0,3,2,0,4,2,0.094,0.0,0
2026-06-19,late,S23,D,Friday,0,2,2,0,4,2,0.094,0.0,0
2026-06-19,late,S24,D,Friday,0,3,3,0,4,2,0.094,0.0,0
2026-06-20,late,S01,A,Saturday,0,3,2,2,4,2,0.115,0.0,0
2026-06-20,late,S02,A,Saturday,0,1,2,2,4,2,0.115,0.0,0
2026-06-20,late,S03,A,Saturday,0,1,3,2,4,2,0.115,0.0,0
2026-06-20,late,S04,A,Saturday,0,3,1,2,4,2,0.115,0.0,0
2026-06-20,late,S05,A,Saturday,0,3,3,2,4,2,0.115,0.0,0
2026-06-20,late,S06,A,Saturday,0,2,0,2,4,2,0.115,0.0,0
2026-06-20,late,S07,B,Saturday,0,3,2,1,4,2,0.125,0.0,0
2026-06-20,late,S08,B,Saturday,0,2,1,1,4,2,0.125,0.0,0
2026-06-20,late,S09,B,Saturday,0,3,1,1,4,2,0.125,0.0,0
2026-06-20,late,S10,B,Saturday,0,1,1,1,4,2,0.125,0.0,0
2026-06-20,late,S11,B,Saturday,0,2,2,1,4,2,0.125,0.0,0
2026-06-20,late,S12,B,Saturday,0,2,1,1,4,2,0.125,0.0,0
2026-06-20,late,S13,C,Saturday,0,2,1,1,4,2,0.104,0.0,1
2026-06-20,late,S14,C,Saturday,0,2,2,1,4,2,0.104,0.0,0
2026-06-20,late,S15,C,Saturday,1,2,2,1,4,2,0.104,0.0,0
2026-06-20,late,S16,C,Saturday,0,2,2,1,4,2,0.104,0.0,0
2026-06-20,late,S17,C,Saturday,0,1,2,1,4,2,0.104,0.0,1
2026-06-20,late,S18,C,Saturday,1,2,0,1,4,2,0.104,0.0,1
2026-06-20,late,S19,D,Saturday,0,2,1,0,4,2,0.089,0.0,0
2026-06-20,late,S20,D,Saturday,0,2,2,0,4,2,0.089,0.0,0
2026-06-20,late,S21,D,Saturday,0,2,2,0,4,2,0.089,0.0,0
2026-06-20,late,S22,D,Saturday,0,3,2,0,4,2,0.089,0.0,0
2026-06-20,late,S23,D,Saturday,0,2,2,0,4,2,0.089,0.0,0
2026-06-20,late,S24,D,Saturday,0,3,3,0,4,2,0.089,0.0,0
2026-06-15,night,S01,A,Monday,0,3,1,2,9,2,0.109,1.3,0
2026-06-15,night,S02,A,Monday,0,2,2,2,9,2,0.109,1.3,0
2026-06-15,night,S03,A,Monday,0,1,3,2,9,2,0.109,1.3,0
2026-06-15,night,S04,A,Monday,0,1,1,2,9,2,0.109,1.3,0
2026-06-15,night,S05,A,Monday,0,2,3,2,9,2,0.109,1.3,0
2026-06-15,night,S06,A,Monday,0,2,2,2,9,2,0.109,1.3,0
2026-06-15,night,S07,B,Monday,0,1,1,3,9,2,0.12,1.3,1
2026-06-15,night,S08,B,Monday,0,2,2,3,9,2,0.12,1.3,0
2026-06-15,night,S09,B,Monday,0,2,3,3,9,2,0.12,1.3,0
2026-06-15,night,S10,B,Monday,0,1,3,3,9,2,0.12,1.3,0
2026-06-15,night,S11,B,Monday,0,2,1,3,9,2,0.12,1.3,0
2026-06-15,night,S12,B,Monday,0,1,1,3,9,2,0.12,1.3,1
2026-06-15,night,S13,C,Monday,0,2,2,3,9,2,0.151,1.3,0
2026-06-15,night,S14,C,Monday,0,2,3,3,9,2,0.151,1.3,0
2026-06-15,night,S15,C,Monday,1,1,2,3,9,2,0.151,1.3,0
2026-06-15,night,S16,C,Monday,0,2,2,3,9,2,0.151,1.3,0
2026-06-15,night,S17,C,Monday,0,1,0,3,9,2,0.151,1.3,1
2026-06-15,night,S18,C,Monday,1,1,0,3,9,2,0.151,1.3,1
2026-06-15,night,S19,D,Monday,0,3,1,1,9,2,0.146,1.3,0
2026-06-15,night,S20,D,Monday,0,3,2,1,9,2,0.146,1.3,0
2026-06-15,night,S21,D,Monday,0,1,1,1,9,2,0.146,1.3,0
2026-06-15,night,S22,D,Monday,0,3,1,1,9,2,0.146,1.3,0
2026-06-15,night,S23,D,Monday,0,2,2,1,9,2,0.146,1.3,0
2026-06-15,night,S24,D,Monday,0,2,1,1,9,2,0.146,1.3,0
2026-06-16,night,S01,A,Tuesday,0,3,1,2,9,2,0.104,1.3,1
2026-06-16,night,S02,A,Tuesday,0,2,2,2,9,2,0.104,1.3,0
2026-06-16,night,S03,A,Tuesday,0,1,3,2,9,2,0.104,1.3,0
2026-06-16,night,S04,A,Tuesday,0,1,1,2,9,2,0.104,1.3,0
2026-06-16,night,S05,A,Tuesday,0,2,3,2,9,2,0.104,1.3,0
2026-06-16,night,S06,A,Tuesday,0,2,2,2,9,2,0.104,1.3,0
2026-06-16,night,S07,B,Tuesday,0,1,1,3,9,2,0.12,1.3,1
2026-06-16,night,S08,B,Tuesday,0,2,2,3,9,2,0.12,1.3,0
2026-06-16,night,S09,B,Tuesday,0,2,3,3,9,2,0.12,1.3,0
2026-06-16,night,S10,B,Tuesday,0,1,3,3,9,2,0.12,1.3,0
2026-06-16,night,S11,B,Tuesday,0,2,1,3,9,2,0.12,1.3,0
2026-06-16,night,S12,B,Tuesday,0,1,1,3,9,2,0.12,1.3,1
2026-06-16,night,S13,C,Tuesday,0,2,2,3,9,2,0.141,1.3,0
2026-06-16,night,S14,C,Tuesday,0,2,3,3,9,2,0.141,1.3,0
2026-06-16,night,S15,C,Tuesday,1,1,2,3,9,2,0.141,1.3,0
2026-06-16,night,S16,C,Tuesday,0,2,2,3,9,2,0.141,1.3,0
2026-06-16,night,S17,C,Tuesday,0,1,0,3,9,2,0.141,1.3,1
2026-06-16,night,S18,C,Tuesday,1,1,0,3,9,2,0.141,1.3,1
2026-06-16,night,S19,D,Tuesday,0,3,1,1,9,2,0.141,1.3,0
2026-06-16,night,S20,D,Tuesday,0,3,2,1,9,2,0.141,1.3,1
2026-06-16,night,S21,D,Tuesday,0,1,1,1,9,2,0.141,1.3,1
2026-06-16,night,S22,D,Tuesday,0,3,1,1,9,2,0.141,1.3,0
2026-06-16,night,S23,D,Tuesday,0,2,2,1,9,2,0.141,1.3,0
2026-06-16,night,S24,D,Tuesday,0,2,1,1,9,2,0.141,1.3,0
2026-06-17,night,S01,A,Wednesday,0,3,1,2,9,2,0.104,1.3,0
2026-06-17,night,S02,A,Wednesday,0,2,2,2,9,2,0.104,1.3,0
2026-06-17,night,S03,A,Wednesday,0,1,3,2,9,2,0.104,1.3,0
2026-06-17,night,S04,A,Wednesday,0,1,1,2,9,2,0.104,1.3,0
2026-06-17,night,S05,A,Wednesday,0,2,3,2,9,2,0.104,1.3,0
2026-06-17,night,S06,A,Wednesday,0,2,2,2,9,2,0.104,1.3,1
2026-06-17,night,S07,B,Wednesday,0,1,1,3,9,2,0.12,1.3,1
2026-06-17,night,S08,B,Wednesday,0,2,2,3,9,2,0.12,1.3,0
2026-06-17,night,S09,B,Wednesday,0,2,3,3,9,2,0.12,1.3,0
2026-06-17,night,S10,B,Wednesday,0,1,3,3,9,2,0.12,1.3,0
2026-06-17,night,S11,B,Wednesday,0,2,1,3,9,2,0.12,1.3,0
2026-06-17,night,S12,B,Wednesday,0,1,1,3,9,2,0.12,1.3,1
2026-06-17,night,S13,C,Wednesday,0,2,2,3,9,2,0.135,1.3,0
2026-06-17,night,S14,C,Wednesday,0,2,3,3,9,2,0.135,1.3,0
2026-06-17,night,S15,C,Wednesday,1,1,2,3,9,2,0.135,1.3,0
2026-06-17,night,S16,C,Wednesday,0,2,2,3,9,2,0.135,1.3,0
2026-06-17,night,S17,C,Wednesday,0,1,0,3,9,2,0.135,1.3,1
2026-06-17,night,S18,C,Wednesday,1,1,0,3,9,2,0.135,1.3,1
2026-06-17,night,S19,D,Wednesday,0,3,1,1,9,2,0.151,1.3,1
2026-06-17,night,S20,D,Wednesday,0,3,2,1,9,2,0.151,1.3,0
2026-06-17,night,S21,D,Wednesday,0,1,1,1,9,2,0.151,1.3,1
2026-06-17,night,S22,D,Wednesday,0,3,1,1,9,2,0.151,1.3,0
2026-06-17,night,S23,D,Wednesday,0,2,2,1,9,2,0.151,1.3,0
2026-06-17,night,S24,D,Wednesday,0,2,1,1,9,2,0.151,1.3,0
2026-06-18,night,S01,A,Thursday,0,3,1,2,9,2,0.099,1.3,0
2026-06-18,night,S02,A,Thursday,0,2,2,2,9,2,0.099,1.3,0
2026-06-18,night,S03,A,Thursday,0,1,3,2,9,2,0.099,1.3,1
2026-06-18,night,S04,A,Thursday,0,1,1,2,9,2,0.099,1.3,1
2026-06-18,night,S05,A,Thursday,0,2,3,2,9,2,0.099,1.3,0
2026-06-18,night,S06,A,Thursday,0,2,2,2,9,2,0.099,1.3,0
2026-06-18,night,S07,B,Thursday,0,1,1,3,9,2,0.13,1.3,0
2026-06-18,night,S08,B,Thursday,0,2,2,3,9,2,0.13,1.3,0
2026-06-18,night,S09,B,Thursday,0,2,3,3,9,2,0.13,1.3,0
2026-06-18,night,S10,B,Thursday,0,1,3,3,9,2,0.13,1.3,1
2026-06-18,night,S11,B,Thursday,0,2,1,3,9,2,0.13,1.3,0
2026-06-18,night,S12,B,Thursday,0,1,1,3,9,2,0.13,1.3,0
2026-06-18,night,S13,C,Thursday,0,2,2,3,9,2,0.13,1.3,0
2026-06-18,night,S14,C,Thursday,0,2,3,3,9,2,0.13,1.3,0
2026-06-18,night,S15,C,Thursday,1,1,2,3,9,2,0.13,1.3,0
2026-06-18,night,S16,C,Thursday,0,2,2,3,9,2,0.13,1.3,0
2026-06-18,night,S17,C,Thursday,0,1,0,3,9,2,0.13,1.3,1
2026-06-18,night,S18,C,Thursday,1,1,0,3,9,2,0.13,1.3,1
2026-06-18,night,S19,D,Thursday,0,3,1,1,9,2,0.161,1.3,0
2026-06-18,night,S20,D,Thursday,0,3,2,1,9,2,0.161,1.3,0
2026-06-18,night,S21,D,Thursday,0,1,1,1,9,2,0.161,1.3,0
2026-06-18,night,S22,D,Thursday,0,3,1,1,9,2,0.161,1.3,0
2026-06-18,night,S23,D,Thursday,0,2,2,1,9,2,0.161,1.3,0
2026-06-18,night,S24,D,Thursday,0,2,1,1,9,2,0.161,1.3,0
2026-06-19,night,S01,A,Friday,0,3,1,2,9,2,0.109,1.3,0
2026-06-19,night,S02,A,Friday,0,2,2,2,9,2,0.109,1.3,0
2026-06-19,night,S03,A,Friday,0,1,3,2,9,2,0.109,1.3,0
2026-06-19,night,S04,A,Friday,0,1,1,2,9,2,0.109,1.3,0
2026-06-19,night,S05,A,Friday,0,2,3,2,9,2,0.109,1.3,0
2026-06-19,night,S06,A,Friday,0,2,2,2,9,2,0.109,1.3,0
2026-06-19,night,S07,B,Friday,0,1,1,3,9,2,0.125,1.3,0
2026-06-19,night,S08,B,Friday,0,2,2,3,9,2,0.125,1.3,0
2026-06-19,night,S09,B,Friday,0,2,3,3,9,2,0.125,1.3,0
2026-06-19,night,S10,B,Friday,0,1,3,3,9,2,0.125,1.3,1
2026-06-19,night,S11,B,Friday,0,2,1,3,9,2,0.125,1.3,0
2026-06-19,night,S12,B,Friday,0,1,1,3,9,2,0.125,1.3,1
2026-06-19,night,S13,C,Friday,0,2,2,3,9,2,0.125,1.3,0
2026-06-19,night,S14,C,Friday,0,2,3,3,9,2,0.125,1.3,0
2026-06-19,night,S15,C,Friday,1,1,2,3,9,2,0.125,1.3,0
2026-06-19,night,S16,C,Friday,0,2,2,3,9,2,0.125,1.3,0
2026-06-19,night,S17,C,Friday,0,1,0,3,9,2,0.125,1.3,1
2026-06-19,night,S18,C,Friday,1,1,0,3,9,2,0.125,1.3,1
2026-06-19,night,S19,D,Friday,0,3,1,1,9,2,0.156,1.3,0
2026-06-19,night,S20,D,Friday,0,3,2,1,9,2,0.156,1.3,0
2026-06-19,night,S21,D,Friday,0,1,1,1,9,2,0.156,1.3,0
2026-06-19,night,S22,D,Friday,0,3,1,1,9,2,0.156,1.3,0
2026-06-19,night,S23,D,Friday,0,2,2,1,9,2,0.156,1.3,0
2026-06-19,night,S24,D,Friday,0,2,1,1,9,2,0.156,1.3,0
2026-06-20,night,S01,A,Saturday,0,3,1,2,9,2,0.104,1.3,0
2026-06-20,night,S02,A,Saturday,0,2,2,2,9,2,0.104,1.3,0
2026-06-20,night,S03,A,Saturday,0,1,3,2,9,2,0.104,1.3,0
2026-06-20,night,S04,A,Saturday,0,1,1,2,9,2,0.104,1.3,1
2026-06-20,night,S05,A,Saturday,0,2,3,2,9,2,0.104,1.3,0
2026-06-20,night,S06,A,Saturday,0,2,2,2,9,2,0.104,1.3,0
2026-06-20,night,S07,B,Saturday,0,1,1,3,9,2,0.12,1.3,1
2026-06-20,night,S08,B,Saturday,0,2,2,3,9,2,0.12,1.3,0
2026-06-20,night,S09,B,Saturday,0,2,3,3,9,2,0.12,1.3,0
2026-06-20,night,S10,B,Saturday,0,1,3,3,9,2,0.12,1.3,0
2026-06-20,night,S11,B,Saturday,0,2,1,3,9,2,0.12,1.3,0
2026-06-20,night,S12,B,Saturday,0,1,1,3,9,2,0.12,1.3,1
2026-06-20,night,S13,C,Saturday,0,2,2,3,9,2,0.13,1.3,0
2026-06-20,night,S14,C,Saturday,0,2,3,3,9,2,0.13,1.3,0
2026-06-20,night,S15,C,Saturday,1,1,2,3,9,2,0.13,1.3,0
2026-06-20,night,S16,C,Saturday,0,2,2,3,9,2,0.13,1.3,0
2026-06-20,night,S17,C,Saturday,0,1,0,3,9,2,0.13,1.3,1
2026-06-20,night,S18,C,Saturday,1,1,0,3,9,2,0.13,1.3,1
2026-06-20,night,S19,D,Saturday,0,3,1,1,9,2,0.151,1.3,0
2026-06-20,night,S20,D,Saturday,0,3,2,1,9,2,0.151,1.3,0
2026-06-20,night,S21,D,Saturday,0,1,1,1,9,2,0.151,1.3,0
2026-06-20,night,S22,D,Saturday,0,3,1,1,9,2,0.151,1.3,0
2026-06-20,night,S23,D,Saturday,0,2,2,1,9,2,0.151,1.3,0
2026-06-20,night,S24,D,Saturday,0,2,1,1,9,2,0.151,1.3,1
2026-06-22,early,S01,A,Monday,0,1,0,2,3,2,0.141,0.0,1
2026-06-22,early,S02,A,Monday,0,2,2,2,3,2,0.141,0.0,0
2026-06-22,early,S03,A,Monday,0,1,2,2,3,2,0.141,0.0,0
2026-06-22,early,S04,A,Monday,0,2,1,2,3,2,0.141,0.0,0
2026-06-22,early,S05,A,Monday,0,2,2,2,3,2,0.141,0.0,0
2026-06-22,early,S06,A,Monday,0,2,1,2,3,2,0.141,0.0,0
2026-06-22,early,S07,B,Monday,0,2,3,0,3,2,0.099,0.0,0
2026-06-22,early,S08,B,Monday,0,2,2,0,3,2,0.099,0.0,0
2026-06-22,early,S09,B,Monday,0,2,2,0,3,2,0.099,0.0,0
2026-06-22,early,S10,B,Monday,0,2,2,0,3,2,0.099,0.0,0
2026-06-22,early,S11,B,Monday,0,3,1,0,3,2,0.099,0.0,0
2026-06-22,early,S12,B,Monday,0,2,1,0,3,2,0.099,0.0,0
2026-06-22,early,S13,C,Monday,0,2,2,0,3,2,0.125,0.0,0
2026-06-22,early,S14,C,Monday,0,2,1,0,3,2,0.125,0.0,0
2026-06-22,early,S15,C,Monday,1,3,2,0,3,2,0.125,0.0,0
2026-06-22,early,S16,C,Monday,0,2,1,0,3,2,0.125,0.0,0
2026-06-22,early,S17,C,Monday,0,2,1,0,3,2,0.125,0.0,0
2026-06-22,early,S18,C,Monday,1,2,3,0,3,2,0.125,0.0,0
2026-06-22,early,S19,D,Monday,0,2,3,1,3,2,0.104,0.0,0
2026-06-22,early,S20,D,Monday,0,3,2,1,3,2,0.104,0.0,0
2026-06-22,early,S21,D,Monday,0,2,1,1,3,2,0.104,0.0,0
2026-06-22,early,S22,D,Monday,0,1,2,1,3,2,0.104,0.0,1
2026-06-22,early,S23,D,Monday,0,2,1,1,3,2,0.104,0.0,0
2026-06-22,early,S24,D,Monday,0,2,2,1,3,2,0.104,0.0,0
2026-06-23,early,S01,A,Tuesday,0,1,0,2,3,2,0.125,0.0,1
2026-06-23,early,S02,A,Tuesday,0,2,2,2,3,2,0.125,0.0,0
2026-06-23,early,S03,A,Tuesday,0,1,2,2,3,2,0.125,0.0,0
2026-06-23,early,S04,A,Tuesday,0,2,1,2,3,2,0.125,0.0,0
2026-06-23,early,S05,A,Tuesday,0,2,2,2,3,2,0.125,0.0,0
2026-06-23,early,S06,A,Tuesday,0,2,1,2,3,2,0.125,0.0,0
2026-06-23,early,S07,B,Tuesday,0,2,3,0,3,2,0.094,0.0,0
2026-06-23,early,S08,B,Tuesday,0,2,2,0,3,2,0.094,0.0,0
2026-06-23,early,S09,B,Tuesday,0,2,2,0,3,2,0.094,0.0,0
2026-06-23,early,S10,B,Tuesday,0,2,2,0,3,2,0.094,0.0,0
2026-06-23,early,S11,B,Tuesday,0,3,1,0,3,2,0.094,0.0,0
2026-06-23,early,S12,B,Tuesday,0,2,1,0,3,2,0.094,0.0,0
2026-06-23,early,S13,C,Tuesday,0,2,2,0,3,2,0.125,0.0,0
2026-06-23,early,S14,C,Tuesday,0,2,1,0,3,2,0.125,0.0,0
2026-06-23,early,S15,C,Tuesday,1,3,2,0,3,2,0.125,0.0,0
2026-06-23,early,S16,C,Tuesday,0,2,1,0,3,2,0.125,0.0,0
2026-06-23,early,S17,C,Tuesday,0,2,1,0,3,2,0.125,0.0,0
2026-06-23,early,S18,C,Tuesday,1,2,3,0,3,2,0.125,0.0,0
2026-06-23,early,S19,D,Tuesday,0,2,3,1,3,2,0.104,0.0,0
2026-06-23,early,S20,D,Tuesday,0,3,2,1,3,2,0.104,0.0,0
2026-06-23,early,S21,D,Tuesday,0,2,1,1,3,2,0.104,0.0,1
2026-06-23,early,S22,D,Tuesday,0,1,2,1,3,2,0.104,0.0,0
2026-06-23,early,S23,D,Tuesday,0,2,1,1,3,2,0.104,0.0,0
2026-06-23,early,S24,D,Tuesday,0,2,2,1,3,2,0.104,0.0,0
2026-06-24,early,S01,A,Wednesday,0,1,0,2,3,2,0.12,0.0,1
2026-06-24,early,S02,A,Wednesday,0,2,2,2,3,2,0.12,0.0,0
2026-06-24,early,S03,A,Wednesday,0,1,2,2,3,2,0.12,0.0,0
2026-06-24,early,S04,A,Wednesday,0,2,1,2,3,2,0.12,0.0,0
2026-06-24,early,S05,A,Wednesday,0,2,2,2,3,2,0.12,0.0,0
2026-06-24,early,S06,A,Wednesday,0,2,1,2,3,2,0.12,0.0,0
2026-06-24,early,S07,B,Wednesday,0,2,3,0,3,2,0.089,0.0,0
2026-06-24,early,S08,B,Wednesday,0,2,2,0,3,2,0.089,0.0,0
2026-06-24,early,S09,B,Wednesday,0,2,2,0,3,2,0.089,0.0,0
2026-06-24,early,S10,B,Wednesday,0,2,2,0,3,2,0.089,0.0,0
2026-06-24,early,S11,B,Wednesday,0,3,1,0,3,2,0.089,0.0,0
2026-06-24,early,S12,B,Wednesday,0,2,1,0,3,2,0.089,0.0,0
2026-06-24,early,S13,C,Wednesday,0,2,2,0,3,2,0.115,0.0,0
2026-06-24,early,S14,C,Wednesday,0,2,1,0,3,2,0.115,0.0,0
2026-06-24,early,S15,C,Wednesday,1,3,2,0,3,2,0.115,0.0,0
2026-06-24,early,S16,C,Wednesday,0,2,1,0,3,2,0.115,0.0,0
2026-06-24,early,S17,C,Wednesday,0,2,1,0,3,2,0.115,0.0,0
2026-06-24,early,S18,C,Wednesday,1,2,3,0,3,2,0.115,0.0,0
2026-06-24,early,S19,D,Wednesday,0,2,3,1,3,2,0.109,0.0,0
2026-06-24,early,S20,D,Wednesday,0,3,2,1,3,2,0.109,0.0,0
2026-06-24,early,S21,D,Wednesday,0,2,1,1,3,2,0.109,0.0,0
2026-06-24,early,S22,D,Wednesday,0,1,2,1,3,2,0.109,0.0,0
2026-06-24,early,S23,D,Wednesday,0,2,1,1,3,2,0.109,0.0,0
2026-06-24,early,S24,D,Wednesday,0,2,2,1,3,2,0.109,0.0,0
2026-06-25,early,S01,A,Thursday,0,1,0,2,3,2,0.109,0.0,1
2026-06-25,early,S02,A,Thursday,0,2,2,2,3,2,0.109,0.0,0
2026-06-25,early,S03,A,Thursday,0,1,2,2,3,2,0.109,0.0,0
2026-06-25,early,S04,A,Thursday,0,2,1,2,3,2,0.109,0.0,0
2026-06-25,early,S05,A,Thursday,0,2,2,2,3,2,0.109,0.0,0
2026-06-25,early,S06,A,Thursday,0,2,1,2,3,2,0.109,0.0,0
2026-06-25,early,S07,B,Thursday,0,2,3,0,3,2,0.099,0.0,0
2026-06-25,early,S08,B,Thursday,0,2,2,0,3,2,0.099,0.0,0
2026-06-25,early,S09,B,Thursday,0,2,2,0,3,2,0.099,0.0,0
2026-06-25,early,S10,B,Thursday,0,2,2,0,3,2,0.099,0.0,0
2026-06-25,early,S11,B,Thursday,0,3,1,0,3,2,0.099,0.0,0
2026-06-25,early,S12,B,Thursday,0,2,1,0,3,2,0.099,0.0,0
2026-06-25,early,S13,C,Thursday,0,2,2,0,3,2,0.109,0.0,0
2026-06-25,early,S14,C,Thursday,0,2,1,0,3,2,0.109,0.0,0
2026-06-25,early,S15,C,Thursday,1,3,2,0,3,2,0.109,0.0,0
2026-06-25,early,S16,C,Thursday,0,2,1,0,3,2,0.109,0.0,0
2026-06-25,early,S17,C,Thursday,0,2,1,0,3,2,0.109,0.0,0
2026-06-25,early,S18,C,Thursday,1,2,3,0,3,2,0.109,0.0,0
2026-06-25,early,S19,D,Thursday,0,2,3,1,3,2,0.104,0.0,0
2026-06-25,early,S20,D,Thursday,0,3,2,1,3,2,0.104,0.0,0
2026-06-25,early,S21,D,Thursday,0,2,1,1,3,2,0.104,0.0,0
2026-06-25,early,S22,D,Thursday,0,1,2,1,3,2,0.104,0.0,0
2026-06-25,early,S23,D,Thursday,0,2,1,1,3,2,0.104,0.0,0
2026-06-25,early,S24,D,Thursday,0,2,2,1,3,2,0.104,0.0,0
2026-06-26,early,S01,A,Friday,0,1,0,2,3,2,0.104,0.0,1
2026-06-26,early,S02,A,Friday,0,2,2,2,3,2,0.104,0.0,0
2026-06-26,early,S03,A,Friday,0,1,2,2,3,2,0.104,0.0,0
2026-06-26,early,S04,A,Friday,0,2,1,2,3,2,0.104,0.0,1
2026-06-26,early,S05,A,Friday,0,2,2,2,3,2,0.104,0.0,0
2026-06-26,early,S06,A,Friday,0,2,1,2,3,2,0.104,0.0,0
2026-06-26,early,S07,B,Friday,0,2,3,0,3,2,0.094,0.0,0
2026-06-26,early,S08,B,Friday,0,2,2,0,3,2,0.094,0.0,0
2026-06-26,early,S09,B,Friday,0,2,2,0,3,2,0.094,0.0,0
2026-06-26,early,S10,B,Friday,0,2,2,0,3,2,0.094,0.0,0
2026-06-26,early,S11,B,Friday,0,3,1,0,3,2,0.094,0.0,0
2026-06-26,early,S12,B,Friday,0,2,1,0,3,2,0.094,0.0,0
2026-06-26,early,S13,C,Friday,0,2,2,0,3,2,0.109,0.0,0
2026-06-26,early,S14,C,Friday,0,2,1,0,3,2,0.109,0.0,0
2026-06-26,early,S15,C,Friday,1,3,2,0,3,2,0.109,0.0,0
2026-06-26,early,S16,C,Friday,0,2,1,0,3,2,0.109,0.0,0
2026-06-26,early,S17,C,Friday,0,2,1,0,3,2,0.109,0.0,0
2026-06-26,early,S18,C,Friday,1,2,3,0,3,2,0.109,0.0,0
2026-06-26,early,S19,D,Friday,0,2,3,1,3,2,0.104,0.0,0
2026-06-26,early,S20,D,Friday,0,3,2,1,3,2,0.104,0.0,0
2026-06-26,early,S21,D,Friday,0,2,1,1,3,2,0.104,0.0,0
2026-06-26,early,S22,D,Friday,0,1,2,1,3,2,0.104,0.0,0
2026-06-26,early,S23,D,Friday,0,2,1,1,3,2,0.104,0.0,0
2026-06-26,early,S24,D,Friday,0,2,2,1,3,2,0.104,0.0,0
2026-06-27,early,S01,A,Saturday,0,1,0,2,3,2,0.104,0.0,1
2026-06-27,early,S02,A,Saturday,0,2,2,2,3,2,0.104,0.0,0
2026-06-27,early,S03,A,Saturday,0,1,2,2,3,2,0.104,0.0,0
2026-06-27,early,S04,A,Saturday,0,2,1,2,3,2,0.104,0.0,0
2026-06-27,early,S05,A,Saturday,0,2,2,2,3,2,0.104,0.0,0
2026-06-27,early,S06,A,Saturday,0,2,1,2,3,2,0.104,0.0,0
2026-06-27,early,S07,B,Saturday,0,2,3,0,3,2,0.089,0.0,0
2026-06-27,early,S08,B,Saturday,0,2,2,0,3,2,0.089,0.0,0
2026-06-27,early,S09,B,Saturday,0,2,2,0,3,2,0.089,0.0,0
2026-06-27,early,S10,B,Saturday,0,2,2,0,3,2,0.089,0.0,0
2026-06-27,early,S11,B,Saturday,0,3,1,0,3,2,0.089,0.0,0
2026-06-27,early,S12,B,Saturday,0,2,1,0,3,2,0.089,0.0,0
2026-06-27,early,S13,C,Saturday,0,2,2,0,3,2,0.104,0.0,0
2026-06-27,early,S14,C,Saturday,0,2,1,0,3,2,0.104,0.0,0
2026-06-27,early,S15,C,Saturday,1,3,2,0,3,2,0.104,0.0,0
2026-06-27,early,S16,C,Saturday,0,2,1,0,3,2,0.104,0.0,0
2026-06-27,early,S17,C,Saturday,0,2,1,0,3,2,0.104,0.0,0
2026-06-27,early,S18,C,Saturday,1,2,3,0,3,2,0.104,0.0,0
2026-06-27,early,S19,D,Saturday,0,2,3,1,3,2,0.104,0.0,0
2026-06-27,early,S20,D,Saturday,0,3,2,1,3,2,0.104,0.0,0
2026-06-27,early,S21,D,Saturday,0,2,1,1,3,2,0.104,0.0,0
2026-06-27,early,S22,D,Saturday,0,1,2,1,3,2,0.104,0.0,0
2026-06-27,early,S23,D,Saturday,0,2,1,1,3,2,0.104,0.0,0
2026-06-27,early,S24,D,Saturday,0,2,2,1,3,2,0.104,0.0,1
2026-06-22,late,S01,A,Monday,0,1,2,2,4,2,0.104,0.9,0
2026-06-22,late,S02,A,Monday,0,1,2,2,4,2,0.104,0.9,1
2026-06-22,late,S03,A,Monday,0,2,3,2,4,2,0.104,0.9,0
2026-06-22,late,S04,A,Monday,0,3,1,2,4,2,0.104,0.9,0
2026-06-22,late,S05,A,Monday,0,3,3,2,4,2,0.104,0.9,0
2026-06-22,late,S06,A,Monday,0,2,0,2,4,2,0.104,0.9,0
2026-06-22,late,S07,B,Monday,0,3,2,1,4,2,0.125,0.9,0
2026-06-22,late,S08,B,Monday,0,2,1,1,4,2,0.125,0.9,0
2026-06-22,late,S09,B,Monday,0,3,1,1,4,2,0.125,0.9,0
2026-06-22,late,S10,B,Monday,0,1,1,1,4,2,0.125,0.9,1
2026-06-22,late,S11,B,Monday,0,2,2,1,4,2,0.125,0.9,0
2026-06-22,late,S12,B,Monday,0,2,1,1,4,2,0.125,0.9,0
2026-06-22,late,S13,C,Monday,0,2,1,1,4,2,0.12,0.9,0
2026-06-22,late,S14,C,Monday,0,2,2,1,4,2,0.12,0.9,0
2026-06-22,late,S15,C,Monday,1,2,2,1,4,2,0.12,0.9,0
2026-06-22,late,S16,C,Monday,0,1,2,1,4,2,0.12,0.9,1
2026-06-22,late,S17,C,Monday,0,2,2,1,4,2,0.12,0.9,0
2026-06-22,late,S18,C,Monday,1,2,0,1,4,2,0.12,0.9,1
2026-06-22,late,S19,D,Monday,0,2,1,0,4,2,0.089,0.9,0
2026-06-22,late,S20,D,Monday,0,2,2,0,4,2,0.089,0.9,0
2026-06-22,late,S21,D,Monday,0,2,2,0,4,2,0.089,0.9,0
2026-06-22,late,S22,D,Monday,0,3,2,0,4,2,0.089,0.9,0
2026-06-22,late,S23,D,Monday,0,2,2,0,4,2,0.089,0.9,0
2026-06-22,late,S24,D,Monday,0,3,3,0,4,2,0.089,0.9,0
2026-06-23,late,S01,A,Tuesday,0,1,2,2,4,2,0.104,0.9,0
2026-06-23,late,S02,A,Tuesday,0,1,2,2,4,2,0.104,0.9,0
2026-06-23,late,S03,A,Tuesday,0,2,3,2,4,2,0.104,0.9,0
2026-06-23,late,S04,A,Tuesday,0,3,1,2,4,2,0.104,0.9,0
2026-06-23,late,S05,A,Tuesday,0,3,3,2,4,2,0.104,0.9,0
2026-06-23,late,S06,A,Tuesday,0,2,0,2,4,2,0.104,0.9,1
2026-06-23,late,S07,B,Tuesday,0,3,2,1,4,2,0.13,0.9,0
2026-06-23,late,S08,B,Tuesday,0,2,1,1,4,2,0.13,0.9,0
2026-06-23,late,S09,B,Tuesday,0,3,1,1,4,2,0.13,0.9,0
2026-06-23,late,S10,B,Tuesday,0,1,1,1,4,2,0.13,0.9,0
2026-06-23,late,S11,B,Tuesday,0,2,2,1,4,2,0.13,0.9,0
2026-06-23,late,S12,B,Tuesday,0,2,1,1,4,2,0.13,0.9,0
2026-06-23,late,S13,C,Tuesday,0,2,1,1,4,2,0.135,0.9,0
2026-06-23,late,S14,C,Tuesday,0,2,2,1,4,2,0.135,0.9,0
2026-06-23,late,S15,C,Tuesday,1,2,2,1,4,2,0.135,0.9,0
2026-06-23,late,S16,C,Tuesday,0,1,2,1,4,2,0.135,0.9,0
2026-06-23,late,S17,C,Tuesday,0,2,2,1,4,2,0.135,0.9,0
2026-06-23,late,S18,C,Tuesday,1,2,0,1,4,2,0.135,0.9,0
2026-06-23,late,S19,D,Tuesday,0,2,1,0,4,2,0.094,0.9,0
2026-06-23,late,S20,D,Tuesday,0,2,2,0,4,2,0.094,0.9,0
2026-06-23,late,S21,D,Tuesday,0,2,2,0,4,2,0.094,0.9,0
2026-06-23,late,S22,D,Tuesday,0,3,2,0,4,2,0.094,0.9,0
2026-06-23,late,S23,D,Tuesday,0,2,2,0,4,2,0.094,0.9,0
2026-06-23,late,S24,D,Tuesday,0,3,3,0,4,2,0.094,0.9,0
2026-06-24,late,S01,A,Wednesday,0,1,2,2,4,2,0.104,0.9,0
2026-06-24,late,S02,A,Wednesday,0,1,2,2,4,2,0.104,0.9,1
2026-06-24,late,S03,A,Wednesday,0,2,3,2,4,2,0.104,0.9,0
2026-06-24,late,S04,A,Wednesday,0,3,1,2,4,2,0.104,0.9,0
2026-06-24,late,S05,A,Wednesday,0,3,3,2,4,2,0.104,0.9,0
2026-06-24,late,S06,A,Wednesday,0,2,0,2,4,2,0.104,0.9,0
2026-06-24,late,S07,B,Wednesday,0,3,2,1,4,2,0.13,0.9,0
2026-06-24,late,S08,B,Wednesday,0,2,1,1,4,2,0.13,0.9,1
2026-06-24,late,S09,B,Wednesday,0,3,1,1,4,2,0.13,0.9,0
2026-06-24,late,S10,B,Wednesday,0,1,1,1,4,2,0.13,0.9,0
2026-06-24,late,S11,B,Wednesday,0,2,2,1,4,2,0.13,0.9,0
2026-06-24,late,S12,B,Wednesday,0,2,1,1,4,2,0.13,0.9,0
2026-06-24,late,S13,C,Wednesday,0,2,1,1,4,2,0.135,0.9,0
2026-06-24,late,S14,C,Wednesday,0,2,2,1,4,2,0.135,0.9,0
2026-06-24,late,S15,C,Wednesday,1,2,2,1,4,2,0.135,0.9,0
2026-06-24,late,S16,C,Wednesday,0,1,2,1,4,2,0.135,0.9,0
2026-06-24,late,S17,C,Wednesday,0,2,2,1,4,2,0.135,0.9,0
2026-06-24,late,S18,C,Wednesday,1,2,0,1,4,2,0.135,0.9,1
2026-06-24,late,S19,D,Wednesday,0,2,1,0,4,2,0.099,0.9,0
2026-06-24,late,S20,D,Wednesday,0,2,2,0,4,2,0.099,0.9,0
2026-06-24,late,S21,D,Wednesday,0,2,2,0,4,2,0.099,0.9,0
2026-06-24,late,S22,D,Wednesday,0,3,2,0,4,2,0.099,0.9,0
2026-06-24,late,S23,D,Wednesday,0,2,2,0,4,2,0.099,0.9,0
2026-06-24,late,S24,D,Wednesday,0,3,3,0,4,2,0.099,0.9,0
2026-06-25,late,S01,A,Thursday,0,1,2,2,4,2,0.109,0.9,0
2026-06-25,late,S02,A,Thursday,0,1,2,2,4,2,0.109,0.9,1
2026-06-25,late,S03,A,Thursday,0,2,3,2,4,2,0.109,0.9,0
2026-06-25,late,S04,A,Thursday,0,3,1,2,4,2,0.109,0.9,0
2026-06-25,late,S05,A,Thursday,0,3,3,2,4,2,0.109,0.9,0
2026-06-25,late,S06,A,Thursday,0,2,0,2,4,2,0.109,0.9,0
2026-06-25,late,S07,B,Thursday,0,3,2,1,4,2,0.13,0.9,0
2026-06-25,late,S08,B,Thursday,0,2,1,1,4,2,0.13,0.9,0
2026-06-25,late,S09,B,Thursday,0,3,1,1,4,2,0.13,0.9,0
2026-06-25,late,S10,B,Thursday,0,1,1,1,4,2,0.13,0.9,0
2026-06-25,late,S11,B,Thursday,0,2,2,1,4,2,0.13,0.9,0
2026-06-25,late,S12,B,Thursday,0,2,1,1,4,2,0.13,0.9,0
2026-06-25,late,S13,C,Thursday,0,2,1,1,4,2,0.13,0.9,0
2026-06-25,late,S14,C,Thursday,0,2,2,1,4,2,0.13,0.9,0
2026-06-25,late,S15,C,Thursday,1,2,2,1,4,2,0.13,0.9,0
2026-06-25,late,S16,C,Thursday,0,1,2,1,4,2,0.13,0.9,0
2026-06-25,late,S17,C,Thursday,0,2,2,1,4,2,0.13,0.9,0
2026-06-25,late,S18,C,Thursday,1,2,0,1,4,2,0.13,0.9,0
2026-06-25,late,S19,D,Thursday,0,2,1,0,4,2,0.089,0.9,0
2026-06-25,late,S20,D,Thursday,0,2,2,0,4,2,0.089,0.9,0
2026-06-25,late,S21,D,Thursday,0,2,2,0,4,2,0.089,0.9,0
2026-06-25,late,S22,D,Thursday,0,3,2,0,4,2,0.089,0.9,0
2026-06-25,late,S23,D,Thursday,0,2,2,0,4,2,0.089,0.9,0
2026-06-25,late,S24,D,Thursday,0,3,3,0,4,2,0.089,0.9,0
2026-06-26,late,S01,A,Friday,0,1,2,2,4,2,0.125,0.9,1
2026-06-26,late,S02,A,Friday,0,1,2,2,4,2,0.125,0.9,0
2026-06-26,late,S03,A,Friday,0,2,3,2,4,2,0.125,0.9,0
2026-06-26,late,S04,A,Friday,0,3,1,2,4,2,0.125,0.9,0
2026-06-26,late,S05,A,Friday,0,3,3,2,4,2,0.125,0.9,0
2026-06-26,late,S06,A,Friday,0,2,0,2,4,2,0.125,0.9,0
2026-06-26,late,S07,B,Friday,0,3,2,1,4,2,0.125,0.9,0
2026-06-26,late,S08,B,Friday,0,2,1,1,4,2,0.125,0.9,0
2026-06-26,late,S09,B,Friday,0,3,1,1,4,2,0.125,0.9,0
2026-06-26,late,S10,B,Friday,0,1,1,1,4,2,0.125,0.9,0
2026-06-26,late,S11,B,Friday,0,2,2,1,4,2,0.125,0.9,0
2026-06-26,late,S12,B,Friday,0,2,1,1,4,2,0.125,0.9,0
2026-06-26,late,S13,C,Friday,0,2,1,1,4,2,0.125,0.9,0
2026-06-26,late,S14,C,Friday,0,2,2,1,4,2,0.125,0.9,0
2026-06-26,late,S15,C,Friday,1,2,2,1,4,2,0.125,0.9,0
2026-06-26,late,S16,C,Friday,0,1,2,1,4,2,0.125,0.9,0
2026-06-26,late,S17,C,Friday,0,2,2,1,4,2,0.125,0.9,0
2026-06-26,late,S18,C,Friday,1,2,0,1,4,2,0.125,0.9,0
2026-06-26,late,S19,D,Friday,0,2,1,0,4,2,0.094,0.9,0
2026-06-26,late,S20,D,Friday,0,2,2,0,4,2,0.094,0.9,0
2026-06-26,late,S21,D,Friday,0,2,2,0,4,2,0.094,0.9,0
2026-06-26,late,S22,D,Friday,0,3,2,0,4,2,0.094,0.9,0
2026-06-26,late,S23,D,Friday,0,2,2,0,4,2,0.094,0.9,0
2026-06-26,late,S24,D,Friday,0,3,3,0,4,2,0.094,0.9,0
2026-06-27,late,S01,A,Saturday,0,1,2,2,4,2,0.13,0.9,0
2026-06-27,late,S02,A,Saturday,0,1,2,2,4,2,0.13,0.9,1
2026-06-27,late,S03,A,Saturday,0,2,3,2,4,2,0.13,0.9,0
2026-06-27,late,S04,A,Saturday,0,3,1,2,4,2,0.13,0.9,0
2026-06-27,late,S05,A,Saturday,0,3,3,2,4,2,0.13,0.9,0
2026-06-27,late,S06,A,Saturday,0,2,0,2,4,2,0.13,0.9,0
2026-06-27,late,S07,B,Saturday,0,3,2,1,4,2,0.13,0.9,0
2026-06-27,late,S08,B,Saturday,0,2,1,1,4,2,0.13,0.9,0
2026-06-27,late,S09,B,Saturday,0,3,1,1,4,2,0.13,0.9,0
2026-06-27,late,S10,B,Saturday,0,1,1,1,4,2,0.13,0.9,1
2026-06-27,late,S11,B,Saturday,0,2,2,1,4,2,0.13,0.9,1
2026-06-27,late,S12,B,Saturday,0,2,1,1,4,2,0.13,0.9,0
2026-06-27,late,S13,C,Saturday,0,2,1,1,4,2,0.13,0.9,0
2026-06-27,late,S14,C,Saturday,0,2,2,1,4,2,0.13,0.9,0
2026-06-27,late,S15,C,Saturday,1,2,2,1,4,2,0.13,0.9,0
2026-06-27,late,S16,C,Saturday,0,1,2,1,4,2,0.13,0.9,0
2026-06-27,late,S17,C,Saturday,0,2,2,1,4,2,0.13,0.9,0
2026-06-27,late,S18,C,Saturday,1,2,0,1,4,2,0.13,0.9,0
2026-06-27,late,S19,D,Saturday,0,2,1,0,4,2,0.104,0.9,0
2026-06-27,late,S20,D,Saturday,0,2,2,0,4,2,0.104,0.9,0
2026-06-27,late,S21,D,Saturday,0,2,2,0,4,2,0.104,0.9,0
2026-06-27,late,S22,D,Saturday,0,3,2,0,4,2,0.104,0.9,0
2026-06-27,late,S23,D,Saturday,0,2,2,0,4,2,0.104,0.9,0
2026-06-27,late,S24,D,Saturday,0,3,3,0,4,2,0.104,0.9,0
2026-06-22,night,S01,A,Monday,0,3,1,1,7,2,0.109,0.3,0
2026-06-22,night,S02,A,Monday,0,2,2,1,7,2,0.109,0.3,0
2026-06-22,night,S03,A,Monday,0,1,3,1,7,2,0.109,0.3,0
2026-06-22,night,S04,A,Monday,0,2,1,1,7,2,0.109,0.3,0
2026-06-22,night,S05,A,Monday,0,2,3,1,7,2,0.109,0.3,0
2026-06-22,night,S06,A,Monday,0,2,2,1,7,2,0.109,0.3,0
2026-06-22,night,S07,B,Monday,0,1,1,3,7,2,0.115,0.3,1
2026-06-22,night,S08,B,Monday,0,2,2,3,7,2,0.115,0.3,0
2026-06-22,night,S09,B,Monday,0,2,3,3,7,2,0.115,0.3,0
2026-06-22,night,S10,B,Monday,0,1,3,3,7,2,0.115,0.3,0
2026-06-22,night,S11,B,Monday,0,2,1,3,7,2,0.115,0.3,0
2026-06-22,night,S12,B,Monday,0,1,1,3,7,2,0.115,0.3,1
2026-06-22,night,S13,C,Monday,0,2,2,3,7,2,0.13,0.3,0
2026-06-22,night,S14,C,Monday,0,2,3,3,7,2,0.13,0.3,0
2026-06-22,night,S15,C,Monday,1,1,2,3,7,2,0.13,0.3,0
2026-06-22,night,S16,C,Monday,0,2,2,3,7,2,0.13,0.3,0
2026-06-22,night,S17,C,Monday,0,1,0,3,7,2,0.13,0.3,1
2026-06-22,night,S18,C,Monday,1,1,0,3,7,2,0.13,0.3,1
2026-06-22,night,S19,D,Monday,0,3,1,0,7,2,0.161,0.3,0
2026-06-22,night,S20,D,Monday,0,3,2,0,7,2,0.161,0.3,0
2026-06-22,night,S21,D,Monday,0,2,1,0,7,2,0.161,0.3,1
2026-06-22,night,S22,D,Monday,0,3,1,0,7,2,0.161,0.3,0
2026-06-22,night,S23,D,Monday,0,2,2,0,7,2,0.161,0.3,0
2026-06-22,night,S24,D,Monday,0,2,1,0,7,2,0.161,0.3,0
2026-06-23,night,S01,A,Tuesday,0,3,1,1,7,2,0.115,0.3,0
2026-06-23,night,S02,A,Tuesday,0,2,2,1,7,2,0.115,0.3,0
2026-06-23,night,S03,A,Tuesday,0,1,3,1,7,2,0.115,0.3,0
2026-06-23,night,S04,A,Tuesday,0,2,1,1,7,2,0.115,0.3,0
2026-06-23,night,S05,A,Tuesday,0,2,3,1,7,2,0.115,0.3,0
2026-06-23,night,S06,A,Tuesday,0,2,2,1,7,2,0.115,0.3,0
2026-06-23,night,S07,B,Tuesday,0,1,1,3,7,2,0.12,0.3,0
2026-06-23,night,S08,B,Tuesday,0,2,2,3,7,2,0.12,0.3,0
2026-06-23,night,S09,B,Tuesday,0,2,3,3,7,2,0.12,0.3,0
2026-06-23,night,S10,B,Tuesday,0,1,3,3,7,2,0.12,0.3,0
2026-06-23,night,S11,B,Tuesday,0,2,1,3,7,2,0.12,0.3,0
2026-06-23,night,S12,B,Tuesday,0,1,1,3,7,2,0.12,0.3,0
2026-06-23,night,S13,C,Tuesday,0,2,2,3,7,2,0.135,0.3,0
2026-06-23,night,S14,C,Tuesday,0,2,3,3,7,2,0.135,0.3,0
2026-06-23,night,S15,C,Tuesday,1,1,2,3,7,2,0.135,0.3,0
2026-06-23,night,S16,C,Tuesday,0,2,2,3,7,2,0.135,0.3,0
2026-06-23,night,S17,C,Tuesday,0,1,0,3,7,2,0.135,0.3,1
2026-06-23,night,S18,C,Tuesday,1,1,0,3,7,2,0.135,0.3,1
2026-06-23,night,S19,D,Tuesday,0,3,1,0,7,2,0.156,0.3,0
2026-06-23,night,S20,D,Tuesday,0,3,2,0,7,2,0.156,0.3,0
2026-06-23,night,S21,D,Tuesday,0,2,1,0,7,2,0.156,0.3,0
2026-06-23,night,S22,D,Tuesday,0,3,1,0,7,2,0.156,0.3,0
2026-06-23,night,S23,D,Tuesday,0,2,2,0,7,2,0.156,0.3,0
2026-06-23,night,S24,D,Tuesday,0,2,1,0,7,2,0.156,0.3,0
2026-06-24,night,S01,A,Wednesday,0,3,1,1,7,2,0.115,0.3,0
2026-06-24,night,S02,A,Wednesday,0,2,2,1,7,2,0.115,0.3,0
2026-06-24,night,S03,A,Wednesday,0,1,3,1,7,2,0.115,0.3,0
2026-06-24,night,S04,A,Wednesday,0,2,1,1,7,2,0.115,0.3,0
2026-06-24,night,S05,A,Wednesday,0,2,3,1,7,2,0.115,0.3,0
2026-06-24,night,S06,A,Wednesday,0,2,2,1,7,2,0.115,0.3,0
2026-06-24,night,S07,B,Wednesday,0,1,1,3,7,2,0.115,0.3,1
2026-06-24,night,S08,B,Wednesday,0,2,2,3,7,2,0.115,0.3,0
2026-06-24,night,S09,B,Wednesday,0,2,3,3,7,2,0.115,0.3,0
2026-06-24,night,S10,B,Wednesday,0,1,3,3,7,2,0.115,0.3,0
2026-06-24,night,S11,B,Wednesday,0,2,1,3,7,2,0.115,0.3,0
2026-06-24,night,S12,B,Wednesday,0,1,1,3,7,2,0.115,0.3,0
2026-06-24,night,S13,C,Wednesday,0,2,2,3,7,2,0.141,0.3,0
2026-06-24,night,S14,C,Wednesday,0,2,3,3,7,2,0.141,0.3,0
2026-06-24,night,S15,C,Wednesday,1,1,2,3,7,2,0.141,0.3,0
2026-06-24,night,S16,C,Wednesday,0,2,2,3,7,2,0.141,0.3,0
2026-06-24,night,S17,C,Wednesday,0,1,0,3,7,2,0.141,0.3,1
2026-06-24,night,S18,C,Wednesday,1,1,0,3,7,2,0.141,0.3,1
2026-06-24,night,S19,D,Wednesday,0,3,1,0,7,2,0.151,0.3,0
2026-06-24,night,S20,D,Wednesday,0,3,2,0,7,2,0.151,0.3,0
2026-06-24,night,S21,D,Wednesday,0,2,1,0,7,2,0.151,0.3,0
2026-06-24,night,S22,D,Wednesday,0,3,1,0,7,2,0.151,0.3,0
2026-06-24,night,S23,D,Wednesday,0,2,2,0,7,2,0.151,0.3,0
2026-06-24,night,S24,D,Wednesday,0,2,1,0,7,2,0.151,0.3,0
2026-06-25,night,S01,A,Thursday,0,3,1,1,7,2,0.12,0.3,0
2026-06-25,night,S02,A,Thursday,0,2,2,1,7,2,0.12,0.3,0
2026-06-25,night,S03,A,Thursday,0,1,3,1,7,2,0.12,0.3,0
2026-06-25,night,S04,A,Thursday,0,2,1,1,7,2,0.12,0.3,0
2026-06-25,night,S05,A,Thursday,0,2,3,1,7,2,0.12,0.3,0
2026-06-25,night,S06,A,Thursday,0,2,2,1,7,2,0.12,0.3,0
2026-06-25,night,S07,B,Thursday,0,1,1,3,7,2,0.109,0.3,1
2026-06-25,night,S08,B,Thursday,0,2,2,3,7,2,0.109,0.3,0
2026-06-25,night,S09,B,Thursday,0,2,3,3,7,2,0.109,0.3,0
2026-06-25,night,S10,B,Thursday,0,1,3,3,7,2,0.109,0.3,0
2026-06-25,night,S11,B,Thursday,0,2,1,3,7,2,0.109,0.3,0
2026-06-25,night,S12,B,Thursday,0,1,1,3,7,2,0.109,0.3,1
2026-06-25,night,S13,C,Thursday,0,2,2,3,7,2,0.135,0.3,0
2026-06-25,night,S14,C,Thursday,0,2,3,3,7,2,0.135,0.3,0
2026-06-25,night,S15,C,Thursday,1,1,2,3,7,2,0.135,0.3,0
2026-06-25,night,S16,C,Thursday,0,2,2,3,7,2,0.135,0.3,0
2026-06-25,night,S17,C,Thursday,0,1,0,3,7,2,0.135,0.3,1
2026-06-25,night,S18,C,Thursday,1,1,0,3,7,2,0.135,0.3,1
2026-06-25,night,S19,D,Thursday,0,3,1,0,7,2,0.146,0.3,0
2026-06-25,night,S20,D,Thursday,0,3,2,0,7,2,0.146,0.3,0
2026-06-25,night,S21,D,Thursday,0,2,1,0,7,2,0.146,0.3,0
2026-06-25,night,S22,D,Thursday,0,3,1,0,7,2,0.146,0.3,0
2026-06-25,night,S23,D,Thursday,0,2,2,0,7,2,0.146,0.3,1
2026-06-25,night,S24,D,Thursday,0,2,1,0,7,2,0.146,0.3,0
2026-06-26,night,S01,A,Friday,0,3,1,1,7,2,0.115,0.3,0
2026-06-26,night,S02,A,Friday,0,2,2,1,7,2,0.115,0.3,0
2026-06-26,night,S03,A,Friday,0,1,3,1,7,2,0.115,0.3,0
2026-06-26,night,S04,A,Friday,0,2,1,1,7,2,0.115,0.3,0
2026-06-26,night,S05,A,Friday,0,2,3,1,7,2,0.115,0.3,0
2026-06-26,night,S06,A,Friday,0,2,2,1,7,2,0.115,0.3,0
2026-06-26,night,S07,B,Friday,0,1,1,3,7,2,0.12,0.3,1
2026-06-26,night,S08,B,Friday,0,2,2,3,7,2,0.12,0.3,0
2026-06-26,night,S09,B,Friday,0,2,3,3,7,2,0.12,0.3,0
2026-06-26,night,S10,B,Friday,0,1,3,3,7,2,0.12,0.3,0
2026-06-26,night,S11,B,Friday,0,2,1,3,7,2,0.12,0.3,0
2026-06-26,night,S12,B,Friday,0,1,1,3,7,2,0.12,0.3,0
2026-06-26,night,S13,C,Friday,0,2,2,3,7,2,0.13,0.3,0
2026-06-26,night,S14,C,Friday,0,2,3,3,7,2,0.13,0.3,0
2026-06-26,night,S15,C,Friday,1,1,2,3,7,2,0.13,0.3,0
2026-06-26,night,S16,C,Friday,0,2,2,3,7,2,0.13,0.3,0
2026-06-26,night,S17,C,Friday,0,1,0,3,7,2,0.13,0.3,1
2026-06-26,night,S18,C,Friday,1,1,0,3,7,2,0.13,0.3,1
2026-06-26,night,S19,D,Friday,0,3,1,0,7,2,0.146,0.3,0
2026-06-26,night,S20,D,Friday,0,3,2,0,7,2,0.146,0.3,0
2026-06-26,night,S21,D,Friday,0,2,1,0,7,2,0.146,0.3,0
2026-06-26,night,S22,D,Friday,0,3,1,0,7,2,0.146,0.3,0
2026-06-26,night,S23,D,Friday,0,2,2,0,7,2,0.146,0.3,0
2026-06-26,night,S24,D,Friday,0,2,1,0,7,2,0.146,0.3,0
2026-06-27,night,S01,A,Saturday,0,3,1,1,7,2,0.104,0.3,0
2026-06-27,night,S02,A,Saturday,0,2,2,1,7,2,0.104,0.3,0
2026-06-27,night,S03,A,Saturday,0,1,3,1,7,2,0.104,0.3,0
2026-06-27,night,S04,A,Saturday,0,2,1,1,7,2,0.104,0.3,0
2026-06-27,night,S05,A,Saturday,0,2,3,1,7,2,0.104,0.3,0
2026-06-27,night,S06,A,Saturday,0,2,2,1,7,2,0.104,0.3,0
2026-06-27,night,S07,B,Saturday,0,1,1,3,7,2,0.12,0.3,1
2026-06-27,night,S08,B,Saturday,0,2,2,3,7,2,0.12,0.3,0
2026-06-27,night,S09,B,Saturday,0,2,3,3,7,2,0.12,0.3,0
2026-06-27,night,S10,B,Saturday,0,1,3,3,7,2,0.12,0.3,1
2026-06-27,night,S11,B,Saturday,0,2,1,3,7,2,0.12,0.3,1
2026-06-27,night,S12,B,Saturday,0,1,1,3,7,2,0.12,0.3,1
2026-06-27,night,S13,C,Saturday,0,2,2,3,7,2,0.125,0.3,0
2026-06-27,night,S14,C,Saturday,0,2,3,3,7,2,0.125,0.3,0
2026-06-27,night,S15,C,Saturday,1,1,2,3,7,2,0.125,0.3,0
2026-06-27,night,S16,C,Saturday,0,2,2,3,7,2,0.125,0.3,0
2026-06-27,night,S17,C,Saturday,0,1,0,3,7,2,0.125,0.3,1
2026-06-27,night,S18,C,Saturday,1,1,0,3,7,2,0.125,0.3,1
2026-06-27,night,S19,D,Saturday,0,3,1,0,7,2,0.146,0.3,0
2026-06-27,night,S20,D,Saturday,0,3,2,0,7,2,0.146,0.3,0
2026-06-27,night,S21,D,Saturday,0,2,1,0,7,2,0.146,0.3,0
2026-06-27,night,S22,D,Saturday,0,3,1,0,7,2,0.146,0.3,0
2026-06-27,night,S23,D,Saturday,0,2,2,0,7,2,0.146,0.3,1
2026-06-27,night,S24,D,Saturday,0,2,1,0,7,2,0.146,0.3,0
2026-06-29,early,S01,A,Monday,0,1,0,2,4,2,0.104,1.4,1
2026-06-29,early,S02,A,Monday,0,1,2,2,4,2,0.104,1.4,0
2026-06-29,early,S03,A,Monday,0,2,2,2,4,2,0.104,1.4,0
2026-06-29,early,S04,A,Monday,0,2,1,2,4,2,0.104,1.4,0
2026-06-29,early,S05,A,Monday,0,2,2,2,4,2,0.104,1.4,0
2026-06-29,early,S06,A,Monday,0,2,1,2,4,2,0.104,1.4,0
2026-06-29,early,S07,B,Monday,0,1,3,1,4,2,0.089,1.4,0
2026-06-29,early,S08,B,Monday,0,2,2,1,4,2,0.089,1.4,0
2026-06-29,early,S09,B,Monday,0,2,2,1,4,2,0.089,1.4,0
2026-06-29,early,S10,B,Monday,0,2,2,1,4,2,0.089,1.4,0
2026-06-29,early,S11,B,Monday,0,3,1,1,4,2,0.089,1.4,0
2026-06-29,early,S12,B,Monday,0,2,1,1,4,2,0.089,1.4,0
2026-06-29,early,S13,C,Monday,0,2,2,0,4,2,0.109,1.4,0
2026-06-29,early,S14,C,Monday,0,2,1,0,4,2,0.109,1.4,0
2026-06-29,early,S15,C,Monday,1,3,2,0,4,2,0.109,1.4,0
2026-06-29,early,S16,C,Monday,0,2,1,0,4,2,0.109,1.4,0
2026-06-29,early,S17,C,Monday,0,2,1,0,4,2,0.109,1.4,0
2026-06-29,early,S18,C,Monday,1,2,3,0,4,2,0.109,1.4,0
2026-06-29,early,S19,D,Monday,0,2,3,1,4,2,0.104,1.4,0
2026-06-29,early,S20,D,Monday,0,3,2,1,4,2,0.104,1.4,0
2026-06-29,early,S21,D,Monday,0,2,1,1,4,2,0.104,1.4,0
2026-06-29,early,S22,D,Monday,0,1,2,1,4,2,0.104,1.4,0
2026-06-29,early,S23,D,Monday,0,2,1,1,4,2,0.104,1.4,0
2026-06-29,early,S24,D,Monday,0,2,2,1,4,2,0.104,1.4,0
2026-06-30,early,S01,A,Tuesday,0,1,0,2,4,2,0.109,1.4,1
2026-06-30,early,S02,A,Tuesday,0,1,2,2,4,2,0.109,1.4,0
2026-06-30,early,S03,A,Tuesday,0,2,2,2,4,2,0.109,1.4,0
2026-06-30,early,S04,A,Tuesday,0,2,1,2,4,2,0.109,1.4,0
2026-06-30,early,S05,A,Tuesday,0,2,2,2,4,2,0.109,1.4,0
2026-06-30,early,S06,A,Tuesday,0,2,1,2,4,2,0.109,1.4,0
2026-06-30,early,S07,B,Tuesday,0,1,3,1,4,2,0.094,1.4,0
2026-06-30,early,S08,B,Tuesday,0,2,2,1,4,2,0.094,1.4,0
2026-06-30,early,S09,B,Tuesday,0,2,2,1,4,2,0.094,1.4,0
2026-06-30,early,S10,B,Tuesday,0,2,2,1,4,2,0.094,1.4,0
2026-06-30,early,S11,B,Tuesday,0,3,1,1,4,2,0.094,1.4,0
2026-06-30,early,S12,B,Tuesday,0,2,1,1,4,2,0.094,1.4,0
2026-06-30,early,S13,C,Tuesday,0,2,2,0,4,2,0.109,1.4,0
2026-06-30,early,S14,C,Tuesday,0,2,1,0,4,2,0.109,1.4,0
2026-06-30,early,S15,C,Tuesday,1,3,2,0,4,2,0.109,1.4,0
2026-06-30,early,S16,C,Tuesday,0,2,1,0,4,2,0.109,1.4,0
2026-06-30,early,S17,C,Tuesday,0,2,1,0,4,2,0.109,1.4,0
2026-06-30,early,S18,C,Tuesday,1,2,3,0,4,2,0.109,1.4,0
2026-06-30,early,S19,D,Tuesday,0,2,3,1,4,2,0.104,1.4,0
2026-06-30,early,S20,D,Tuesday,0,3,2,1,4,2,0.104,1.4,0
2026-06-30,early,S21,D,Tuesday,0,2,1,1,4,2,0.104,1.4,0
2026-06-30,early,S22,D,Tuesday,0,1,2,1,4,2,0.104,1.4,0
2026-06-30,early,S23,D,Tuesday,0,2,1,1,4,2,0.104,1.4,0
2026-06-30,early,S24,D,Tuesday,0,2,2,1,4,2,0.104,1.4,0
2026-07-01,early,S01,A,Wednesday,0,1,0,2,4,2,0.104,1.4,1
2026-07-01,early,S02,A,Wednesday,0,1,2,2,4,2,0.104,1.4,0
2026-07-01,early,S03,A,Wednesday,0,2,2,2,4,2,0.104,1.4,0
2026-07-01,early,S04,A,Wednesday,0,2,1,2,4,2,0.104,1.4,0
2026-07-01,early,S05,A,Wednesday,0,2,2,2,4,2,0.104,1.4,0
2026-07-01,early,S06,A,Wednesday,0,2,1,2,4,2,0.104,1.4,0
2026-07-01,early,S07,B,Wednesday,0,1,3,1,4,2,0.089,1.4,0
2026-07-01,early,S08,B,Wednesday,0,2,2,1,4,2,0.089,1.4,0
2026-07-01,early,S09,B,Wednesday,0,2,2,1,4,2,0.089,1.4,0
2026-07-01,early,S10,B,Wednesday,0,2,2,1,4,2,0.089,1.4,0
2026-07-01,early,S11,B,Wednesday,0,3,1,1,4,2,0.089,1.4,0
2026-07-01,early,S12,B,Wednesday,0,2,1,1,4,2,0.089,1.4,0
2026-07-01,early,S13,C,Wednesday,0,2,2,0,4,2,0.109,1.4,0
2026-07-01,early,S14,C,Wednesday,0,2,1,0,4,2,0.109,1.4,0
2026-07-01,early,S15,C,Wednesday,1,3,2,0,4,2,0.109,1.4,0
2026-07-01,early,S16,C,Wednesday,0,2,1,0,4,2,0.109,1.4,0
2026-07-01,early,S17,C,Wednesday,0,2,1,0,4,2,0.109,1.4,0
2026-07-01,early,S18,C,Wednesday,1,2,3,0,4,2,0.109,1.4,0
2026-07-01,early,S19,D,Wednesday,0,2,3,1,4,2,0.104,1.4,0
2026-07-01,early,S20,D,Wednesday,0,3,2,1,4,2,0.104,1.4,0
2026-07-01,early,S21,D,Wednesday,0,2,1,1,4,2,0.104,1.4,0
2026-07-01,early,S22,D,Wednesday,0,1,2,1,4,2,0.104,1.4,1
2026-07-01,early,S23,D,Wednesday,0,2,1,1,4,2,0.104,1.4,0
2026-07-01,early,S24,D,Wednesday,0,2,2,1,4,2,0.104,1.4,0
2026-07-02,early,S01,A,Thursday,0,1,0,2,4,2,0.109,1.4,1
2026-07-02,early,S02,A,Thursday,0,1,2,2,4,2,0.109,1.4,0
2026-07-02,early,S03,A,Thursday,0,2,2,2,4,2,0.109,1.4,0
2026-07-02,early,S04,A,Thursday,0,2,1,2,4,2,0.109,1.4,0
2026-07-02,early,S05,A,Thursday,0,2,2,2,4,2,0.109,1.4,0
2026-07-02,early,S06,A,Thursday,0,2,1,2,4,2,0.109,1.4,0
2026-07-02,early,S07,B,Thursday,0,1,3,1,4,2,0.083,1.4,0
2026-07-02,early,S08,B,Thursday,0,2,2,1,4,2,0.083,1.4,0
2026-07-02,early,S09,B,Thursday,0,2,2,1,4,2,0.083,1.4,0
2026-07-02,early,S10,B,Thursday,0,2,2,1,4,2,0.083,1.4,0
2026-07-02,early,S11,B,Thursday,0,3,1,1,4,2,0.083,1.4,0
2026-07-02,early,S12,B,Thursday,0,2,1,1,4,2,0.083,1.4,0
2026-07-02,early,S13,C,Thursday,0,2,2,0,4,2,0.12,1.4,0
2026-07-02,early,S14,C,Thursday,0,2,1,0,4,2,0.12,1.4,0
2026-07-02,early,S15,C,Thursday,1,3,2,0,4,2,0.12,1.4,0
2026-07-02,early,S16,C,Thursday,0,2,1,0,4,2,0.12,1.4,0
2026-07-02,early,S17,C,Thursday,0,2,1,0,4,2,0.12,1.4,0
2026-07-02,early,S18,C,Thursday,1,2,3,0,4,2,0.12,1.4,0
2026-07-02,early,S19,D,Thursday,0,2,3,1,4,2,0.109,1.4,0
2026-07-02,early,S20,D,Thursday,0,3,2,1,4,2,0.109,1.4,0
2026-07-02,early,S21,D,Thursday,0,2,1,1,4,2,0.109,1.4,0
2026-07-02,early,S22,D,Thursday,0,1,2,1,4,2,0.109,1.4,0
2026-07-02,early,S23,D,Thursday,0,2,1,1,4,2,0.109,1.4,0
2026-07-02,early,S24,D,Thursday,0,2,2,1,4,2,0.109,1.4,0
2026-07-03,early,S01,A,Friday,0,1,0,2,4,2,0.115,1.4,1
2026-07-03,early,S02,A,Friday,0,1,2,2,4,2,0.115,1.4,1
2026-07-03,early,S03,A,Friday,0,2,2,2,4,2,0.115,1.4,0
2026-07-03,early,S04,A,Friday,0,2,1,2,4,2,0.115,1.4,0
2026-07-03,early,S05,A,Friday,0,2,2,2,4,2,0.115,1.4,0
2026-07-03,early,S06,A,Friday,0,2,1,2,4,2,0.115,1.4,0
2026-07-03,early,S07,B,Friday,0,1,3,1,4,2,0.089,1.4,0
2026-07-03,early,S08,B,Friday,0,2,2,1,4,2,0.089,1.4,0
2026-07-03,early,S09,B,Friday,0,2,2,1,4,2,0.089,1.4,0
2026-07-03,early,S10,B,Friday,0,2,2,1,4,2,0.089,1.4,0
2026-07-03,early,S11,B,Friday,0,3,1,1,4,2,0.089,1.4,0
2026-07-03,early,S12,B,Friday,0,2,1,1,4,2,0.089,1.4,0
2026-07-03,early,S13,C,Friday,0,2,2,0,4,2,0.115,1.4,0
2026-07-03,early,S14,C,Friday,0,2,1,0,4,2,0.115,1.4,0
2026-07-03,early,S15,C,Friday,1,3,2,0,4,2,0.115,1.4,0
2026-07-03,early,S16,C,Friday,0,2,1,0,4,2,0.115,1.4,0
2026-07-03,early,S17,C,Friday,0,2,1,0,4,2,0.115,1.4,0
2026-07-03,early,S18,C,Friday,1,2,3,0,4,2,0.115,1.4,0
2026-07-03,early,S19,D,Friday,0,2,3,1,4,2,0.109,1.4,0
2026-07-03,early,S20,D,Friday,0,3,2,1,4,2,0.109,1.4,0
2026-07-03,early,S21,D,Friday,0,2,1,1,4,2,0.109,1.4,0
2026-07-03,early,S22,D,Friday,0,1,2,1,4,2,0.109,1.4,0
2026-07-03,early,S23,D,Friday,0,2,1,1,4,2,0.109,1.4,0
2026-07-03,early,S24,D,Friday,0,2,2,1,4,2,0.109,1.4,0
2026-07-04,early,S01,A,Saturday,0,1,0,2,4,2,0.125,1.4,1
2026-07-04,early,S02,A,Saturday,0,1,2,2,4,2,0.125,1.4,1
2026-07-04,early,S03,A,Saturday,0,2,2,2,4,2,0.125,1.4,0
2026-07-04,early,S04,A,Saturday,0,2,1,2,4,2,0.125,1.4,0
2026-07-04,early,S05,A,Saturday,0,2,2,2,4,2,0.125,1.4,0
2026-07-04,early,S06,A,Saturday,0,2,1,2,4,2,0.125,1.4,0
2026-07-04,early,S07,B,Saturday,0,1,3,1,4,2,0.089,1.4,0
2026-07-04,early,S08,B,Saturday,0,2,2,1,4,2,0.089,1.4,0
2026-07-04,early,S09,B,Saturday,0,2,2,1,4,2,0.089,1.4,0
2026-07-04,early,S10,B,Saturday,0,2,2,1,4,2,0.089,1.4,0
2026-07-04,early,S11,B,Saturday,0,3,1,1,4,2,0.089,1.4,0
2026-07-04,early,S12,B,Saturday,0,2,1,1,4,2,0.089,1.4,0
2026-07-04,early,S13,C,Saturday,0,2,2,0,4,2,0.109,1.4,0
2026-07-04,early,S14,C,Saturday,0,2,1,0,4,2,0.109,1.4,0
2026-07-04,early,S15,C,Saturday,1,3,2,0,4,2,0.109,1.4,0
2026-07-04,early,S16,C,Saturday,0,2,1,0,4,2,0.109,1.4,0
2026-07-04,early,S17,C,Saturday,0,2,1,0,4,2,0.109,1.4,0
2026-07-04,early,S18,C,Saturday,1,2,3,0,4,2,0.109,1.4,0
2026-07-04,early,S19,D,Saturday,0,2,3,1,4,2,0.104,1.4,0
2026-07-04,early,S20,D,Saturday,0,3,2,1,4,2,0.104,1.4,0
2026-07-04,early,S21,D,Saturday,0,2,1,1,4,2,0.104,1.4,0
2026-07-04,early,S22,D,Saturday,0,1,2,1,4,2,0.104,1.4,1
2026-07-04,early,S23,D,Saturday,0,2,1,1,4,2,0.104,1.4,0
2026-07-04,early,S24,D,Saturday,0,2,2,1,4,2,0.104,1.4,0
2026-06-29,late,S01,A,Monday,0,1,2,3,5,2,0.135,2.4,0
2026-06-29,late,S02,A,Monday,0,1,2,3,5,2,0.135,2.4,0
2026-06-29,late,S03,A,Monday,0,2,3,3,5,2,0.135,2.4,0
2026-06-29,late,S04,A,Monday,0,3,1,3,5,2,0.135,2.4,0
2026-06-29,late,S05,A,Monday,0,3,3,3,5,2,0.135,2.4,0
2026-06-29,late,S06,A,Monday,0,1,0,3,5,2,0.135,2.4,1
2026-06-29,late,S07,B,Monday,0,3,2,0,5,2,0.141,2.4,0
2026-06-29,late,S08,B,Monday,0,2,1,0,5,2,0.141,2.4,0
2026-06-29,late,S09,B,Monday,0,3,1,0,5,2,0.141,2.4,0
2026-06-29,late,S10,B,Monday,0,2,1,0,5,2,0.141,2.4,0
2026-06-29,late,S11,B,Monday,0,2,2,0,5,2,0.141,2.4,0
2026-06-29,late,S12,B,Monday,0,2,1,0,5,2,0.141,2.4,0
2026-06-29,late,S13,C,Monday,0,2,1,1,5,2,0.13,2.4,0
2026-06-29,late,S14,C,Monday,0,2,2,1,5,2,0.13,2.4,0
2026-06-29,late,S15,C,Monday,1,2,2,1,5,2,0.13,2.4,0
2026-06-29,late,S16,C,Monday,0,1,2,1,5,2,0.13,2.4,1
2026-06-29,late,S17,C,Monday,0,2,2,1,5,2,0.13,2.4,0
2026-06-29,late,S18,C,Monday,1,2,0,1,5,2,0.13,2.4,0
2026-06-29,late,S19,D,Monday,0,2,1,1,5,2,0.099,2.4,0
2026-06-29,late,S20,D,Monday,0,2,2,1,5,2,0.099,2.4,0
2026-06-29,late,S21,D,Monday,0,2,2,1,5,2,0.099,2.4,0
2026-06-29,late,S22,D,Monday,0,3,2,1,5,2,0.099,2.4,0
2026-06-29,late,S23,D,Monday,0,2,2,1,5,2,0.099,2.4,0
2026-06-29,late,S24,D,Monday,0,1,3,1,5,2,0.099,2.4,1
2026-06-30,late,S01,A,Tuesday,0,1,2,3,5,2,0.141,2.4,0
2026-06-30,late,S02,A,Tuesday,0,1,2,3,5,2,0.141,2.4,0
2026-06-30,late,S03,A,Tuesday,0,2,3,3,5,2,0.141,2.4,0
2026-06-30,late,S04,A,Tuesday,0,3,1,3,5,2,0.141,2.4,0
2026-06-30,late,S05,A,Tuesday,0,3,3,3,5,2,0.141,2.4,0
2026-06-30,late,S06,A,Tuesday,0,1,0,3,5,2,0.141,2.4,1
2026-06-30,late,S07,B,Tuesday,0,3,2,0,5,2,0.141,2.4,0
2026-06-30,late,S08,B,Tuesday,0,2,1,0,5,2,0.141,2.4,0
2026-06-30,late,S09,B,Tuesday,0,3,1,0,5,2,0.141,2.4,0
2026-06-30,late,S10,B,Tuesday,0,2,1,0,5,2,0.141,2.4,0
2026-06-30,late,S11,B,Tuesday,0,2,2,0,5,2,0.141,2.4,0
2026-06-30,late,S12,B,Tuesday,0,2,1,0,5,2,0.141,2.4,0
2026-06-30,late,S13,C,Tuesday,0,2,1,1,5,2,0.125,2.4,0
2026-06-30,late,S14,C,Tuesday,0,2,2,1,5,2,0.125,2.4,0
2026-06-30,late,S15,C,Tuesday,1,2,2,1,5,2,0.125,2.4,0
2026-06-30,late,S16,C,Tuesday,0,1,2,1,5,2,0.125,2.4,1
2026-06-30,late,S17,C,Tuesday,0,2,2,1,5,2,0.125,2.4,0
2026-06-30,late,S18,C,Tuesday,1,2,0,1,5,2,0.125,2.4,0
2026-06-30,late,S19,D,Tuesday,0,2,1,1,5,2,0.099,2.4,0
2026-06-30,late,S20,D,Tuesday,0,2,2,1,5,2,0.099,2.4,0
2026-06-30,late,S21,D,Tuesday,0,2,2,1,5,2,0.099,2.4,0
2026-06-30,late,S22,D,Tuesday,0,3,2,1,5,2,0.099,2.4,0
2026-06-30,late,S23,D,Tuesday,0,2,2,1,5,2,0.099,2.4,0
2026-06-30,late,S24,D,Tuesday,0,1,3,1,5,2,0.099,2.4,1
2026-07-01,late,S01,A,Wednesday,0,1,2,3,5,2,0.141,2.4,1
2026-07-01,late,S02,A,Wednesday,0,1,2,3,5,2,0.141,2.4,0
2026-07-01,late,S03,A,Wednesday,0,2,3,3,5,2,0.141,2.4,0
2026-07-01,late,S04,A,Wednesday,0,3,1,3,5,2,0.141,2.4,0
2026-07-01,late,S05,A,Wednesday,0,3,3,3,5,2,0.141,2.4,0
2026-07-01,late,S06,A,Wednesday,0,1,0,3,5,2,0.141,2.4,1
2026-07-01,late,S07,B,Wednesday,0,3,2,0,5,2,0.135,2.4,0
2026-07-01,late,S08,B,Wednesday,0,2,1,0,5,2,0.135,2.4,0
2026-07-01,late,S09,B,Wednesday,0,3,1,0,5,2,0.135,2.4,0
2026-07-01,late,S10,B,Wednesday,0,2,1,0,5,2,0.135,2.4,0
2026-07-01,late,S11,B,Wednesday,0,2,2,0,5,2,0.135,2.4,0
2026-07-01,late,S12,B,Wednesday,0,2,1,0,5,2,0.135,2.4,0
2026-07-01,late,S13,C,Wednesday,0,2,1,1,5,2,0.135,2.4,0
2026-07-01,late,S14,C,Wednesday,0,2,2,1,5,2,0.135,2.4,0
2026-07-01,late,S15,C,Wednesday,1,2,2,1,5,2,0.135,2.4,0
2026-07-01,late,S16,C,Wednesday,0,1,2,1,5,2,0.135,2.4,0
2026-07-01,late,S17,C,Wednesday,0,2,2,1,5,2,0.135,2.4,0
2026-07-01,late,S18,C,Wednesday,1,2,0,1,5,2,0.135,2.4,1
2026-07-01,late,S19,D,Wednesday,0,2,1,1,5,2,0.099,2.4,0
2026-07-01,late,S20,D,Wednesday,0,2,2,1,5,2,0.099,2.4,0
2026-07-01,late,S21,D,Wednesday,0,2,2,1,5,2,0.099,2.4,0
2026-07-01,late,S22,D,Wednesday,0,3,2,1,5,2,0.099,2.4,0
2026-07-01,late,S23,D,Wednesday,0,2,2,1,5,2,0.099,2.4,0
2026-07-01,late,S24,D,Wednesday,0,1,3,1,5,2,0.099,2.4,0
2026-07-02,late,S01,A,Thursday,0,1,2,3,5,2,0.135,2.4,1
2026-07-02,late,S02,A,Thursday,0,1,2,3,5,2,0.135,2.4,0
2026-07-02,late,S03,A,Thursday,0,2,3,3,5,2,0.135,2.4,0
2026-07-02,late,S04,A,Thursday,0,3,1,3,5,2,0.135,2.4,0
2026-07-02,late,S05,A,Thursday,0,3,3,3,5,2,0.135,2.4,0
2026-07-02,late,S06,A,Thursday,0,1,0,3,5,2,0.135,2.4,1
2026-07-02,late,S07,B,Thursday,0,3,2,0,5,2,0.135,2.4,0
2026-07-02,late,S08,B,Thursday,0,2,1,0,5,2,0.135,2.4,0
2026-07-02,late,S09,B,Thursday,0,3,1,0,5,2,0.135,2.4,0
2026-07-02,late,S10,B,Thursday,0,2,1,0,5,2,0.135,2.4,0
2026-07-02,late,S11,B,Thursday,0,2,2,0,5,2,0.135,2.4,1
2026-07-02,late,S12,B,Thursday,0,2,1,0,5,2,0.135,2.4,0
2026-07-02,late,S13,C,Thursday,0,2,1,1,5,2,0.141,2.4,0
2026-07-02,late,S14,C,Thursday,0,2,2,1,5,2,0.141,2.4,0
2026-07-02,late,S15,C,Thursday,1,2,2,1,5,2,0.141,2.4,0
2026-07-02,late,S16,C,Thursday,0,1,2,1,5,2,0.141,2.4,0
2026-07-02,late,S17,C,Thursday,0,2,2,1,5,2,0.141,2.4,0
2026-07-02,late,S18,C,Thursday,1,2,0,1,5,2,0.141,2.4,0
2026-07-02,late,S19,D,Thursday,0,2,1,1,5,2,0.109,2.4,0
2026-07-02,late,S20,D,Thursday,0,2,2,1,5,2,0.109,2.4,0
2026-07-02,late,S21,D,Thursday,0,2,2,1,5,2,0.109,2.4,0
2026-07-02,late,S22,D,Thursday,0,3,2,1,5,2,0.109,2.4,0
2026-07-02,late,S23,D,Thursday,0,2,2,1,5,2,0.109,2.4,0
2026-07-02,late,S24,D,Thursday,0,1,3,1,5,2,0.109,2.4,0
2026-07-03,late,S01,A,Friday,0,1,2,3,5,2,0.13,2.4,1
2026-07-03,late,S02,A,Friday,0,1,2,3,5,2,0.13,2.4,1
2026-07-03,late,S03,A,Friday,0,2,3,3,5,2,0.13,2.4,0
2026-07-03,late,S04,A,Friday,0,3,1,3,5,2,0.13,2.4,0
2026-07-03,late,S05,A,Friday,0,3,3,3,5,2,0.13,2.4,0
2026-07-03,late,S06,A,Friday,0,1,0,3,5,2,0.13,2.4,1
2026-07-03,late,S07,B,Friday,0,3,2,0,5,2,0.135,2.4,0
2026-07-03,late,S08,B,Friday,0,2,1,0,5,2,0.135,2.4,0
2026-07-03,late,S09,B,Friday,0,3,1,0,5,2,0.135,2.4,0
2026-07-03,late,S10,B,Friday,0,2,1,0,5,2,0.135,2.4,1
2026-07-03,late,S11,B,Friday,0,2,2,0,5,2,0.135,2.4,1
2026-07-03,late,S12,B,Friday,0,2,1,0,5,2,0.135,2.4,0
2026-07-03,late,S13,C,Friday,0,2,1,1,5,2,0.141,2.4,0
2026-07-03,late,S14,C,Friday,0,2,2,1,5,2,0.141,2.4,1
2026-07-03,late,S15,C,Friday,1,2,2,1,5,2,0.141,2.4,0
2026-07-03,late,S16,C,Friday,0,1,2,1,5,2,0.141,2.4,0
2026-07-03,late,S17,C,Friday,0,2,2,1,5,2,0.141,2.4,0
2026-07-03,late,S18,C,Friday,1,2,0,1,5,2,0.141,2.4,0
2026-07-03,late,S19,D,Friday,0,2,1,1,5,2,0.115,2.4,0
2026-07-03,late,S20,D,Friday,0,2,2,1,5,2,0.115,2.4,0
2026-07-03,late,S21,D,Friday,0,2,2,1,5,2,0.115,2.4,0
2026-07-03,late,S22,D,Friday,0,3,2,1,5,2,0.115,2.4,0
2026-07-03,late,S23,D,Friday,0,2,2,1,5,2,0.115,2.4,0
2026-07-03,late,S24,D,Friday,0,1,3,1,5,2,0.115,2.4,0
2026-07-04,late,S01,A,Saturday,0,1,2,3,5,2,0.12,2.4,0
2026-07-04,late,S02,A,Saturday,0,1,2,3,5,2,0.12,2.4,1
2026-07-04,late,S03,A,Saturday,0,2,3,3,5,2,0.12,2.4,0
2026-07-04,late,S04,A,Saturday,0,3,1,3,5,2,0.12,2.4,0
2026-07-04,late,S05,A,Saturday,0,3,3,3,5,2,0.12,2.4,0
2026-07-04,late,S06,A,Saturday,0,1,0,3,5,2,0.12,2.4,1
2026-07-04,late,S07,B,Saturday,0,3,2,0,5,2,0.141,2.4,0
2026-07-04,late,S08,B,Saturday,0,2,1,0,5,2,0.141,2.4,0
2026-07-04,late,S09,B,Saturday,0,3,1,0,5,2,0.141,2.4,0
2026-07-04,late,S10,B,Saturday,0,2,1,0,5,2,0.141,2.4,0
2026-07-04,late,S11,B,Saturday,0,2,2,0,5,2,0.141,2.4,0
2026-07-04,late,S12,B,Saturday,0,2,1,0,5,2,0.141,2.4,0
2026-07-04,late,S13,C,Saturday,0,2,1,1,5,2,0.146,2.4,0
2026-07-04,late,S14,C,Saturday,0,2,2,1,5,2,0.146,2.4,0
2026-07-04,late,S15,C,Saturday,1,2,2,1,5,2,0.146,2.4,0
2026-07-04,late,S16,C,Saturday,0,1,2,1,5,2,0.146,2.4,0
2026-07-04,late,S17,C,Saturday,0,2,2,1,5,2,0.146,2.4,0
2026-07-04,late,S18,C,Saturday,1,2,0,1,5,2,0.146,2.4,0
2026-07-04,late,S19,D,Saturday,0,2,1,1,5,2,0.115,2.4,0
2026-07-04,late,S20,D,Saturday,0,2,2,1,5,2,0.115,2.4,0
2026-07-04,late,S21,D,Saturday,0,2,2,1,5,2,0.115,2.4,0
2026-07-04,late,S22,D,Saturday,0,3,2,1,5,2,0.115,2.4,0
2026-07-04,late,S23,D,Saturday,0,2,2,1,5,2,0.115,2.4,0
2026-07-04,late,S24,D,Saturday,0,1,3,1,5,2,0.115,2.4,1
2026-06-29,night,S01,A,Monday,0,3,1,1,8,2,0.109,2.0,0
2026-06-29,night,S02,A,Monday,0,2,2,1,8,2,0.109,2.0,0
2026-06-29,night,S03,A,Monday,0,1,3,1,8,2,0.109,2.0,0
2026-06-29,night,S04,A,Monday,0,2,1,1,8,2,0.109,2.0,0
2026-06-29,night,S05,A,Monday,0,2,3,1,8,2,0.109,2.0,0
2026-06-29,night,S06,A,Monday,0,2,2,1,8,2,0.109,2.0,0
2026-06-29,night,S07,B,Monday,0,1,1,3,8,2,0.135,2.0,1
2026-06-29,night,S08,B,Monday,0,2,2,3,8,2,0.135,2.0,0
2026-06-29,night,S09,B,Monday,0,2,3,3,8,2,0.135,2.0,0
2026-06-29,night,S10,B,Monday,0,1,3,3,8,2,0.135,2.0,1
2026-06-29,night,S11,B,Monday,0,2,1,3,8,2,0.135,2.0,1
2026-06-29,night,S12,B,Monday,0,1,1,3,8,2,0.135,2.0,0
2026-06-29,night,S13,C,Monday,0,2,2,3,8,2,0.125,2.0,0
2026-06-29,night,S14,C,Monday,0,2,3,3,8,2,0.125,2.0,0
2026-06-29,night,S15,C,Monday,1,1,2,3,8,2,0.125,2.0,0
2026-06-29,night,S16,C,Monday,0,2,2,3,8,2,0.125,2.0,0
2026-06-29,night,S17,C,Monday,0,1,0,3,8,2,0.125,2.0,1
2026-06-29,night,S18,C,Monday,1,1,0,3,8,2,0.125,2.0,1
2026-06-29,night,S19,D,Monday,0,3,1,1,8,2,0.146,2.0,0
2026-06-29,night,S20,D,Monday,0,3,2,1,8,2,0.146,2.0,1
2026-06-29,night,S21,D,Monday,0,2,1,1,8,2,0.146,2.0,0
2026-06-29,night,S22,D,Monday,0,3,1,1,8,2,0.146,2.0,0
2026-06-29,night,S23,D,Monday,0,1,2,1,8,2,0.146,2.0,1
2026-06-29,night,S24,D,Monday,0,2,1,1,8,2,0.146,2.0,0
2026-06-30,night,S01,A,Tuesday,0,3,1,1,8,2,0.104,2.0,0
2026-06-30,night,S02,A,Tuesday,0,2,2,1,8,2,0.104,2.0,0
2026-06-30,night,S03,A,Tuesday,0,1,3,1,8,2,0.104,2.0,0
2026-06-30,night,S04,A,Tuesday,0,2,1,1,8,2,0.104,2.0,0
2026-06-30,night,S05,A,Tuesday,0,2,3,1,8,2,0.104,2.0,0
2026-06-30,night,S06,A,Tuesday,0,2,2,1,8,2,0.104,2.0,0
2026-06-30,night,S07,B,Tuesday,0,1,1,3,8,2,0.141,2.0,1
2026-06-30,night,S08,B,Tuesday,0,2,2,3,8,2,0.141,2.0,0
2026-06-30,night,S09,B,Tuesday,0,2,3,3,8,2,0.141,2.0,0
2026-06-30,night,S10,B,Tuesday,0,1,3,3,8,2,0.141,2.0,0
2026-06-30,night,S11,B,Tuesday,0,2,1,3,8,2,0.141,2.0,0
2026-06-30,night,S12,B,Tuesday,0,1,1,3,8,2,0.141,2.0,1
2026-06-30,night,S13,C,Tuesday,0,2,2,3,8,2,0.12,2.0,0
2026-06-30,night,S14,C,Tuesday,0,2,3,3,8,2,0.12,2.0,0
2026-06-30,night,S15,C,Tuesday,1,1,2,3,8,2,0.12,2.0,0
2026-06-30,night,S16,C,Tuesday,0,2,2,3,8,2,0.12,2.0,0
2026-06-30,night,S17,C,Tuesday,0,1,0,3,8,2,0.12,2.0,1
2026-06-30,night,S18,C,Tuesday,1,1,0,3,8,2,0.12,2.0,1
2026-06-30,night,S19,D,Tuesday,0,3,1,1,8,2,0.167,2.0,0
2026-06-30,night,S20,D,Tuesday,0,3,2,1,8,2,0.167,2.0,0
2026-06-30,night,S21,D,Tuesday,0,2,1,1,8,2,0.167,2.0,0
2026-06-30,night,S22,D,Tuesday,0,3,1,1,8,2,0.167,2.0,0
2026-06-30,night,S23,D,Tuesday,0,1,2,1,8,2,0.167,2.0,0
2026-06-30,night,S24,D,Tuesday,0,2,1,1,8,2,0.167,2.0,0
2026-07-01,night,S01,A,Wednesday,0,3,1,1,8,2,0.104,2.0,0
2026-07-01,night,S02,A,Wednesday,0,2,2,1,8,2,0.104,2.0,1
2026-07-01,night,S03,A,Wednesday,0,1,3,1,8,2,0.104,2.0,1
2026-07-01,night,S04,A,Wednesday,0,2,1,1,8,2,0.104,2.0,0
2026-07-01,night,S05,A,Wednesday,0,2,3,1,8,2,0.104,2.0,0
2026-07-01,night,S06,A,Wednesday,0,2,2,1,8,2,0.104,2.0,0
2026-07-01,night,S07,B,Wednesday,0,1,1,3,8,2,0.13,2.0,1
2026-07-01,night,S08,B,Wednesday,0,2,2,3,8,2,0.13,2.0,0
2026-07-01,night,S09,B,Wednesday,0,2,3,3,8,2,0.13,2.0,0
2026-07-01,night,S10,B,Wednesday,0,1,3,3,8,2,0.13,2.0,0
2026-07-01,night,S11,B,Wednesday,0,2,1,3,8,2,0.13,2.0,0
2026-07-01,night,S12,B,Wednesday,0,1,1,3,8,2,0.13,2.0,1
2026-07-01,night,S13,C,Wednesday,0,2,2,3,8,2,0.115,2.0,0
2026-07-01,night,S14,C,Wednesday,0,2,3,3,8,2,0.115,2.0,0
2026-07-01,night,S15,C,Wednesday,1,1,2,3,8,2,0.115,2.0,0
2026-07-01,night,S16,C,Wednesday,0,2,2,3,8,2,0.115,2.0,0
2026-07-01,night,S17,C,Wednesday,0,1,0,3,8,2,0.115,2.0,1
2026-07-01,night,S18,C,Wednesday,1,1,0,3,8,2,0.115,2.0,1
2026-07-01,night,S19,D,Wednesday,0,3,1,1,8,2,0.156,2.0,0
2026-07-01,night,S20,D,Wednesday,0,3,2,1,8,2,0.156,2.0,0
2026-07-01,night,S21,D,Wednesday,0,2,1,1,8,2,0.156,2.0,0
2026-07-01,night,S22,D,Wednesday,0,3,1,1,8,2,0.156,2.0,0
2026-07-01,night,S23,D,Wednesday,0,1,2,1,8,2,0.156,2.0,0
2026-07-01,night,S24,D,Wednesday,0,2,1,1,8,2,0.156,2.0,0
2026-07-02,night,S01,A,Thursday,0,3,1,1,8,2,0.115,2.0,0
2026-07-02,night,S02,A,Thursday,0,2,2,1,8,2,0.115,2.0,0
2026-07-02,night,S03,A,Thursday,0,1,3,1,8,2,0.115,2.0,0
2026-07-02,night,S04,A,Thursday,0,2,1,1,8,2,0.115,2.0,0
2026-07-02,night,S05,A,Thursday,0,2,3,1,8,2,0.115,2.0,0
2026-07-02,night,S06,A,Thursday,0,2,2,1,8,2,0.115,2.0,0
2026-07-02,night,S07,B,Thursday,0,1,1,3,8,2,0.146,2.0,1
2026-07-02,night,S08,B,Thursday,0,2,2,3,8,2,0.146,2.0,0
2026-07-02,night,S09,B,Thursday,0,2,3,3,8,2,0.146,2.0,0
2026-07-02,night,S10,B,Thursday,0,1,3,3,8,2,0.146,2.0,0
2026-07-02,night,S11,B,Thursday,0,2,1,3,8,2,0.146,2.0,0
2026-07-02,night,S12,B,Thursday,0,1,1,3,8,2,0.146,2.0,1
2026-07-02,night,S13,C,Thursday,0,2,2,3,8,2,0.115,2.0,0
2026-07-02,night,S14,C,Thursday,0,2,3,3,8,2,0.115,2.0,1
2026-07-02,night,S15,C,Thursday,1,1,2,3,8,2,0.115,2.0,0
2026-07-02,night,S16,C,Thursday,0,2,2,3,8,2,0.115,2.0,0
2026-07-02,night,S17,C,Thursday,0,1,0,3,8,2,0.115,2.0,1
2026-07-02,night,S18,C,Thursday,1,1,0,3,8,2,0.115,2.0,1
2026-07-02,night,S19,D,Thursday,0,3,1,1,8,2,0.161,2.0,0
2026-07-02,night,S20,D,Thursday,0,3,2,1,8,2,0.161,2.0,0
2026-07-02,night,S21,D,Thursday,0,2,1,1,8,2,0.161,2.0,0
2026-07-02,night,S22,D,Thursday,0,3,1,1,8,2,0.161,2.0,0
2026-07-02,night,S23,D,Thursday,0,1,2,1,8,2,0.161,2.0,0
2026-07-02,night,S24,D,Thursday,0,2,1,1,8,2,0.161,2.0,0
2026-07-03,night,S01,A,Friday,0,3,1,1,8,2,0.115,2.0,0
2026-07-03,night,S02,A,Friday,0,2,2,1,8,2,0.115,2.0,0
2026-07-03,night,S03,A,Friday,0,1,3,1,8,2,0.115,2.0,0
2026-07-03,night,S04,A,Friday,0,2,1,1,8,2,0.115,2.0,0
2026-07-03,night,S05,A,Friday,0,2,3,1,8,2,0.115,2.0,0
2026-07-03,night,S06,A,Friday,0,2,2,1,8,2,0.115,2.0,0
2026-07-03,night,S07,B,Friday,0,1,1,3,8,2,0.151,2.0,1
2026-07-03,night,S08,B,Friday,0,2,2,3,8,2,0.151,2.0,0
2026-07-03,night,S09,B,Friday,0,2,3,3,8,2,0.151,2.0,0
2026-07-03,night,S10,B,Friday,0,1,3,3,8,2,0.151,2.0,1
2026-07-03,night,S11,B,Friday,0,2,1,3,8,2,0.151,2.0,0
2026-07-03,night,S12,B,Friday,0,1,1,3,8,2,0.151,2.0,1
2026-07-03,night,S13,C,Friday,0,2,2,3,8,2,0.125,2.0,0
2026-07-03,night,S14,C,Friday,0,2,3,3,8,2,0.125,2.0,0
2026-07-03,night,S15,C,Friday,1,1,2,3,8,2,0.125,2.0,0
2026-07-03,night,S16,C,Friday,0,2,2,3,8,2,0.125,2.0,0
2026-07-03,night,S17,C,Friday,0,1,0,3,8,2,0.125,2.0,1
2026-07-03,night,S18,C,Friday,1,1,0,3,8,2,0.125,2.0,1
2026-07-03,night,S19,D,Friday,0,3,1,1,8,2,0.161,2.0,0
2026-07-03,night,S20,D,Friday,0,3,2,1,8,2,0.161,2.0,0
2026-07-03,night,S21,D,Friday,0,2,1,1,8,2,0.161,2.0,0
2026-07-03,night,S22,D,Friday,0,3,1,1,8,2,0.161,2.0,0
2026-07-03,night,S23,D,Friday,0,1,2,1,8,2,0.161,2.0,0
2026-07-03,night,S24,D,Friday,0,2,1,1,8,2,0.161,2.0,0
2026-07-04,night,S01,A,Saturday,0,3,1,1,8,2,0.115,2.0,0
2026-07-04,night,S02,A,Saturday,0,2,2,1,8,2,0.115,2.0,0
2026-07-04,night,S03,A,Saturday,0,1,3,1,8,2,0.115,2.0,1
2026-07-04,night,S04,A,Saturday,0,2,1,1,8,2,0.115,2.0,0
2026-07-04,night,S05,A,Saturday,0,2,3,1,8,2,0.115,2.0,0
2026-07-04,night,S06,A,Saturday,0,2,2,1,8,2,0.115,2.0,0
2026-07-04,night,S07,B,Saturday,0,1,1,3,8,2,0.156,2.0,1
2026-07-04,night,S08,B,Saturday,0,2,2,3,8,2,0.156,2.0,0
2026-07-04,night,S09,B,Saturday,0,2,3,3,8,2,0.156,2.0,0
2026-07-04,night,S10,B,Saturday,0,1,3,3,8,2,0.156,2.0,0
2026-07-04,night,S11,B,Saturday,0,2,1,3,8,2,0.156,2.0,0
2026-07-04,night,S12,B,Saturday,0,1,1,3,8,2,0.156,2.0,0
2026-07-04,night,S13,C,Saturday,0,2,2,3,8,2,0.115,2.0,0
2026-07-04,night,S14,C,Saturday,0,2,3,3,8,2,0.115,2.0,0
2026-07-04,night,S15,C,Saturday,1,1,2,3,8,2,0.115,2.0,0
2026-07-04,night,S16,C,Saturday,0,2,2,3,8,2,0.115,2.0,0
2026-07-04,night,S17,C,Saturday,0,1,0,3,8,2,0.115,2.0,1
2026-07-04,night,S18,C,Saturday,1,1,0,3,8,2,0.115,2.0,1
2026-07-04,night,S19,D,Saturday,0,3,1,1,8,2,0.161,2.0,0
2026-07-04,night,S20,D,Saturday,0,3,2,1,8,2,0.161,2.0,0
2026-07-04,night,S21,D,Saturday,0,2,1,1,8,2,0.161,2.0,0
2026-07-04,night,S22,D,Saturday,0,3,1,1,8,2,0.161,2.0,0
2026-07-04,night,S23,D,Saturday,0,1,2,1,8,2,0.161,2.0,0
2026-07-04,night,S24,D,Saturday,0,2,1,1,8,2,0.161,2.0,0
2026-07-06,early,S01,A,Monday,0,2,0,1,3,2,0.125,2.0,0
2026-07-06,early,S02,A,Monday,0,1,2,1,3,2,0.125,2.0,0
2026-07-06,early,S03,A,Monday,0,2,2,1,3,2,0.125,2.0,0
2026-07-06,early,S04,A,Monday,0,2,1,1,3,2,0.125,2.0,0
2026-07-06,early,S05,A,Monday,0,2,2,1,3,2,0.125,2.0,0
2026-07-06,early,S06,A,Monday,0,2,1,1,3,2,0.125,2.0,0
2026-07-06,early,S07,B,Monday,0,1,3,1,3,2,0.083,2.0,0
2026-07-06,early,S08,B,Monday,0,2,2,1,3,2,0.083,2.0,0
2026-07-06,early,S09,B,Monday,0,2,2,1,3,2,0.083,2.0,0
2026-07-06,early,S10,B,Monday,0,2,2,1,3,2,0.083,2.0,0
2026-07-06,early,S11,B,Monday,0,3,1,1,3,2,0.083,2.0,0
2026-07-06,early,S12,B,Monday,0,2,1,1,3,2,0.083,2.0,0
2026-07-06,early,S13,C,Monday,0,2,2,0,3,2,0.115,2.0,0
2026-07-06,early,S14,C,Monday,0,2,1,0,3,2,0.115,2.0,0
2026-07-06,early,S15,C,Monday,1,3,2,0,3,2,0.115,2.0,0
2026-07-06,early,S16,C,Monday,0,2,1,0,3,2,0.115,2.0,0
2026-07-06,early,S17,C,Monday,0,2,1,0,3,2,0.115,2.0,0
2026-07-06,early,S18,C,Monday,1,2,3,0,3,2,0.115,2.0,0
2026-07-06,early,S19,D,Monday,0,2,3,1,3,2,0.115,2.0,0
2026-07-06,early,S20,D,Monday,0,3,2,1,3,2,0.115,2.0,0
2026-07-06,early,S21,D,Monday,0,2,1,1,3,2,0.115,2.0,0
2026-07-06,early,S22,D,Monday,0,1,2,1,3,2,0.115,2.0,0
2026-07-06,early,S23,D,Monday,0,2,1,1,3,2,0.115,2.0,0
2026-07-06,early,S24,D,Monday,0,2,2,1,3,2,0.115,2.0,0
2026-07-07,early,S01,A,Tuesday,0,2,0,1,3,2,0.12,2.0,0
2026-07-07,early,S02,A,Tuesday,0,1,2,1,3,2,0.12,2.0,0
2026-07-07,early,S03,A,Tuesday,0,2,2,1,3,2,0.12,2.0,0
2026-07-07,early,S04,A,Tuesday,0,2,1,1,3,2,0.12,2.0,0
2026-07-07,early,S05,A,Tuesday,0,2,2,1,3,2,0.12,2.0,0
2026-07-07,early,S06,A,Tuesday,0,2,1,1,3,2,0.12,2.0,0
2026-07-07,early,S07,B,Tuesday,0,1,3,1,3,2,0.089,2.0,0
2026-07-07,early,S08,B,Tuesday,0,2,2,1,3,2,0.089,2.0,0
2026-07-07,early,S09,B,Tuesday,0,2,2,1,3,2,0.089,2.0,0
2026-07-07,early,S10,B,Tuesday,0,2,2,1,3,2,0.089,2.0,0
2026-07-07,early,S11,B,Tuesday,0,3,1,1,3,2,0.089,2.0,0
2026-07-07,early,S12,B,Tuesday,0,2,1,1,3,2,0.089,2.0,0
2026-07-07,early,S13,C,Tuesday,0,2,2,0,3,2,0.12,2.0,0
2026-07-07,early,S14,C,Tuesday,0,2,1,0,3,2,0.12,2.0,0
2026-07-07,early,S15,C,Tuesday,1,3,2,0,3,2,0.12,2.0,0
2026-07-07,early,S16,C,Tuesday,0,2,1,0,3,2,0.12,2.0,1
2026-07-07,early,S17,C,Tuesday,0,2,1,0,3,2,0.12,2.0,0
2026-07-07,early,S18,C,Tuesday,1,2,3,0,3,2,0.12,2.0,0
2026-07-07,early,S19,D,Tuesday,0,2,3,1,3,2,0.115,2.0,0
2026-07-07,early,S20,D,Tuesday,0,3,2,1,3,2,0.115,2.0,0
2026-07-07,early,S21,D,Tuesday,0,2,1,1,3,2,0.115,2.0,0
2026-07-07,early,S22,D,Tuesday,0,1,2,1,3,2,0.115,2.0,0
2026-07-07,early,S23,D,Tuesday,0,2,1,1,3,2,0.115,2.0,0
2026-07-07,early,S24,D,Tuesday,0,2,2,1,3,2,0.115,2.0,0
2026-07-08,early,S01,A,Wednesday,0,2,0,1,3,2,0.125,2.0,0
2026-07-08,early,S02,A,Wednesday,0,1,2,1,3,2,0.125,2.0,0
2026-07-08,early,S03,A,Wednesday,0,2,2,1,3,2,0.125,2.0,0
2026-07-08,early,S04,A,Wednesday,0,2,1,1,3,2,0.125,2.0,0
2026-07-08,early,S05,A,Wednesday,0,2,2,1,3,2,0.125,2.0,0
2026-07-08,early,S06,A,Wednesday,0,2,1,1,3,2,0.125,2.0,0
2026-07-08,early,S07,B,Wednesday,0,1,3,1,3,2,0.089,2.0,0
2026-07-08,early,S08,B,Wednesday,0,2,2,1,3,2,0.089,2.0,0
2026-07-08,early,S09,B,Wednesday,0,2,2,1,3,2,0.089,2.0,0
2026-07-08,early,S10,B,Wednesday,0,2,2,1,3,2,0.089,2.0,0
2026-07-08,early,S11,B,Wednesday,0,3,1,1,3,2,0.089,2.0,0
2026-07-08,early,S12,B,Wednesday,0,2,1,1,3,2,0.089,2.0,0
2026-07-08,early,S13,C,Wednesday,0,2,2,0,3,2,0.13,2.0,0
2026-07-08,early,S14,C,Wednesday,0,2,1,0,3,2,0.13,2.0,0
2026-07-08,early,S15,C,Wednesday,1,3,2,0,3,2,0.13,2.0,0
2026-07-08,early,S16,C,Wednesday,0,2,1,0,3,2,0.13,2.0,0
2026-07-08,early,S17,C,Wednesday,0,2,1,0,3,2,0.13,2.0,0
2026-07-08,early,S18,C,Wednesday,1,2,3,0,3,2,0.13,2.0,0
2026-07-08,early,S19,D,Wednesday,0,2,3,1,3,2,0.115,2.0,0
2026-07-08,early,S20,D,Wednesday,0,3,2,1,3,2,0.115,2.0,0
2026-07-08,early,S21,D,Wednesday,0,2,1,1,3,2,0.115,2.0,0
2026-07-08,early,S22,D,Wednesday,0,1,2,1,3,2,0.115,2.0,0
2026-07-08,early,S23,D,Wednesday,0,2,1,1,3,2,0.115,2.0,0
2026-07-08,early,S24,D,Wednesday,0,2,2,1,3,2,0.115,2.0,0
2026-07-09,early,S01,A,Thursday,0,2,0,1,3,2,0.104,2.0,0
2026-07-09,early,S02,A,Thursday,0,1,2,1,3,2,0.104,2.0,0
2026-07-09,early,S03,A,Thursday,0,2,2,1,3,2,0.104,2.0,0
2026-07-09,early,S04,A,Thursday,0,2,1,1,3,2,0.104,2.0,0
2026-07-09,early,S05,A,Thursday,0,2,2,1,3,2,0.104,2.0,0
2026-07-09,early,S06,A,Thursday,0,2,1,1,3,2,0.104,2.0,0
2026-07-09,early,S07,B,Thursday,0,1,3,1,3,2,0.094,2.0,0
2026-07-09,early,S08,B,Thursday,0,2,2,1,3,2,0.094,2.0,0
2026-07-09,early,S09,B,Thursday,0,2,2,1,3,2,0.094,2.0,0
2026-07-09,early,S10,B,Thursday,0,2,2,1,3,2,0.094,2.0,0
2026-07-09,early,S11,B,Thursday,0,3,1,1,3,2,0.094,2.0,0
2026-07-09,early,S12,B,Thursday,0,2,1,1,3,2,0.094,2.0,0
2026-07-09,early,S13,C,Thursday,0,2,2,0,3,2,0.125,2.0,0
2026-07-09,early,S14,C,Thursday,0,2,1,0,3,2,0.125,2.0,0
2026-07-09,early,S15,C,Thursday,1,3,2,0,3,2,0.125,2.0,0
2026-07-09,early,S16,C,Thursday,0,2,1,0,3,2,0.125,2.0,0
2026-07-09,early,S17,C,Thursday,0,2,1,0,3,2,0.125,2.0,0
2026-07-09,early,S18,C,Thursday,1,2,3,0,3,2,0.125,2.0,0
2026-07-09,early,S19,D,Thursday,0,2,3,1,3,2,0.12,2.0,0
2026-07-09,early,S20,D,Thursday,0,3,2,1,3,2,0.12,2.0,0
2026-07-09,early,S21,D,Thursday,0,2,1,1,3,2,0.12,2.0,0
2026-07-09,early,S22,D,Thursday,0,1,2,1,3,2,0.12,2.0,0
2026-07-09,early,S23,D,Thursday,0,2,1,1,3,2,0.12,2.0,0
2026-07-09,early,S24,D,Thursday,0,2,2,1,3,2,0.12,2.0,0
2026-07-10,early,S01,A,Friday,0,2,0,1,3,2,0.104,2.0,0
2026-07-10,early,S02,A,Friday,0,1,2,1,3,2,0.104,2.0,0
2026-07-10,early,S03,A,Friday,0,2,2,1,3,2,0.104,2.0,0
2026-07-10,early,S04,A,Friday,0,2,1,1,3,2,0.104,2.0,0
2026-07-10,early,S05,A,Friday,0,2,2,1,3,2,0.104,2.0,1
2026-07-10,early,S06,A,Friday,0,2,1,1,3,2,0.104,2.0,1
2026-07-10,early,S07,B,Friday,0,1,3,1,3,2,0.099,2.0,0
2026-07-10,early,S08,B,Friday,0,2,2,1,3,2,0.099,2.0,0
2026-07-10,early,S09,B,Friday,0,2,2,1,3,2,0.099,2.0,0
2026-07-10,early,S10,B,Friday,0,2,2,1,3,2,0.099,2.0,0
2026-07-10,early,S11,B,Friday,0,3,1,1,3,2,0.099,2.0,0
2026-07-10,early,S12,B,Friday,0,2,1,1,3,2,0.099,2.0,0
2026-07-10,early,S13,C,Friday,0,2,2,0,3,2,0.12,2.0,0
2026-07-10,early,S14,C,Friday,0,2,1,0,3,2,0.12,2.0,0
2026-07-10,early,S15,C,Friday,1,3,2,0,3,2,0.12,2.0,0
2026-07-10,early,S16,C,Friday,0,2,1,0,3,2,0.12,2.0,0
2026-07-10,early,S17,C,Friday,0,2,1,0,3,2,0.12,2.0,0
2026-07-10,early,S18,C,Friday,1,2,3,0,3,2,0.12,2.0,0
2026-07-10,early,S19,D,Friday,0,2,3,1,3,2,0.12,2.0,0
2026-07-10,early,S20,D,Friday,0,3,2,1,3,2,0.12,2.0,1
2026-07-10,early,S21,D,Friday,0,2,1,1,3,2,0.12,2.0,0
2026-07-10,early,S22,D,Friday,0,1,2,1,3,2,0.12,2.0,0
2026-07-10,early,S23,D,Friday,0,2,1,1,3,2,0.12,2.0,0
2026-07-10,early,S24,D,Friday,0,2,2,1,3,2,0.12,2.0,0
2026-07-11,early,S01,A,Saturday,0,2,0,1,3,2,0.109,2.0,0
2026-07-11,early,S02,A,Saturday,0,1,2,1,3,2,0.109,2.0,1
2026-07-11,early,S03,A,Saturday,0,2,2,1,3,2,0.109,2.0,0
2026-07-11,early,S04,A,Saturday,0,2,1,1,3,2,0.109,2.0,0
2026-07-11,early,S05,A,Saturday,0,2,2,1,3,2,0.109,2.0,0
2026-07-11,early,S06,A,Saturday,0,2,1,1,3,2,0.109,2.0,0
2026-07-11,early,S07,B,Saturday,0,1,3,1,3,2,0.094,2.0,0
2026-07-11,early,S08,B,Saturday,0,2,2,1,3,2,0.094,2.0,0
2026-07-11,early,S09,B,Saturday,0,2,2,1,3,2,0.094,2.0,0
2026-07-11,early,S10,B,Saturday,0,2,2,1,3,2,0.094,2.0,0
2026-07-11,early,S11,B,Saturday,0,3,1,1,3,2,0.094,2.0,0
2026-07-11,early,S12,B,Saturday,0,2,1,1,3,2,0.094,2.0,0
2026-07-11,early,S13,C,Saturday,0,2,2,0,3,2,0.109,2.0,0
2026-07-11,early,S14,C,Saturday,0,2,1,0,3,2,0.109,2.0,0
2026-07-11,early,S15,C,Saturday,1,3,2,0,3,2,0.109,2.0,0
2026-07-11,early,S16,C,Saturday,0,2,1,0,3,2,0.109,2.0,0
2026-07-11,early,S17,C,Saturday,0,2,1,0,3,2,0.109,2.0,0
2026-07-11,early,S18,C,Saturday,1,2,3,0,3,2,0.109,2.0,0
2026-07-11,early,S19,D,Saturday,0,2,3,1,3,2,0.125,2.0,0
2026-07-11,early,S20,D,Saturday,0,3,2,1,3,2,0.125,2.0,0
2026-07-11,early,S21,D,Saturday,0,2,1,1,3,2,0.125,2.0,0
2026-07-11,early,S22,D,Saturday,0,1,2,1,3,2,0.125,2.0,0
2026-07-11,early,S23,D,Saturday,0,2,1,1,3,2,0.125,2.0,0
2026-07-11,early,S24,D,Saturday,0,2,2,1,3,2,0.125,2.0,0
2026-07-06,late,S01,A,Monday,0,1,2,3,5,2,0.125,3.6,0
2026-07-06,late,S02,A,Monday,0,1,2,3,5,2,0.125,3.6,1
2026-07-06,late,S03,A,Monday,0,2,3,3,5,2,0.125,3.6,0
2026-07-06,late,S04,A,Monday,0,3,1,3,5,2,0.125,3.6,0
2026-07-06,late,S05,A,Monday,0,3,3,3,5,2,0.125,3.6,0
2026-07-06,late,S06,A,Monday,0,1,0,3,5,2,0.125,3.6,1
2026-07-06,late,S07,B,Monday,0,3,2,0,5,2,0.141,3.6,0
2026-07-06,late,S08,B,Monday,0,2,1,0,5,2,0.141,3.6,0
2026-07-06,late,S09,B,Monday,0,3,1,0,5,2,0.141,3.6,0
2026-07-06,late,S10,B,Monday,0,2,1,0,5,2,0.141,3.6,0
2026-07-06,late,S11,B,Monday,0,2,2,0,5,2,0.141,3.6,0
2026-07-06,late,S12,B,Monday,0,2,1,0,5,2,0.141,3.6,0
2026-07-06,late,S13,C,Monday,0,2,1,1,5,2,0.146,3.6,0
2026-07-06,late,S14,C,Monday,0,2,2,1,5,2,0.146,3.6,0
2026-07-06,late,S15,C,Monday,1,2,2,1,5,2,0.146,3.6,0
2026-07-06,late,S16,C,Monday,0,1,2,1,5,2,0.146,3.6,0
2026-07-06,late,S17,C,Monday,0,2,2,1,5,2,0.146,3.6,0
2026-07-06,late,S18,C,Monday,1,2,0,1,5,2,0.146,3.6,0
2026-07-06,late,S19,D,Monday,0,2,1,1,5,2,0.115,3.6,0
2026-07-06,late,S20,D,Monday,0,2,2,1,5,2,0.115,3.6,0
2026-07-06,late,S21,D,Monday,0,2,2,1,5,2,0.115,3.6,0
2026-07-06,late,S22,D,Monday,0,3,2,1,5,2,0.115,3.6,0
2026-07-06,late,S23,D,Monday,0,2,2,1,5,2,0.115,3.6,0
2026-07-06,late,S24,D,Monday,0,1,3,1,5,2,0.115,3.6,0
2026-07-07,late,S01,A,Tuesday,0,1,2,3,5,2,0.109,3.6,0
2026-07-07,late,S02,A,Tuesday,0,1,2,3,5,2,0.109,3.6,0
2026-07-07,late,S03,A,Tuesday,0,2,3,3,5,2,0.109,3.6,0
2026-07-07,late,S04,A,Tuesday,0,3,1,3,5,2,0.109,3.6,0
2026-07-07,late,S05,A,Tuesday,0,3,3,3,5,2,0.109,3.6,0
2026-07-07,late,S06,A,Tuesday,0,1,0,3,5,2,0.109,3.6,1
2026-07-07,late,S07,B,Tuesday,0,3,2,0,5,2,0.135,3.6,0
2026-07-07,late,S08,B,Tuesday,0,2,1,0,5,2,0.135,3.6,0
2026-07-07,late,S09,B,Tuesday,0,3,1,0,5,2,0.135,3.6,0
2026-07-07,late,S10,B,Tuesday,0,2,1,0,5,2,0.135,3.6,0
2026-07-07,late,S11,B,Tuesday,0,2,2,0,5,2,0.135,3.6,0
2026-07-07,late,S12,B,Tuesday,0,2,1,0,5,2,0.135,3.6,0
2026-07-07,late,S13,C,Tuesday,0,2,1,1,5,2,0.146,3.6,0
2026-07-07,late,S14,C,Tuesday,0,2,2,1,5,2,0.146,3.6,0
2026-07-07,late,S15,C,Tuesday,1,2,2,1,5,2,0.146,3.6,0
2026-07-07,late,S16,C,Tuesday,0,1,2,1,5,2,0.146,3.6,0
2026-07-07,late,S17,C,Tuesday,0,2,2,1,5,2,0.146,3.6,0
2026-07-07,late,S18,C,Tuesday,1,2,0,1,5,2,0.146,3.6,0
2026-07-07,late,S19,D,Tuesday,0,2,1,1,5,2,0.115,3.6,0
2026-07-07,late,S20,D,Tuesday,0,2,2,1,5,2,0.115,3.6,0
2026-07-07,late,S21,D,Tuesday,0,2,2,1,5,2,0.115,3.6,0
2026-07-07,late,S22,D,Tuesday,0,3,2,1,5,2,0.115,3.6,0
2026-07-07,late,S23,D,Tuesday,0,2,2,1,5,2,0.115,3.6,0
2026-07-07,late,S24,D,Tuesday,0,1,3,1,5,2,0.115,3.6,1
2026-07-08,late,S01,A,Wednesday,0,1,2,3,5,2,0.099,3.6,0
2026-07-08,late,S02,A,Wednesday,0,1,2,3,5,2,0.099,3.6,1
2026-07-08,late,S03,A,Wednesday,0,2,3,3,5,2,0.099,3.6,0
2026-07-08,late,S04,A,Wednesday,0,3,1,3,5,2,0.099,3.6,0
2026-07-08,late,S05,A,Wednesday,0,3,3,3,5,2,0.099,3.6,0
2026-07-08,late,S06,A,Wednesday,0,1,0,3,5,2,0.099,3.6,1
2026-07-08,late,S07,B,Wednesday,0,3,2,0,5,2,0.141,3.6,0
2026-07-08,late,S08,B,Wednesday,0,2,1,0,5,2,0.141,3.6,0
2026-07-08,late,S09,B,Wednesday,0,3,1,0,5,2,0.141,3.6,0
2026-07-08,late,S10,B,Wednesday,0,2,1,0,5,2,0.141,3.6,0
2026-07-08,late,S11,B,Wednesday,0,2,2,0,5,2,0.141,3.6,0
2026-07-08,late,S12,B,Wednesday,0,2,1,0,5,2,0.141,3.6,0
2026-07-08,late,S13,C,Wednesday,0,2,1,1,5,2,0.146,3.6,0
2026-07-08,late,S14,C,Wednesday,0,2,2,1,5,2,0.146,3.6,0
2026-07-08,late,S15,C,Wednesday,1,2,2,1,5,2,0.146,3.6,0
2026-07-08,late,S16,C,Wednesday,0,1,2,1,5,2,0.146,3.6,0
2026-07-08,late,S17,C,Wednesday,0,2,2,1,5,2,0.146,3.6,0
2026-07-08,late,S18,C,Wednesday,1,2,0,1,5,2,0.146,3.6,0
2026-07-08,late,S19,D,Wednesday,0,2,1,1,5,2,0.115,3.6,0
2026-07-08,late,S20,D,Wednesday,0,2,2,1,5,2,0.115,3.6,0
2026-07-08,late,S21,D,Wednesday,0,2,2,1,5,2,0.115,3.6,0
2026-07-08,late,S22,D,Wednesday,0,3,2,1,5,2,0.115,3.6,0
2026-07-08,late,S23,D,Wednesday,0,2,2,1,5,2,0.115,3.6,0
2026-07-08,late,S24,D,Wednesday,0,1,3,1,5,2,0.115,3.6,0
2026-07-09,late,S01,A,Thursday,0,1,2,3,5,2,0.099,3.6,1
2026-07-09,late,S02,A,Thursday,0,1,2,3,5,2,0.099,3.6,1
2026-07-09,late,S03,A,Thursday,0,2,3,3,5,2,0.099,3.6,0
2026-07-09,late,S04,A,Thursday,0,3,1,3,5,2,0.099,3.6,0
2026-07-09,late,S05,A,Thursday,0,3,3,3,5,2,0.099,3.6,0
2026-07-09,late,S06,A,Thursday,0,1,0,3,5,2,0.099,3.6,1
2026-07-09,late,S07,B,Thursday,0,3,2,0,5,2,0.141,3.6,0
2026-07-09,late,S08,B,Thursday,0,2,1,0,5,2,0.141,3.6,0
2026-07-09,late,S09,B,Thursday,0,3,1,0,5,2,0.141,3.6,0
2026-07-09,late,S10,B,Thursday,0,2,1,0,5,2,0.141,3.6,0
2026-07-09,late,S11,B,Thursday,0,2,2,0,5,2,0.141,3.6,0
2026-07-09,late,S12,B,Thursday,0,2,1,0,5,2,0.141,3.6,1
2026-07-09,late,S13,C,Thursday,0,2,1,1,5,2,0.135,3.6,0
2026-07-09,late,S14,C,Thursday,0,2,2,1,5,2,0.135,3.6,0
2026-07-09,late,S15,C,Thursday,1,2,2,1,5,2,0.135,3.6,0
2026-07-09,late,S16,C,Thursday,0,1,2,1,5,2,0.135,3.6,0
2026-07-09,late,S17,C,Thursday,0,2,2,1,5,2,0.135,3.6,0
2026-07-09,late,S18,C,Thursday,1,2,0,1,5,2,0.135,3.6,0
2026-07-09,late,S19,D,Thursday,0,2,1,1,5,2,0.125,3.6,0
2026-07-09,late,S20,D,Thursday,0,2,2,1,5,2,0.125,3.6,0
2026-07-09,late,S21,D,Thursday,0,2,2,1,5,2,0.125,3.6,0
2026-07-09,late,S22,D,Thursday,0,3,2,1,5,2,0.125,3.6,0
2026-07-09,late,S23,D,Thursday,0,2,2,1,5,2,0.125,3.6,0
2026-07-09,late,S24,D,Thursday,0,1,3,1,5,2,0.125,3.6,0
2026-07-10,late,S01,A,Friday,0,1,2,3,5,2,0.104,3.6,1
2026-07-10,late,S02,A,Friday,0,1,2,3,5,2,0.104,3.6,1
2026-07-10,late,S03,A,Friday,0,2,3,3,5,2,0.104,3.6,0
2026-07-10,late,S04,A,Friday,0,3,1,3,5,2,0.104,3.6,0
2026-07-10,late,S05,A,Friday,0,3,3,3,5,2,0.104,3.6,0
2026-07-10,late,S06,A,Friday,0,1,0,3,5,2,0.104,3.6,1
2026-07-10,late,S07,B,Friday,0,3,2,0,5,2,0.146,3.6,0
2026-07-10,late,S08,B,Friday,0,2,1,0,5,2,0.146,3.6,0
2026-07-10,late,S09,B,Friday,0,3,1,0,5,2,0.146,3.6,0
2026-07-10,late,S10,B,Friday,0,2,1,0,5,2,0.146,3.6,0
2026-07-10,late,S11,B,Friday,0,2,2,0,5,2,0.146,3.6,0
2026-07-10,late,S12,B,Friday,0,2,1,0,5,2,0.146,3.6,0
2026-07-10,late,S13,C,Friday,0,2,1,1,5,2,0.135,3.6,0
2026-07-10,late,S14,C,Friday,0,2,2,1,5,2,0.135,3.6,0
2026-07-10,late,S15,C,Friday,1,2,2,1,5,2,0.135,3.6,0
2026-07-10,late,S16,C,Friday,0,1,2,1,5,2,0.135,3.6,0
2026-07-10,late,S17,C,Friday,0,2,2,1,5,2,0.135,3.6,0
2026-07-10,late,S18,C,Friday,1,2,0,1,5,2,0.135,3.6,0
2026-07-10,late,S19,D,Friday,0,2,1,1,5,2,0.125,3.6,0
2026-07-10,late,S20,D,Friday,0,2,2,1,5,2,0.125,3.6,0
2026-07-10,late,S21,D,Friday,0,2,2,1,5,2,0.125,3.6,0
2026-07-10,late,S22,D,Friday,0,3,2,1,5,2,0.125,3.6,0
2026-07-10,late,S23,D,Friday,0,2,2,1,5,2,0.125,3.6,0
2026-07-10,late,S24,D,Friday,0,1,3,1,5,2,0.125,3.6,0
2026-07-11,late,S01,A,Saturday,0,1,2,3,5,2,0.104,3.6,1
2026-07-11,late,S02,A,Saturday,0,1,2,3,5,2,0.104,3.6,0
2026-07-11,late,S03,A,Saturday,0,2,3,3,5,2,0.104,3.6,0
2026-07-11,late,S04,A,Saturday,0,3,1,3,5,2,0.104,3.6,0
2026-07-11,late,S05,A,Saturday,0,3,3,3,5,2,0.104,3.6,0
2026-07-11,late,S06,A,Saturday,0,1,0,3,5,2,0.104,3.6,1
2026-07-11,late,S07,B,Saturday,0,3,2,0,5,2,0.146,3.6,0
2026-07-11,late,S08,B,Saturday,0,2,1,0,5,2,0.146,3.6,0
2026-07-11,late,S09,B,Saturday,0,3,1,0,5,2,0.146,3.6,0
2026-07-11,late,S10,B,Saturday,0,2,1,0,5,2,0.146,3.6,0
2026-07-11,late,S11,B,Saturday,0,2,2,0,5,2,0.146,3.6,0
2026-07-11,late,S12,B,Saturday,0,2,1,0,5,2,0.146,3.6,1
2026-07-11,late,S13,C,Saturday,0,2,1,1,5,2,0.135,3.6,0
2026-07-11,late,S14,C,Saturday,0,2,2,1,5,2,0.135,3.6,0
2026-07-11,late,S15,C,Saturday,1,2,2,1,5,2,0.135,3.6,0
2026-07-11,late,S16,C,Saturday,0,1,2,1,5,2,0.135,3.6,1
2026-07-11,late,S17,C,Saturday,0,2,2,1,5,2,0.135,3.6,0
2026-07-11,late,S18,C,Saturday,1,2,0,1,5,2,0.135,3.6,1
2026-07-11,late,S19,D,Saturday,0,2,1,1,5,2,0.12,3.6,0
2026-07-11,late,S20,D,Saturday,0,2,2,1,5,2,0.12,3.6,0
2026-07-11,late,S21,D,Saturday,0,2,2,1,5,2,0.12,3.6,0
2026-07-11,late,S22,D,Saturday,0,3,2,1,5,2,0.12,3.6,0
2026-07-11,late,S23,D,Saturday,0,2,2,1,5,2,0.12,3.6,0
2026-07-11,late,S24,D,Saturday,0,1,3,1,5,2,0.12,3.6,0
2026-07-06,night,S01,A,Monday,0,3,1,0,6,2,0.115,4.3,0
2026-07-06,night,S02,A,Monday,0,2,2,0,6,2,0.115,4.3,0
2026-07-06,night,S03,A,Monday,0,2,3,0,6,2,0.115,4.3,0
2026-07-06,night,S04,A,Monday,0,2,1,0,6,2,0.115,4.3,0
2026-07-06,night,S05,A,Monday,0,2,3,0,6,2,0.115,4.3,0
2026-07-06,night,S06,A,Monday,0,2,2,0,6,2,0.115,4.3,0
2026-07-06,night,S07,B,Monday,0,1,1,3,6,2,0.156,4.3,0
2026-07-06,night,S08,B,Monday,0,2,2,3,6,2,0.156,4.3,0
2026-07-06,night,S09,B,Monday,0,2,3,3,6,2,0.156,4.3,0
2026-07-06,night,S10,B,Monday,0,1,3,3,6,2,0.156,4.3,1
2026-07-06,night,S11,B,Monday,0,2,1,3,6,2,0.156,4.3,0
2026-07-06,night,S12,B,Monday,0,1,1,3,6,2,0.156,4.3,0
2026-07-06,night,S13,C,Monday,0,2,2,2,6,2,0.125,4.3,0
2026-07-06,night,S14,C,Monday,0,2,3,2,6,2,0.125,4.3,0
2026-07-06,night,S15,C,Monday,1,1,2,2,6,2,0.125,4.3,0
2026-07-06,night,S16,C,Monday,0,2,2,2,6,2,0.125,4.3,0
2026-07-06,night,S17,C,Monday,0,1,0,2,6,2,0.125,4.3,1
2026-07-06,night,S18,C,Monday,1,2,0,2,6,2,0.125,4.3,0
2026-07-06,night,S19,D,Monday,0,3,1,1,6,2,0.161,4.3,0
2026-07-06,night,S20,D,Monday,0,3,2,1,6,2,0.161,4.3,0
2026-07-06,night,S21,D,Monday,0,2,1,1,6,2,0.161,4.3,0
2026-07-06,night,S22,D,Monday,0,3,1,1,6,2,0.161,4.3,0
2026-07-06,night,S23,D,Monday,0,1,2,1,6,2,0.161,4.3,1
2026-07-06,night,S24,D,Monday,0,2,1,1,6,2,0.161,4.3,0
2026-07-07,night,S01,A,Tuesday,0,3,1,0,6,2,0.115,4.3,0
2026-07-07,night,S02,A,Tuesday,0,2,2,0,6,2,0.115,4.3,0
2026-07-07,night,S03,A,Tuesday,0,2,3,0,6,2,0.115,4.3,0
2026-07-07,night,S04,A,Tuesday,0,2,1,0,6,2,0.115,4.3,0
2026-07-07,night,S05,A,Tuesday,0,2,3,0,6,2,0.115,4.3,0
2026-07-07,night,S06,A,Tuesday,0,2,2,0,6,2,0.115,4.3,0
2026-07-07,night,S07,B,Tuesday,0,1,1,3,6,2,0.151,4.3,1
2026-07-07,night,S08,B,Tuesday,0,2,2,3,6,2,0.151,4.3,0
2026-07-07,night,S09,B,Tuesday,0,2,3,3,6,2,0.151,4.3,0
2026-07-07,night,S10,B,Tuesday,0,1,3,3,6,2,0.151,4.3,0
2026-07-07,night,S11,B,Tuesday,0,2,1,3,6,2,0.151,4.3,1
2026-07-07,night,S12,B,Tuesday,0,1,1,3,6,2,0.151,4.3,1
2026-07-07,night,S13,C,Tuesday,0,2,2,2,6,2,0.13,4.3,0
2026-07-07,night,S14,C,Tuesday,0,2,3,2,6,2,0.13,4.3,0
2026-07-07,night,S15,C,Tuesday,1,1,2,2,6,2,0.13,4.3,0
2026-07-07,night,S16,C,Tuesday,0,2,2,2,6,2,0.13,4.3,0
2026-07-07,night,S17,C,Tuesday,0,1,0,2,6,2,0.13,4.3,1
2026-07-07,night,S18,C,Tuesday,1,2,0,2,6,2,0.13,4.3,0
2026-07-07,night,S19,D,Tuesday,0,3,1,1,6,2,0.167,4.3,0
2026-07-07,night,S20,D,Tuesday,0,3,2,1,6,2,0.167,4.3,0
2026-07-07,night,S21,D,Tuesday,0,2,1,1,6,2,0.167,4.3,0
2026-07-07,night,S22,D,Tuesday,0,3,1,1,6,2,0.167,4.3,0
2026-07-07,night,S23,D,Tuesday,0,1,2,1,6,2,0.167,4.3,0
2026-07-07,night,S24,D,Tuesday,0,2,1,1,6,2,0.167,4.3,0
2026-07-08,night,S01,A,Wednesday,0,3,1,0,6,2,0.115,4.3,1
2026-07-08,night,S02,A,Wednesday,0,2,2,0,6,2,0.115,4.3,0
2026-07-08,night,S03,A,Wednesday,0,2,3,0,6,2,0.115,4.3,0
2026-07-08,night,S04,A,Wednesday,0,2,1,0,6,2,0.115,4.3,0
2026-07-08,night,S05,A,Wednesday,0,2,3,0,6,2,0.115,4.3,0
2026-07-08,night,S06,A,Wednesday,0,2,2,0,6,2,0.115,4.3,0
2026-07-08,night,S07,B,Wednesday,0,1,1,3,6,2,0.156,4.3,0
2026-07-08,night,S08,B,Wednesday,0,2,2,3,6,2,0.156,4.3,0
2026-07-08,night,S09,B,Wednesday,0,2,3,3,6,2,0.156,4.3,0
2026-07-08,night,S10,B,Wednesday,0,1,3,3,6,2,0.156,4.3,1
2026-07-08,night,S11,B,Wednesday,0,2,1,3,6,2,0.156,4.3,0
2026-07-08,night,S12,B,Wednesday,0,1,1,3,6,2,0.156,4.3,1
2026-07-08,night,S13,C,Wednesday,0,2,2,2,6,2,0.135,4.3,0
2026-07-08,night,S14,C,Wednesday,0,2,3,2,6,2,0.135,4.3,0
2026-07-08,night,S15,C,Wednesday,1,1,2,2,6,2,0.135,4.3,0
2026-07-08,night,S16,C,Wednesday,0,2,2,2,6,2,0.135,4.3,0
2026-07-08,night,S17,C,Wednesday,0,1,0,2,6,2,0.135,4.3,1
2026-07-08,night,S18,C,Wednesday,1,2,0,2,6,2,0.135,4.3,0
2026-07-08,night,S19,D,Wednesday,0,3,1,1,6,2,0.167,4.3,1
2026-07-08,night,S20,D,Wednesday,0,3,2,1,6,2,0.167,4.3,0
2026-07-08,night,S21,D,Wednesday,0,2,1,1,6,2,0.167,4.3,0
2026-07-08,night,S22,D,Wednesday,0,3,1,1,6,2,0.167,4.3,0
2026-07-08,night,S23,D,Wednesday,0,1,2,1,6,2,0.167,4.3,0
2026-07-08,night,S24,D,Wednesday,0,2,1,1,6,2,0.167,4.3,0
2026-07-09,night,S01,A,Thursday,0,3,1,0,6,2,0.125,4.3,0
2026-07-09,night,S02,A,Thursday,0,2,2,0,6,2,0.125,4.3,0
2026-07-09,night,S03,A,Thursday,0,2,3,0,6,2,0.125,4.3,0
2026-07-09,night,S04,A,Thursday,0,2,1,0,6,2,0.125,4.3,0
2026-07-09,night,S05,A,Thursday,0,2,3,0,6,2,0.125,4.3,0
2026-07-09,night,S06,A,Thursday,0,2,2,0,6,2,0.125,4.3,0
2026-07-09,night,S07,B,Thursday,0,1,1,3,6,2,0.156,4.3,0
2026-07-09,night,S08,B,Thursday,0,2,2,3,6,2,0.156,4.3,0
2026-07-09,night,S09,B,Thursday,0,2,3,3,6,2,0.156,4.3,0
2026-07-09,night,S10,B,Thursday,0,1,3,3,6,2,0.156,4.3,0
2026-07-09,night,S11,B,Thursday,0,2,1,3,6,2,0.156,4.3,0
2026-07-09,night,S12,B,Thursday,0,1,1,3,6,2,0.156,4.3,1
2026-07-09,night,S13,C,Thursday,0,2,2,2,6,2,0.135,4.3,0
2026-07-09,night,S14,C,Thursday,0,2,3,2,6,2,0.135,4.3,0
2026-07-09,night,S15,C,Thursday,1,1,2,2,6,2,0.135,4.3,0
2026-07-09,night,S16,C,Thursday,0,2,2,2,6,2,0.135,4.3,0
2026-07-09,night,S17,C,Thursday,0,1,0,2,6,2,0.135,4.3,1
2026-07-09,night,S18,C,Thursday,1,2,0,2,6,2,0.135,4.3,0
2026-07-09,night,S19,D,Thursday,0,3,1,1,6,2,0.167,4.3,0
2026-07-09,night,S20,D,Thursday,0,3,2,1,6,2,0.167,4.3,0
2026-07-09,night,S21,D,Thursday,0,2,1,1,6,2,0.167,4.3,0
2026-07-09,night,S22,D,Thursday,0,3,1,1,6,2,0.167,4.3,0
2026-07-09,night,S23,D,Thursday,0,1,2,1,6,2,0.167,4.3,0
2026-07-09,night,S24,D,Thursday,0,2,1,1,6,2,0.167,4.3,0
2026-07-10,night,S01,A,Friday,0,3,1,0,6,2,0.12,4.3,0
2026-07-10,night,S02,A,Friday,0,2,2,0,6,2,0.12,4.3,0
2026-07-10,night,S03,A,Friday,0,2,3,0,6,2,0.12,4.3,0
2026-07-10,night,S04,A,Friday,0,2,1,0,6,2,0.12,4.3,0
2026-07-10,night,S05,A,Friday,0,2,3,0,6,2,0.12,4.3,1
2026-07-10,night,S06,A,Friday,0,2,2,0,6,2,0.12,4.3,0
2026-07-10,night,S07,B,Friday,0,1,1,3,6,2,0.156,4.3,1
2026-07-10,night,S08,B,Friday,0,2,2,3,6,2,0.156,4.3,0
2026-07-10,night,S09,B,Friday,0,2,3,3,6,2,0.156,4.3,0
2026-07-10,night,S10,B,Friday,0,1,3,3,6,2,0.156,4.3,1
2026-07-10,night,S11,B,Friday,0,2,1,3,6,2,0.156,4.3,0
2026-07-10,night,S12,B,Friday,0,1,1,3,6,2,0.156,4.3,0
2026-07-10,night,S13,C,Friday,0,2,2,2,6,2,0.135,4.3,0
2026-07-10,night,S14,C,Friday,0,2,3,2,6,2,0.135,4.3,0
2026-07-10,night,S15,C,Friday,1,1,2,2,6,2,0.135,4.3,0
2026-07-10,night,S16,C,Friday,0,2,2,2,6,2,0.135,4.3,0
2026-07-10,night,S17,C,Friday,0,1,0,2,6,2,0.135,4.3,1
2026-07-10,night,S18,C,Friday,1,2,0,2,6,2,0.135,4.3,0
2026-07-10,night,S19,D,Friday,0,3,1,1,6,2,0.161,4.3,0
2026-07-10,night,S20,D,Friday,0,3,2,1,6,2,0.161,4.3,0
2026-07-10,night,S21,D,Friday,0,2,1,1,6,2,0.161,4.3,0
2026-07-10,night,S22,D,Friday,0,3,1,1,6,2,0.161,4.3,0
2026-07-10,night,S23,D,Friday,0,1,2,1,6,2,0.161,4.3,1
2026-07-10,night,S24,D,Friday,0,2,1,1,6,2,0.161,4.3,0
2026-07-11,night,S01,A,Saturday,0,3,1,0,6,2,0.125,4.3,0
2026-07-11,night,S02,A,Saturday,0,2,2,0,6,2,0.125,4.3,0
2026-07-11,night,S03,A,Saturday,0,2,3,0,6,2,0.125,4.3,0
2026-07-11,night,S04,A,Saturday,0,2,1,0,6,2,0.125,4.3,0
2026-07-11,night,S05,A,Saturday,0,2,3,0,6,2,0.125,4.3,0
2026-07-11,night,S06,A,Saturday,0,2,2,0,6,2,0.125,4.3,0
2026-07-11,night,S07,B,Saturday,0,1,1,3,6,2,0.151,4.3,1
2026-07-11,night,S08,B,Saturday,0,2,2,3,6,2,0.151,4.3,0
2026-07-11,night,S09,B,Saturday,0,2,3,3,6,2,0.151,4.3,0
2026-07-11,night,S10,B,Saturday,0,1,3,3,6,2,0.151,4.3,0
2026-07-11,night,S11,B,Saturday,0,2,1,3,6,2,0.151,4.3,0
2026-07-11,night,S12,B,Saturday,0,1,1,3,6,2,0.151,4.3,1
2026-07-11,night,S13,C,Saturday,0,2,2,2,6,2,0.141,4.3,0
2026-07-11,night,S14,C,Saturday,0,2,3,2,6,2,0.141,4.3,1
2026-07-11,night,S15,C,Saturday,1,1,2,2,6,2,0.141,4.3,0
2026-07-11,night,S16,C,Saturday,0,2,2,2,6,2,0.141,4.3,0
2026-07-11,night,S17,C,Saturday,0,1,0,2,6,2,0.141,4.3,1
2026-07-11,night,S18,C,Saturday,1,2,0,2,6,2,0.141,4.3,0
2026-07-11,night,S19,D,Saturday,0,3,1,1,6,2,0.161,4.3,0
2026-07-11,night,S20,D,Saturday,0,3,2,1,6,2,0.161,4.3,0
2026-07-11,night,S21,D,Saturday,0,2,1,1,6,2,0.161,4.3,0
2026-07-11,night,S22,D,Saturday,0,3,1,1,6,2,0.161,4.3,0
2026-07-11,night,S23,D,Saturday,0,1,2,1,6,2,0.161,4.3,0
2026-07-11,night,S24,D,Saturday,0,2,1,1,6,2,0.161,4.3,0
2026-07-13,early,S01,A,Monday,0,2,0,1,2,2,0.104,4.9,0
2026-07-13,early,S02,A,Monday,0,1,2,1,2,2,0.104,4.9,1
2026-07-13,early,S03,A,Monday,0,2,2,1,2,2,0.104,4.9,0
2026-07-13,early,S04,A,Monday,0,2,1,1,2,2,0.104,4.9,0
2026-07-13,early,S05,A,Monday,0,2,2,1,2,2,0.104,4.9,0
2026-07-13,early,S06,A,Monday,0,2,1,1,2,2,0.104,4.9,0
2026-07-13,early,S07,B,Monday,0,1,3,1,2,2,0.099,4.9,0
2026-07-13,early,S08,B,Monday,0,2,2,1,2,2,0.099,4.9,0
2026-07-13,early,S09,B,Monday,0,2,2,1,2,2,0.099,4.9,0
2026-07-13,early,S10,B,Monday,0,2,2,1,2,2,0.099,4.9,0
2026-07-13,early,S11,B,Monday,0,3,1,1,2,2,0.099,4.9,0
2026-07-13,early,S12,B,Monday,0,2,1,1,2,2,0.099,4.9,0
2026-07-13,early,S13,C,Monday,0,2,2,0,2,2,0.115,4.9,1
2026-07-13,early,S14,C,Monday,0,2,1,0,2,2,0.115,4.9,0
2026-07-13,early,S15,C,Monday,1,3,2,0,2,2,0.115,4.9,0
2026-07-13,early,S16,C,Monday,0,2,1,0,2,2,0.115,4.9,0
2026-07-13,early,S17,C,Monday,0,2,1,0,2,2,0.115,4.9,0
2026-07-13,early,S18,C,Monday,1,2,3,0,2,2,0.115,4.9,0
2026-07-13,early,S19,D,Monday,0,2,3,0,2,2,0.135,4.9,0
2026-07-13,early,S20,D,Monday,0,3,2,0,2,2,0.135,4.9,0
2026-07-13,early,S21,D,Monday,0,2,1,0,2,2,0.135,4.9,0
2026-07-13,early,S22,D,Monday,0,2,2,0,2,2,0.135,4.9,0
2026-07-13,early,S23,D,Monday,0,2,1,0,2,2,0.135,4.9,0
2026-07-13,early,S24,D,Monday,0,2,2,0,2,2,0.135,4.9,0
2026-07-14,early,S01,A,Tuesday,0,2,0,1,2,2,0.109,4.9,0
2026-07-14,early,S02,A,Tuesday,0,1,2,1,2,2,0.109,4.9,0
2026-07-14,early,S03,A,Tuesday,0,2,2,1,2,2,0.109,4.9,0
2026-07-14,early,S04,A,Tuesday,0,2,1,1,2,2,0.109,4.9,0
2026-07-14,early,S05,A,Tuesday,0,2,2,1,2,2,0.109,4.9,0
2026-07-14,early,S06,A,Tuesday,0,2,1,1,2,2,0.109,4.9,0
2026-07-14,early,S07,B,Tuesday,0,1,3,1,2,2,0.099,4.9,0
2026-07-14,early,S08,B,Tuesday,0,2,2,1,2,2,0.099,4.9,0
2026-07-14,early,S09,B,Tuesday,0,2,2,1,2,2,0.099,4.9,0
2026-07-14,early,S10,B,Tuesday,0,2,2,1,2,2,0.099,4.9,0
2026-07-14,early,S11,B,Tuesday,0,3,1,1,2,2,0.099,4.9,0
2026-07-14,early,S12,B,Tuesday,0,2,1,1,2,2,0.099,4.9,0
2026-07-14,early,S13,C,Tuesday,0,2,2,0,2,2,0.125,4.9,0
2026-07-14,early,S14,C,Tuesday,0,2,1,0,2,2,0.125,4.9,0
2026-07-14,early,S15,C,Tuesday,1,3,2,0,2,2,0.125,4.9,0
2026-07-14,early,S16,C,Tuesday,0,2,1,0,2,2,0.125,4.9,0
2026-07-14,early,S17,C,Tuesday,0,2,1,0,2,2,0.125,4.9,1
2026-07-14,early,S18,C,Tuesday,1,2,3,0,2,2,0.125,4.9,0
2026-07-14,early,S19,D,Tuesday,0,2,3,0,2,2,0.141,4.9,0
2026-07-14,early,S20,D,Tuesday,0,3,2,0,2,2,0.141,4.9,0
2026-07-14,early,S21,D,Tuesday,0,2,1,0,2,2,0.141,4.9,0
2026-07-14,early,S22,D,Tuesday,0,2,2,0,2,2,0.141,4.9,0
2026-07-14,early,S23,D,Tuesday,0,2,1,0,2,2,0.141,4.9,0
2026-07-14,early,S24,D,Tuesday,0,2,2,0,2,2,0.141,4.9,0
2026-07-15,early,S01,A,Wednesday,0,2,0,1,2,2,0.104,4.9,0
2026-07-15,early,S02,A,Wednesday,0,1,2,1,2,2,0.104,4.9,0
2026-07-15,early,S03,A,Wednesday,0,2,2,1,2,2,0.104,4.9,1
2026-07-15,early,S04,A,Wednesday,0,2,1,1,2,2,0.104,4.9,0
2026-07-15,early,S05,A,Wednesday,0,2,2,1,2,2,0.104,4.9,0
2026-07-15,early,S06,A,Wednesday,0,2,1,1,2,2,0.104,4.9,0
2026-07-15,early,S07,B,Wednesday,0,1,3,1,2,2,0.12,4.9,0
2026-07-15,early,S08,B,Wednesday,0,2,2,1,2,2,0.12,4.9,0
2026-07-15,early,S09,B,Wednesday,0,2,2,1,2,2,0.12,4.9,0
2026-07-15,early,S10,B,Wednesday,0,2,2,1,2,2,0.12,4.9,0
2026-07-15,early,S11,B,Wednesday,0,3,1,1,2,2,0.12,4.9,0
2026-07-15,early,S12,B,Wednesday,0,2,1,1,2,2,0.12,4.9,0
2026-07-15,early,S13,C,Wednesday,0,2,2,0,2,2,0.13,4.9,0
2026-07-15,early,S14,C,Wednesday,0,2,1,0,2,2,0.13,4.9,0
2026-07-15,early,S15,C,Wednesday,1,3,2,0,2,2,0.13,4.9,0
2026-07-15,early,S16,C,Wednesday,0,2,1,0,2,2,0.13,4.9,0
2026-07-15,early,S17,C,Wednesday,0,2,1,0,2,2,0.13,4.9,1
2026-07-15,early,S18,C,Wednesday,1,2,3,0,2,2,0.13,4.9,0
2026-07-15,early,S19,D,Wednesday,0,2,3,0,2,2,0.13,4.9,0
2026-07-15,early,S20,D,Wednesday,0,3,2,0,2,2,0.13,4.9,0
2026-07-15,early,S21,D,Wednesday,0,2,1,0,2,2,0.13,4.9,0
2026-07-15,early,S22,D,Wednesday,0,2,2,0,2,2,0.13,4.9,0
2026-07-15,early,S23,D,Wednesday,0,2,1,0,2,2,0.13,4.9,0
2026-07-15,early,S24,D,Wednesday,0,2,2,0,2,2,0.13,4.9,0
2026-07-16,early,S01,A,Thursday,0,2,0,1,2,2,0.104,4.9,0
2026-07-16,early,S02,A,Thursday,0,1,2,1,2,2,0.104,4.9,0
2026-07-16,early,S03,A,Thursday,0,2,2,1,2,2,0.104,4.9,0
2026-07-16,early,S04,A,Thursday,0,2,1,1,2,2,0.104,4.9,0
2026-07-16,early,S05,A,Thursday,0,2,2,1,2,2,0.104,4.9,0
2026-07-16,early,S06,A,Thursday,0,2,1,1,2,2,0.104,4.9,0
2026-07-16,early,S07,B,Thursday,0,1,3,1,2,2,0.125,4.9,0
2026-07-16,early,S08,B,Thursday,0,2,2,1,2,2,0.125,4.9,0
2026-07-16,early,S09,B,Thursday,0,2,2,1,2,2,0.125,4.9,0
2026-07-16,early,S10,B,Thursday,0,2,2,1,2,2,0.125,4.9,0
2026-07-16,early,S11,B,Thursday,0,3,1,1,2,2,0.125,4.9,0
2026-07-16,early,S12,B,Thursday,0,2,1,1,2,2,0.125,4.9,0
2026-07-16,early,S13,C,Thursday,0,2,2,0,2,2,0.135,4.9,0
2026-07-16,early,S14,C,Thursday,0,2,1,0,2,2,0.135,4.9,0
2026-07-16,early,S15,C,Thursday,1,3,2,0,2,2,0.135,4.9,0
2026-07-16,early,S16,C,Thursday,0,2,1,0,2,2,0.135,4.9,0
2026-07-16,early,S17,C,Thursday,0,2,1,0,2,2,0.135,4.9,0
2026-07-16,early,S18,C,Thursday,1,2,3,0,2,2,0.135,4.9,0
2026-07-16,early,S19,D,Thursday,0,2,3,0,2,2,0.13,4.9,0
2026-07-16,early,S20,D,Thursday,0,3,2,0,2,2,0.13,4.9,0
2026-07-16,early,S21,D,Thursday,0,2,1,0,2,2,0.13,4.9,0
2026-07-16,early,S22,D,Thursday,0,2,2,0,2,2,0.13,4.9,0
2026-07-16,early,S23,D,Thursday,0,2,1,0,2,2,0.13,4.9,0
2026-07-16,early,S24,D,Thursday,0,2,2,0,2,2,0.13,4.9,0
2026-07-17,early,S01,A,Friday,0,2,0,1,2,2,0.099,4.9,0
2026-07-17,early,S02,A,Friday,0,1,2,1,2,2,0.099,4.9,0
2026-07-17,early,S03,A,Friday,0,2,2,1,2,2,0.099,4.9,0
2026-07-17,early,S04,A,Friday,0,2,1,1,2,2,0.099,4.9,0
2026-07-17,early,S05,A,Friday,0,2,2,1,2,2,0.099,4.9,0
2026-07-17,early,S06,A,Friday,0,2,1,1,2,2,0.099,4.9,0
2026-07-17,early,S07,B,Friday,0,1,3,1,2,2,0.125,4.9,0
2026-07-17,early,S08,B,Friday,0,2,2,1,2,2,0.125,4.9,0
2026-07-17,early,S09,B,Friday,0,2,2,1,2,2,0.125,4.9,0
2026-07-17,early,S10,B,Friday,0,2,2,1,2,2,0.125,4.9,0
2026-07-17,early,S11,B,Friday,0,3,1,1,2,2,0.125,4.9,0
2026-07-17,early,S12,B,Friday,0,2,1,1,2,2,0.125,4.9,0
2026-07-17,early,S13,C,Friday,0,2,2,0,2,2,0.146,4.9,0
2026-07-17,early,S14,C,Friday,0,2,1,0,2,2,0.146,4.9,0
2026-07-17,early,S15,C,Friday,1,3,2,0,2,2,0.146,4.9,0
2026-07-17,early,S16,C,Friday,0,2,1,0,2,2,0.146,4.9,0
2026-07-17,early,S17,C,Friday,0,2,1,0,2,2,0.146,4.9,0
2026-07-17,early,S18,C,Friday,1,2,3,0,2,2,0.146,4.9,0
2026-07-17,early,S19,D,Friday,0,2,3,0,2,2,0.125,4.9,0
2026-07-17,early,S20,D,Friday,0,3,2,0,2,2,0.125,4.9,0
2026-07-17,early,S21,D,Friday,0,2,1,0,2,2,0.125,4.9,0
2026-07-17,early,S22,D,Friday,0,2,2,0,2,2,0.125,4.9,0
2026-07-17,early,S23,D,Friday,0,2,1,0,2,2,0.125,4.9,0
2026-07-17,early,S24,D,Friday,0,2,2,0,2,2,0.125,4.9,0
2026-07-18,early,S01,A,Saturday,0,2,0,1,2,2,0.104,4.9,0
2026-07-18,early,S02,A,Saturday,0,1,2,1,2,2,0.104,4.9,1
2026-07-18,early,S03,A,Saturday,0,2,2,1,2,2,0.104,4.9,0
2026-07-18,early,S04,A,Saturday,0,2,1,1,2,2,0.104,4.9,0
2026-07-18,early,S05,A,Saturday,0,2,2,1,2,2,0.104,4.9,0
2026-07-18,early,S06,A,Saturday,0,2,1,1,2,2,0.104,4.9,0
2026-07-18,early,S07,B,Saturday,0,1,3,1,2,2,0.12,4.9,0
2026-07-18,early,S08,B,Saturday,0,2,2,1,2,2,0.12,4.9,0
2026-07-18,early,S09,B,Saturday,0,2,2,1,2,2,0.12,4.9,0
2026-07-18,early,S10,B,Saturday,0,2,2,1,2,2,0.12,4.9,0
2026-07-18,early,S11,B,Saturday,0,3,1,1,2,2,0.12,4.9,0
2026-07-18,early,S12,B,Saturday,0,2,1,1,2,2,0.12,4.9,0
2026-07-18,early,S13,C,Saturday,0,2,2,0,2,2,0.151,4.9,0
2026-07-18,early,S14,C,Saturday,0,2,1,0,2,2,0.151,4.9,1
2026-07-18,early,S15,C,Saturday,1,3,2,0,2,2,0.151,4.9,0
2026-07-18,early,S16,C,Saturday,0,2,1,0,2,2,0.151,4.9,0
2026-07-18,early,S17,C,Saturday,0,2,1,0,2,2,0.151,4.9,0
2026-07-18,early,S18,C,Saturday,1,2,3,0,2,2,0.151,4.9,0
2026-07-18,early,S19,D,Saturday,0,2,3,0,2,2,0.13,4.9,0
2026-07-18,early,S20,D,Saturday,0,3,2,0,2,2,0.13,4.9,0
2026-07-18,early,S21,D,Saturday,0,2,1,0,2,2,0.13,4.9,0
2026-07-18,early,S22,D,Saturday,0,2,2,0,2,2,0.13,4.9,0
2026-07-18,early,S23,D,Saturday,0,2,1,0,2,2,0.13,4.9,0
2026-07-18,early,S24,D,Saturday,0,2,2,0,2,2,0.13,4.9,0
2026-07-13,late,S01,A,Monday,0,1,2,2,4,2,0.104,4.8,1
2026-07-13,late,S02,A,Monday,0,2,2,2,4,2,0.104,4.8,0
2026-07-13,late,S03,A,Monday,0,2,3,2,4,2,0.104,4.8,0
2026-07-13,late,S04,A,Monday,0,3,1,2,4,2,0.104,4.8,0
2026-07-13,late,S05,A,Monday,0,3,3,2,4,2,0.104,4.8,0
2026-07-13,late,S06,A,Monday,0,1,0,2,4,2,0.104,4.8,1
2026-07-13,late,S07,B,Monday,0,3,2,0,4,2,0.151,4.8,0
2026-07-13,late,S08,B,Monday,0,2,1,0,4,2,0.151,4.8,0
2026-07-13,late,S09,B,Monday,0,3,1,0,4,2,0.151,4.8,0
2026-07-13,late,S10,B,Monday,0,2,1,0,4,2,0.151,4.8,0
2026-07-13,late,S11,B,Monday,0,2,2,0,4,2,0.151,4.8,0
2026-07-13,late,S12,B,Monday,0,2,1,0,4,2,0.151,4.8,0
2026-07-13,late,S13,C,Monday,0,2,1,1,4,2,0.146,4.8,0
2026-07-13,late,S14,C,Monday,0,2,2,1,4,2,0.146,4.8,0
2026-07-13,late,S15,C,Monday,1,2,2,1,4,2,0.146,4.8,0
2026-07-13,late,S16,C,Monday,0,1,2,1,4,2,0.146,4.8,0
2026-07-13,late,S17,C,Monday,0,2,2,1,4,2,0.146,4.8,0
2026-07-13,late,S18,C,Monday,1,2,0,1,4,2,0.146,4.8,1
2026-07-13,late,S19,D,Monday,0,2,1,1,4,2,0.12,4.8,0
2026-07-13,late,S20,D,Monday,0,2,2,1,4,2,0.12,4.8,0
2026-07-13,late,S21,D,Monday,0,2,2,1,4,2,0.12,4.8,0
2026-07-13,late,S22,D,Monday,0,3,2,1,4,2,0.12,4.8,0
2026-07-13,late,S23,D,Monday,0,2,2,1,4,2,0.12,4.8,0
2026-07-13,late,S24,D,Monday,0,1,3,1,4,2,0.12,4.8,0
2026-07-14,late,S01,A,Tuesday,0,1,2,2,4,2,0.109,4.8,1
2026-07-14,late,S02,A,Tuesday,0,2,2,2,4,2,0.109,4.8,0
2026-07-14,late,S03,A,Tuesday,0,2,3,2,4,2,0.109,4.8,0
2026-07-14,late,S04,A,Tuesday,0,3,1,2,4,2,0.109,4.8,0
2026-07-14,late,S05,A,Tuesday,0,3,3,2,4,2,0.109,4.8,0
2026-07-14,late,S06,A,Tuesday,0,1,0,2,4,2,0.109,4.8,1
2026-07-14,late,S07,B,Tuesday,0,3,2,0,4,2,0.146,4.8,0
2026-07-14,late,S08,B,Tuesday,0,2,1,0,4,2,0.146,4.8,0
2026-07-14,late,S09,B,Tuesday,0,3,1,0,4,2,0.146,4.8,0
2026-07-14,late,S10,B,Tuesday,0,2,1,0,4,2,0.146,4.8,0
2026-07-14,late,S11,B,Tuesday,0,2,2,0,4,2,0.146,4.8,0
2026-07-14,late,S12,B,Tuesday,0,2,1,0,4,2,0.146,4.8,0
2026-07-14,late,S13,C,Tuesday,0,2,1,1,4,2,0.141,4.8,0
2026-07-14,late,S14,C,Tuesday,0,2,2,1,4,2,0.141,4.8,0
2026-07-14,late,S15,C,Tuesday,1,2,2,1,4,2,0.141,4.8,0
2026-07-14,late,S16,C,Tuesday,0,1,2,1,4,2,0.141,4.8,0
2026-07-14,late,S17,C,Tuesday,0,2,2,1,4,2,0.141,4.8,0
2026-07-14,late,S18,C,Tuesday,1,2,0,1,4,2,0.141,4.8,0
2026-07-14,late,S19,D,Tuesday,0,2,1,1,4,2,0.125,4.8,0
2026-07-14,late,S20,D,Tuesday,0,2,2,1,4,2,0.125,4.8,0
2026-07-14,late,S21,D,Tuesday,0,2,2,1,4,2,0.125,4.8,0
2026-07-14,late,S22,D,Tuesday,0,3,2,1,4,2,0.125,4.8,0
2026-07-14,late,S23,D,Tuesday,0,2,2,1,4,2,0.125,4.8,0
2026-07-14,late,S24,D,Tuesday,0,1,3,1,4,2,0.125,4.8,0
2026-07-15,late,S01,A,Wednesday,0,1,2,2,4,2,0.12,4.8,1
2026-07-15,late,S02,A,Wednesday,0,2,2,2,4,2,0.12,4.8,0
2026-07-15,late,S03,A,Wednesday,0,2,3,2,4,2,0.12,4.8,0
2026-07-15,late,S04,A,Wednesday,0,3,1,2,4,2,0.12,4.8,0
2026-07-15,late,S05,A,Wednesday,0,3,3,2,4,2,0.12,4.8,0
2026-07-15,late,S06,A,Wednesday,0,1,0,2,4,2,0.12,4.8,1
2026-07-15,late,S07,B,Wednesday,0,3,2,0,4,2,0.141,4.8,0
2026-07-15,late,S08,B,Wednesday,0,2,1,0,4,2,0.141,4.8,0
2026-07-15,late,S09,B,Wednesday,0,3,1,0,4,2,0.141,4.8,0
2026-07-15,late,S10,B,Wednesday,0,2,1,0,4,2,0.141,4.8,0
2026-07-15,late,S11,B,Wednesday,0,2,2,0,4,2,0.141,4.8,0
2026-07-15,late,S12,B,Wednesday,0,2,1,0,4,2,0.141,4.8,0
2026-07-15,late,S13,C,Wednesday,0,2,1,1,4,2,0.146,4.8,0
2026-07-15,late,S14,C,Wednesday,0,2,2,1,4,2,0.146,4.8,0
2026-07-15,late,S15,C,Wednesday,1,2,2,1,4,2,0.146,4.8,0
2026-07-15,late,S16,C,Wednesday,0,1,2,1,4,2,0.146,4.8,0
2026-07-15,late,S17,C,Wednesday,0,2,2,1,4,2,0.146,4.8,0
2026-07-15,late,S18,C,Wednesday,1,2,0,1,4,2,0.146,4.8,0
2026-07-15,late,S19,D,Wednesday,0,2,1,1,4,2,0.125,4.8,0
2026-07-15,late,S20,D,Wednesday,0,2,2,1,4,2,0.125,4.8,0
2026-07-15,late,S21,D,Wednesday,0,2,2,1,4,2,0.125,4.8,0
2026-07-15,late,S22,D,Wednesday,0,3,2,1,4,2,0.125,4.8,0
2026-07-15,late,S23,D,Wednesday,0,2,2,1,4,2,0.125,4.8,0
2026-07-15,late,S24,D,Wednesday,0,1,3,1,4,2,0.125,4.8,0
2026-07-16,late,S01,A,Thursday,0,1,2,2,4,2,0.12,4.8,0
2026-07-16,late,S02,A,Thursday,0,2,2,2,4,2,0.12,4.8,0
2026-07-16,late,S03,A,Thursday,0,2,3,2,4,2,0.12,4.8,0
2026-07-16,late,S04,A,Thursday,0,3,1,2,4,2,0.12,4.8,0
2026-07-16,late,S05,A,Thursday,0,3,3,2,4,2,0.12,4.8,0
2026-07-16,late,S06,A,Thursday,0,1,0,2,4,2,0.12,4.8,1
2026-07-16,late,S07,B,Thursday,0,3,2,0,4,2,0.146,4.8,0
2026-07-16,late,S08,B,Thursday,0,2,1,0,4,2,0.146,4.8,0
2026-07-16,late,S09,B,Thursday,0,3,1,0,4,2,0.146,4.8,0
2026-07-16,late,S10,B,Thursday,0,2,1,0,4,2,0.146,4.8,0
2026-07-16,late,S11,B,Thursday,0,2,2,0,4,2,0.146,4.8,0
2026-07-16,late,S12,B,Thursday,0,2,1,0,4,2,0.146,4.8,0
2026-07-16,late,S13,C,Thursday,0,2,1,1,4,2,0.135,4.8,0
2026-07-16,late,S14,C,Thursday,0,2,2,1,4,2,0.135,4.8,0
2026-07-16,late,S15,C,Thursday,1,2,2,1,4,2,0.135,4.8,0
2026-07-16,late,S16,C,Thursday,0,1,2,1,4,2,0.135,4.8,0
2026-07-16,late,S17,C,Thursday,0,2,2,1,4,2,0.135,4.8,0
2026-07-16,late,S18,C,Thursday,1,2,0,1,4,2,0.135,4.8,0
2026-07-16,late,S19,D,Thursday,0,2,1,1,4,2,0.125,4.8,0
2026-07-16,late,S20,D,Thursday,0,2,2,1,4,2,0.125,4.8,0
2026-07-16,late,S21,D,Thursday,0,2,2,1,4,2,0.125,4.8,0
2026-07-16,late,S22,D,Thursday,0,3,2,1,4,2,0.125,4.8,0
2026-07-16,late,S23,D,Thursday,0,2,2,1,4,2,0.125,4.8,0
2026-07-16,late,S24,D,Thursday,0,1,3,1,4,2,0.125,4.8,1
2026-07-17,late,S01,A,Friday,0,1,2,2,4,2,0.125,4.8,0
2026-07-17,late,S02,A,Friday,0,2,2,2,4,2,0.125,4.8,0
2026-07-17,late,S03,A,Friday,0,2,3,2,4,2,0.125,4.8,0
2026-07-17,late,S04,A,Friday,0,3,1,2,4,2,0.125,4.8,0
2026-07-17,late,S05,A,Friday,0,3,3,2,4,2,0.125,4.8,0
2026-07-17,late,S06,A,Friday,0,1,0,2,4,2,0.125,4.8,1
2026-07-17,late,S07,B,Friday,0,3,2,0,4,2,0.156,4.8,0
2026-07-17,late,S08,B,Friday,0,2,1,0,4,2,0.156,4.8,0
2026-07-17,late,S09,B,Friday,0,3,1,0,4,2,0.156,4.8,0
2026-07-17,late,S10,B,Friday,0,2,1,0,4,2,0.156,4.8,0
2026-07-17,late,S11,B,Friday,0,2,2,0,4,2,0.156,4.8,0
2026-07-17,late,S12,B,Friday,0,2,1,0,4,2,0.156,4.8,0
2026-07-17,late,S13,C,Friday,0,2,1,1,4,2,0.135,4.8,0
2026-07-17,late,S14,C,Friday,0,2,2,1,4,2,0.135,4.8,0
2026-07-17,late,S15,C,Friday,1,2,2,1,4,2,0.135,4.8,0
2026-07-17,late,S16,C,Friday,0,1,2,1,4,2,0.135,4.8,0
2026-07-17,late,S17,C,Friday,0,2,2,1,4,2,0.135,4.8,0
2026-07-17,late,S18,C,Friday,1,2,0,1,4,2,0.135,4.8,0
2026-07-17,late,S19,D,Friday,0,2,1,1,4,2,0.125,4.8,0
2026-07-17,late,S20,D,Friday,0,2,2,1,4,2,0.125,4.8,0
2026-07-17,late,S21,D,Friday,0,2,2,1,4,2,0.125,4.8,0
2026-07-17,late,S22,D,Friday,0,3,2,1,4,2,0.125,4.8,0
2026-07-17,late,S23,D,Friday,0,2,2,1,4,2,0.125,4.8,0
2026-07-17,late,S24,D,Friday,0,1,3,1,4,2,0.125,4.8,0
2026-07-18,late,S01,A,Saturday,0,1,2,2,4,2,0.125,4.8,0
2026-07-18,late,S02,A,Saturday,0,2,2,2,4,2,0.125,4.8,0
2026-07-18,late,S03,A,Saturday,0,2,3,2,4,2,0.125,4.8,0
2026-07-18,late,S04,A,Saturday,0,3,1,2,4,2,0.125,4.8,0
2026-07-18,late,S05,A,Saturday,0,3,3,2,4,2,0.125,4.8,0
2026-07-18,late,S06,A,Saturday,0,1,0,2,4,2,0.125,4.8,1
2026-07-18,late,S07,B,Saturday,0,3,2,0,4,2,0.156,4.8,0
2026-07-18,late,S08,B,Saturday,0,2,1,0,4,2,0.156,4.8,0
2026-07-18,late,S09,B,Saturday,0,3,1,0,4,2,0.156,4.8,0
2026-07-18,late,S10,B,Saturday,0,2,1,0,4,2,0.156,4.8,0
2026-07-18,late,S11,B,Saturday,0,2,2,0,4,2,0.156,4.8,0
2026-07-18,late,S12,B,Saturday,0,2,1,0,4,2,0.156,4.8,0
2026-07-18,late,S13,C,Saturday,0,2,1,1,4,2,0.146,4.8,0
2026-07-18,late,S14,C,Saturday,0,2,2,1,4,2,0.146,4.8,0
2026-07-18,late,S15,C,Saturday,1,2,2,1,4,2,0.146,4.8,0
2026-07-18,late,S16,C,Saturday,0,1,2,1,4,2,0.146,4.8,1
2026-07-18,late,S17,C,Saturday,0,2,2,1,4,2,0.146,4.8,0
2026-07-18,late,S18,C,Saturday,1,2,0,1,4,2,0.146,4.8,1
2026-07-18,late,S19,D,Saturday,0,2,1,1,4,2,0.13,4.8,0
2026-07-18,late,S20,D,Saturday,0,2,2,1,4,2,0.13,4.8,0
2026-07-18,late,S21,D,Saturday,0,2,2,1,4,2,0.13,4.8,0
2026-07-18,late,S22,D,Saturday,0,3,2,1,4,2,0.13,4.8,0
2026-07-18,late,S23,D,Saturday,0,2,2,1,4,2,0.13,4.8,0
2026-07-18,late,S24,D,Saturday,0,1,3,1,4,2,0.13,4.8,1
2026-07-13,night,S01,A,Monday,0,3,1,1,5,2,0.115,4.3,0
2026-07-13,night,S02,A,Monday,0,2,2,1,5,2,0.115,4.3,0
2026-07-13,night,S03,A,Monday,0,2,3,1,5,2,0.115,4.3,0
2026-07-13,night,S04,A,Monday,0,2,1,1,5,2,0.115,4.3,0
2026-07-13,night,S05,A,Monday,0,2,3,1,5,2,0.115,4.3,0
2026-07-13,night,S06,A,Monday,0,1,2,1,5,2,0.115,4.3,0
2026-07-13,night,S07,B,Monday,0,1,1,2,5,2,0.146,4.3,1
2026-07-13,night,S08,B,Monday,0,2,2,2,5,2,0.146,4.3,0
2026-07-13,night,S09,B,Monday,0,2,3,2,5,2,0.146,4.3,0
2026-07-13,night,S10,B,Monday,0,1,3,2,5,2,0.146,4.3,1
2026-07-13,night,S11,B,Monday,0,2,1,2,5,2,0.146,4.3,0
2026-07-13,night,S12,B,Monday,0,2,1,2,5,2,0.146,4.3,0
2026-07-13,night,S13,C,Monday,0,2,2,1,5,2,0.141,4.3,0
2026-07-13,night,S14,C,Monday,0,2,3,1,5,2,0.141,4.3,0
2026-07-13,night,S15,C,Monday,1,2,2,1,5,2,0.141,4.3,0
2026-07-13,night,S16,C,Monday,0,2,2,1,5,2,0.141,4.3,0
2026-07-13,night,S17,C,Monday,0,1,0,1,5,2,0.141,4.3,1
2026-07-13,night,S18,C,Monday,1,2,0,1,5,2,0.141,4.3,0
2026-07-13,night,S19,D,Monday,0,3,1,1,5,2,0.156,4.3,0
2026-07-13,night,S20,D,Monday,0,3,2,1,5,2,0.156,4.3,0
2026-07-13,night,S21,D,Monday,0,2,1,1,5,2,0.156,4.3,0
2026-07-13,night,S22,D,Monday,0,3,1,1,5,2,0.156,4.3,0
2026-07-13,night,S23,D,Monday,0,1,2,1,5,2,0.156,4.3,0
2026-07-13,night,S24,D,Monday,0,2,1,1,5,2,0.156,4.3,0
2026-07-14,night,S01,A,Tuesday,0,3,1,1,5,2,0.12,4.3,0
2026-07-14,night,S02,A,Tuesday,0,2,2,1,5,2,0.12,4.3,0
2026-07-14,night,S03,A,Tuesday,0,2,3,1,5,2,0.12,4.3,0
2026-07-14,night,S04,A,Tuesday,0,2,1,1,5,2,0.12,4.3,0
2026-07-14,night,S05,A,Tuesday,0,2,3,1,5,2,0.12,4.3,0
2026-07-14,night,S06,A,Tuesday,0,1,2,1,5,2,0.12,4.3,0
2026-07-14,night,S07,B,Tuesday,0,1,1,2,5,2,0.151,4.3,1
2026-07-14,night,S08,B,Tuesday,0,2,2,2,5,2,0.151,4.3,0
2026-07-14,night,S09,B,Tuesday,0,2,3,2,5,2,0.151,4.3,0
2026-07-14,night,S10,B,Tuesday,0,1,3,2,5,2,0.151,4.3,0
2026-07-14,night,S11,B,Tuesday,0,2,1,2,5,2,0.151,4.3,1
2026-07-14,night,S12,B,Tuesday,0,2,1,2,5,2,0.151,4.3,0
2026-07-14,night,S13,C,Tuesday,0,2,2,1,5,2,0.135,4.3,0
2026-07-14,night,S14,C,Tuesday,0,2,3,1,5,2,0.135,4.3,0
2026-07-14,night,S15,C,Tuesday,1,2,2,1,5,2,0.135,4.3,0
2026-07-14,night,S16,C,Tuesday,0,2,2,1,5,2,0.135,4.3,0
2026-07-14,night,S17,C,Tuesday,0,1,0,1,5,2,0.135,4.3,1
2026-07-14,night,S18,C,Tuesday,1,2,0,1,5,2,0.135,4.3,1
2026-07-14,night,S19,D,Tuesday,0,3,1,1,5,2,0.167,4.3,0
2026-07-14,night,S20,D,Tuesday,0,3,2,1,5,2,0.167,4.3,0
2026-07-14,night,S21,D,Tuesday,0,2,1,1,5,2,0.167,4.3,0
2026-07-14,night,S22,D,Tuesday,0,3,1,1,5,2,0.167,4.3,0
2026-07-14,night,S23,D,Tuesday,0,1,2,1,5,2,0.167,4.3,0
2026-07-14,night,S24,D,Tuesday,0,2,1,1,5,2,0.167,4.3,0
2026-07-15,night,S01,A,Wednesday,0,3,1,1,5,2,0.12,4.3,0
2026-07-15,night,S02,A,Wednesday,0,2,2,1,5,2,0.12,4.3,0
2026-07-15,night,S03,A,Wednesday,0,2,3,1,5,2,0.12,4.3,0
2026-07-15,night,S04,A,Wednesday,0,2,1,1,5,2,0.12,4.3,0
2026-07-15,night,S05,A,Wednesday,0,2,3,1,5,2,0.12,4.3,0
2026-07-15,night,S06,A,Wednesday,0,1,2,1,5,2,0.12,4.3,0
2026-07-15,night,S07,B,Wednesday,0,1,1,2,5,2,0.151,4.3,1
2026-07-15,night,S08,B,Wednesday,0,2,2,2,5,2,0.151,4.3,0
2026-07-15,night,S09,B,Wednesday,0,2,3,2,5,2,0.151,4.3,0
2026-07-15,night,S10,B,Wednesday,0,1,3,2,5,2,0.151,4.3,0
2026-07-15,night,S11,B,Wednesday,0,2,1,2,5,2,0.151,4.3,0
2026-07-15,night,S12,B,Wednesday,0,2,1,2,5,2,0.151,4.3,0
2026-07-15,night,S13,C,Wednesday,0,2,2,1,5,2,0.146,4.3,0
2026-07-15,night,S14,C,Wednesday,0,2,3,1,5,2,0.146,4.3,0
2026-07-15,night,S15,C,Wednesday,1,2,2,1,5,2,0.146,4.3,0
2026-07-15,night,S16,C,Wednesday,0,2,2,1,5,2,0.146,4.3,0
2026-07-15,night,S17,C,Wednesday,0,1,0,1,5,2,0.146,4.3,1
2026-07-15,night,S18,C,Wednesday,1,2,0,1,5,2,0.146,4.3,0
2026-07-15,night,S19,D,Wednesday,0,3,1,1,5,2,0.151,4.3,0
2026-07-15,night,S20,D,Wednesday,0,3,2,1,5,2,0.151,4.3,0
2026-07-15,night,S21,D,Wednesday,0,2,1,1,5,2,0.151,4.3,0
2026-07-15,night,S22,D,Wednesday,0,3,1,1,5,2,0.151,4.3,0
2026-07-15,night,S23,D,Wednesday,0,1,2,1,5,2,0.151,4.3,1
2026-07-15,night,S24,D,Wednesday,0,2,1,1,5,2,0.151,4.3,0
2026-07-16,night,S01,A,Thursday,0,3,1,1,5,2,0.125,4.3,0
2026-07-16,night,S02,A,Thursday,0,2,2,1,5,2,0.125,4.3,0
2026-07-16,night,S03,A,Thursday,0,2,3,1,5,2,0.125,4.3,0
2026-07-16,night,S04,A,Thursday,0,2,1,1,5,2,0.125,4.3,0
2026-07-16,night,S05,A,Thursday,0,2,3,1,5,2,0.125,4.3,0
2026-07-16,night,S06,A,Thursday,0,1,2,1,5,2,0.125,4.3,0
2026-07-16,night,S07,B,Thursday,0,1,1,2,5,2,0.151,4.3,1
2026-07-16,night,S08,B,Thursday,0,2,2,2,5,2,0.151,4.3,0
2026-07-16,night,S09,B,Thursday,0,2,3,2,5,2,0.151,4.3,0
2026-07-16,night,S10,B,Thursday,0,1,3,2,5,2,0.151,4.3,0
2026-07-16,night,S11,B,Thursday,0,2,1,2,5,2,0.151,4.3,0
2026-07-16,night,S12,B,Thursday,0,2,1,2,5,2,0.151,4.3,0
2026-07-16,night,S13,C,Thursday,0,2,2,1,5,2,0.146,4.3,0
2026-07-16,night,S14,C,Thursday,0,2,3,1,5,2,0.146,4.3,0
2026-07-16,night,S15,C,Thursday,1,2,2,1,5,2,0.146,4.3,0
2026-07-16,night,S16,C,Thursday,0,2,2,1,5,2,0.146,4.3,0
2026-07-16,night,S17,C,Thursday,0,1,0,1,5,2,0.146,4.3,1
2026-07-16,night,S18,C,Thursday,1,2,0,1,5,2,0.146,4.3,0
2026-07-16,night,S19,D,Thursday,0,3,1,1,5,2,0.141,4.3,1
2026-07-16,night,S20,D,Thursday,0,3,2,1,5,2,0.141,4.3,0
2026-07-16,night,S21,D,Thursday,0,2,1,1,5,2,0.141,4.3,0
2026-07-16,night,S22,D,Thursday,0,3,1,1,5,2,0.141,4.3,1
2026-07-16,night,S23,D,Thursday,0,1,2,1,5,2,0.141,4.3,0
2026-07-16,night,S24,D,Thursday,0,2,1,1,5,2,0.141,4.3,0
2026-07-17,night,S01,A,Friday,0,3,1,1,5,2,0.115,4.3,0
2026-07-17,night,S02,A,Friday,0,2,2,1,5,2,0.115,4.3,0
2026-07-17,night,S03,A,Friday,0,2,3,1,5,2,0.115,4.3,0
2026-07-17,night,S04,A,Friday,0,2,1,1,5,2,0.115,4.3,0
2026-07-17,night,S05,A,Friday,0,2,3,1,5,2,0.115,4.3,0
2026-07-17,night,S06,A,Friday,0,1,2,1,5,2,0.115,4.3,0
2026-07-17,night,S07,B,Friday,0,1,1,2,5,2,0.156,4.3,0
2026-07-17,night,S08,B,Friday,0,2,2,2,5,2,0.156,4.3,0
2026-07-17,night,S09,B,Friday,0,2,3,2,5,2,0.156,4.3,0
2026-07-17,night,S10,B,Friday,0,1,3,2,5,2,0.156,4.3,0
2026-07-17,night,S11,B,Friday,0,2,1,2,5,2,0.156,4.3,0
2026-07-17,night,S12,B,Friday,0,2,1,2,5,2,0.156,4.3,0
2026-07-17,night,S13,C,Friday,0,2,2,1,5,2,0.156,4.3,0
2026-07-17,night,S14,C,Friday,0,2,3,1,5,2,0.156,4.3,0
2026-07-17,night,S15,C,Friday,1,2,2,1,5,2,0.156,4.3,0
2026-07-17,night,S16,C,Friday,0,2,2,1,5,2,0.156,4.3,0
2026-07-17,night,S17,C,Friday,0,1,0,1,5,2,0.156,4.3,1
2026-07-17,night,S18,C,Friday,1,2,0,1,5,2,0.156,4.3,0
2026-07-17,night,S19,D,Friday,0,3,1,1,5,2,0.151,4.3,0
2026-07-17,night,S20,D,Friday,0,3,2,1,5,2,0.151,4.3,0
2026-07-17,night,S21,D,Friday,0,2,1,1,5,2,0.151,4.3,0
2026-07-17,night,S22,D,Friday,0,3,1,1,5,2,0.151,4.3,1
2026-07-17,night,S23,D,Friday,0,1,2,1,5,2,0.151,4.3,0
2026-07-17,night,S24,D,Friday,0,2,1,1,5,2,0.151,4.3,0
2026-07-18,night,S01,A,Saturday,0,3,1,1,5,2,0.125,4.3,0
2026-07-18,night,S02,A,Saturday,0,2,2,1,5,2,0.125,4.3,0
2026-07-18,night,S03,A,Saturday,0,2,3,1,5,2,0.125,4.3,0
2026-07-18,night,S04,A,Saturday,0,2,1,1,5,2,0.125,4.3,0
2026-07-18,night,S05,A,Saturday,0,2,3,1,5,2,0.125,4.3,0
2026-07-18,night,S06,A,Saturday,0,1,2,1,5,2,0.125,4.3,1
2026-07-18,night,S07,B,Saturday,0,1,1,2,5,2,0.151,4.3,1
2026-07-18,night,S08,B,Saturday,0,2,2,2,5,2,0.151,4.3,1
2026-07-18,night,S09,B,Saturday,0,2,3,2,5,2,0.151,4.3,0
2026-07-18,night,S10,B,Saturday,0,1,3,2,5,2,0.151,4.3,0
2026-07-18,night,S11,B,Saturday,0,2,1,2,5,2,0.151,4.3,0
2026-07-18,night,S12,B,Saturday,0,2,1,2,5,2,0.151,4.3,0
2026-07-18,night,S13,C,Saturday,0,2,2,1,5,2,0.146,4.3,0
2026-07-18,night,S14,C,Saturday,0,2,3,1,5,2,0.146,4.3,1
2026-07-18,night,S15,C,Saturday,1,2,2,1,5,2,0.146,4.3,0
2026-07-18,night,S16,C,Saturday,0,2,2,1,5,2,0.146,4.3,0
2026-07-18,night,S17,C,Saturday,0,1,0,1,5,2,0.146,4.3,1
2026-07-18,night,S18,C,Saturday,1,2,0,1,5,2,0.146,4.3,0
2026-07-18,night,S19,D,Saturday,0,3,1,1,5,2,0.161,4.3,0
2026-07-18,night,S20,D,Saturday,0,3,2,1,5,2,0.161,4.3,1
2026-07-18,night,S21,D,Saturday,0,2,1,1,5,2,0.161,4.3,0
2026-07-18,night,S22,D,Saturday,0,3,1,1,5,2,0.161,4.3,0
2026-07-18,night,S23,D,Saturday,0,1,2,1,5,2,0.161,4.3,0
2026-07-18,night,S24,D,Saturday,0,2,1,1,5,2,0.161,4.3,0
2026-07-20,early,S01,A,Monday,0,1,0,2,4,2,0.115,4.1,1
2026-07-20,early,S02,A,Monday,0,1,2,2,4,2,0.115,4.1,0
2026-07-20,early,S03,A,Monday,0,2,2,2,4,2,0.115,4.1,0
2026-07-20,early,S04,A,Monday,0,2,1,2,4,2,0.115,4.1,0
2026-07-20,early,S05,A,Monday,0,2,2,2,4,2,0.115,4.1,0
2026-07-20,early,S06,A,Monday,0,2,1,2,4,2,0.115,4.1,0
2026-07-20,early,S07,B,Monday,0,1,3,2,4,2,0.12,4.1,0
2026-07-20,early,S08,B,Monday,0,2,2,2,4,2,0.12,4.1,0
2026-07-20,early,S09,B,Monday,0,2,2,2,4,2,0.12,4.1,0
2026-07-20,early,S10,B,Monday,0,2,2,2,4,2,0.12,4.1,0
2026-07-20,early,S11,B,Monday,0,3,1,2,4,2,0.12,4.1,0
2026-07-20,early,S12,B,Monday,0,1,1,2,4,2,0.12,4.1,0
2026-07-20,early,S13,C,Monday,0,2,2,0,4,2,0.161,4.1,0
2026-07-20,early,S14,C,Monday,0,2,1,0,4,2,0.161,4.1,0
2026-07-20,early,S15,C,Monday,1,3,2,0,4,2,0.161,4.1,0
2026-07-20,early,S16,C,Monday,0,2,1,0,4,2,0.161,4.1,0
2026-07-20,early,S17,C,Monday,0,2,1,0,4,2,0.161,4.1,1
2026-07-20,early,S18,C,Monday,1,2,3,0,4,2,0.161,4.1,0
2026-07-20,early,S19,D,Monday,0,2,3,0,4,2,0.12,4.1,0
2026-07-20,early,S20,D,Monday,0,3,2,0,4,2,0.12,4.1,0
2026-07-20,early,S21,D,Monday,0,2,1,0,4,2,0.12,4.1,0
2026-07-20,early,S22,D,Monday,0,2,2,0,4,2,0.12,4.1,0
2026-07-20,early,S23,D,Monday,0,2,1,0,4,2,0.12,4.1,0
2026-07-20,early,S24,D,Monday,0,2,2,0,4,2,0.12,4.1,0
2026-07-21,early,S01,A,Tuesday,0,1,0,2,4,2,0.12,4.1,1
2026-07-21,early,S02,A,Tuesday,0,1,2,2,4,2,0.12,4.1,0
2026-07-21,early,S03,A,Tuesday,0,2,2,2,4,2,0.12,4.1,0
2026-07-21,early,S04,A,Tuesday,0,2,1,2,4,2,0.12,4.1,0
2026-07-21,early,S05,A,Tuesday,0,2,2,2,4,2,0.12,4.1,0
2026-07-21,early,S06,A,Tuesday,0,2,1,2,4,2,0.12,4.1,0
2026-07-21,early,S07,B,Tuesday,0,1,3,2,4,2,0.115,4.1,0
2026-07-21,early,S08,B,Tuesday,0,2,2,2,4,2,0.115,4.1,0
2026-07-21,early,S09,B,Tuesday,0,2,2,2,4,2,0.115,4.1,0
2026-07-21,early,S10,B,Tuesday,0,2,2,2,4,2,0.115,4.1,0
2026-07-21,early,S11,B,Tuesday,0,3,1,2,4,2,0.115,4.1,0
2026-07-21,early,S12,B,Tuesday,0,1,1,2,4,2,0.115,4.1,1
2026-07-21,early,S13,C,Tuesday,0,2,2,0,4,2,0.167,4.1,0
2026-07-21,early,S14,C,Tuesday,0,2,1,0,4,2,0.167,4.1,0
2026-07-21,early,S15,C,Tuesday,1,3,2,0,4,2,0.167,4.1,0
2026-07-21,early,S16,C,Tuesday,0,2,1,0,4,2,0.167,4.1,0
2026-07-21,early,S17,C,Tuesday,0,2,1,0,4,2,0.167,4.1,0
2026-07-21,early,S18,C,Tuesday,1,2,3,0,4,2,0.167,4.1,0
2026-07-21,early,S19,D,Tuesday,0,2,3,0,4,2,0.109,4.1,0
2026-07-21,early,S20,D,Tuesday,0,3,2,0,4,2,0.109,4.1,0
2026-07-21,early,S21,D,Tuesday,0,2,1,0,4,2,0.109,4.1,0
2026-07-21,early,S22,D,Tuesday,0,2,2,0,4,2,0.109,4.1,0
2026-07-21,early,S23,D,Tuesday,0,2,1,0,4,2,0.109,4.1,0
2026-07-21,early,S24,D,Tuesday,0,2,2,0,4,2,0.109,4.1,0
2026-07-22,early,S01,A,Wednesday,0,1,0,2,4,2,0.125,4.1,1
2026-07-22,early,S02,A,Wednesday,0,1,2,2,4,2,0.125,4.1,0
2026-07-22,early,S03,A,Wednesday,0,2,2,2,4,2,0.125,4.1,0
2026-07-22,early,S04,A,Wednesday,0,2,1,2,4,2,0.125,4.1,0
2026-07-22,early,S05,A,Wednesday,0,2,2,2,4,2,0.125,4.1,0
2026-07-22,early,S06,A,Wednesday,0,2,1,2,4,2,0.125,4.1,0
2026-07-22,early,S07,B,Wednesday,0,1,3,2,4,2,0.109,4.1,0
2026-07-22,early,S08,B,Wednesday,0,2,2,2,4,2,0.109,4.1,0
2026-07-22,early,S09,B,Wednesday,0,2,2,2,4,2,0.109,4.1,0
2026-07-22,early,S10,B,Wednesday,0,2,2,2,4,2,0.109,4.1,0
2026-07-22,early,S11,B,Wednesday,0,3,1,2,4,2,0.109,4.1,0
2026-07-22,early,S12,B,Wednesday,0,1,1,2,4,2,0.109,4.1,0
2026-07-22,early,S13,C,Wednesday,0,2,2,0,4,2,0.172,4.1,0
2026-07-22,early,S14,C,Wednesday,0,2,1,0,4,2,0.172,4.1,0
2026-07-22,early,S15,C,Wednesday,1,3,2,0,4,2,0.172,4.1,0
2026-07-22,early,S16,C,Wednesday,0,2,1,0,4,2,0.172,4.1,0
2026-07-22,early,S17,C,Wednesday,0,2,1,0,4,2,0.172,4.1,0
2026-07-22,early,S18,C,Wednesday,1,2,3,0,4,2,0.172,4.1,0
2026-07-22,early,S19,D,Wednesday,0,2,3,0,4,2,0.109,4.1,0
2026-07-22,early,S20,D,Wednesday,0,3,2,0,4,2,0.109,4.1,0
2026-07-22,early,S21,D,Wednesday,0,2,1,0,4,2,0.109,4.1,0
2026-07-22,early,S22,D,Wednesday,0,2,2,0,4,2,0.109,4.1,0
2026-07-22,early,S23,D,Wednesday,0,2,1,0,4,2,0.109,4.1,0
2026-07-22,early,S24,D,Wednesday,0,2,2,0,4,2,0.109,4.1,0
2026-07-23,early,S01,A,Thursday,0,1,0,2,4,2,0.13,4.1,1
2026-07-23,early,S02,A,Thursday,0,1,2,2,4,2,0.13,4.1,1
2026-07-23,early,S03,A,Thursday,0,2,2,2,4,2,0.13,4.1,0
2026-07-23,early,S04,A,Thursday,0,2,1,2,4,2,0.13,4.1,0
2026-07-23,early,S05,A,Thursday,0,2,2,2,4,2,0.13,4.1,0
2026-07-23,early,S06,A,Thursday,0,2,1,2,4,2,0.13,4.1,0
2026-07-23,early,S07,B,Thursday,0,1,3,2,4,2,0.099,4.1,0
2026-07-23,early,S08,B,Thursday,0,2,2,2,4,2,0.099,4.1,0
2026-07-23,early,S09,B,Thursday,0,2,2,2,4,2,0.099,4.1,0
2026-07-23,early,S10,B,Thursday,0,2,2,2,4,2,0.099,4.1,0
2026-07-23,early,S11,B,Thursday,0,3,1,2,4,2,0.099,4.1,0
2026-07-23,early,S12,B,Thursday,0,1,1,2,4,2,0.099,4.1,1
2026-07-23,early,S13,C,Thursday,0,2,2,0,4,2,0.182,4.1,0
2026-07-23,early,S14,C,Thursday,0,2,1,0,4,2,0.182,4.1,0
2026-07-23,early,S15,C,Thursday,1,3,2,0,4,2,0.182,4.1,0
2026-07-23,early,S16,C,Thursday,0,2,1,0,4,2,0.182,4.1,0
2026-07-23,early,S17,C,Thursday,0,2,1,0,4,2,0.182,4.1,0
2026-07-23,early,S18,C,Thursday,1,2,3,0,4,2,0.182,4.1,0
2026-07-23,early,S19,D,Thursday,0,2,3,0,4,2,0.104,4.1,0
2026-07-23,early,S20,D,Thursday,0,3,2,0,4,2,0.104,4.1,0
2026-07-23,early,S21,D,Thursday,0,2,1,0,4,2,0.104,4.1,0
2026-07-23,early,S22,D,Thursday,0,2,2,0,4,2,0.104,4.1,0
2026-07-23,early,S23,D,Thursday,0,2,1,0,4,2,0.104,4.1,0
2026-07-23,early,S24,D,Thursday,0,2,2,0,4,2,0.104,4.1,0
2026-07-24,early,S01,A,Friday,0,1,0,2,4,2,0.141,4.1,1
2026-07-24,early,S02,A,Friday,0,1,2,2,4,2,0.141,4.1,0
2026-07-24,early,S03,A,Friday,0,2,2,2,4,2,0.141,4.1,0
2026-07-24,early,S04,A,Friday,0,2,1,2,4,2,0.141,4.1,0
2026-07-24,early,S05,A,Friday,0,2,2,2,4,2,0.141,4.1,0
2026-07-24,early,S06,A,Friday,0,2,1,2,4,2,0.141,4.1,0
2026-07-24,early,S07,B,Friday,0,1,3,2,4,2,0.104,4.1,0
2026-07-24,early,S08,B,Friday,0,2,2,2,4,2,0.104,4.1,0
2026-07-24,early,S09,B,Friday,0,2,2,2,4,2,0.104,4.1,0
2026-07-24,early,S10,B,Friday,0,2,2,2,4,2,0.104,4.1,0
2026-07-24,early,S11,B,Friday,0,3,1,2,4,2,0.104,4.1,0
2026-07-24,early,S12,B,Friday,0,1,1,2,4,2,0.104,4.1,1
2026-07-24,early,S13,C,Friday,0,2,2,0,4,2,0.188,4.1,0
2026-07-24,early,S14,C,Friday,0,2,1,0,4,2,0.188,4.1,0
2026-07-24,early,S15,C,Friday,1,3,2,0,4,2,0.188,4.1,0
2026-07-24,early,S16,C,Friday,0,2,1,0,4,2,0.188,4.1,1
2026-07-24,early,S17,C,Friday,0,2,1,0,4,2,0.188,4.1,0
2026-07-24,early,S18,C,Friday,1,2,3,0,4,2,0.188,4.1,0
2026-07-24,early,S19,D,Friday,0,2,3,0,4,2,0.109,4.1,1
2026-07-24,early,S20,D,Friday,0,3,2,0,4,2,0.109,4.1,0
2026-07-24,early,S21,D,Friday,0,2,1,0,4,2,0.109,4.1,0
2026-07-24,early,S22,D,Friday,0,2,2,0,4,2,0.109,4.1,0
2026-07-24,early,S23,D,Friday,0,2,1,0,4,2,0.109,4.1,0
2026-07-24,early,S24,D,Friday,0,2,2,0,4,2,0.109,4.1,0
2026-07-25,early,S01,A,Saturday,0,1,0,2,4,2,0.135,4.1,1
2026-07-25,early,S02,A,Saturday,0,1,2,2,4,2,0.135,4.1,0
2026-07-25,early,S03,A,Saturday,0,2,2,2,4,2,0.135,4.1,0
2026-07-25,early,S04,A,Saturday,0,2,1,2,4,2,0.135,4.1,0
2026-07-25,early,S05,A,Saturday,0,2,2,2,4,2,0.135,4.1,0
2026-07-25,early,S06,A,Saturday,0,2,1,2,4,2,0.135,4.1,0
2026-07-25,early,S07,B,Saturday,0,1,3,2,4,2,0.104,4.1,0
2026-07-25,early,S08,B,Saturday,0,2,2,2,4,2,0.104,4.1,0
2026-07-25,early,S09,B,Saturday,0,2,2,2,4,2,0.104,4.1,0
2026-07-25,early,S10,B,Saturday,0,2,2,2,4,2,0.104,4.1,0
2026-07-25,early,S11,B,Saturday,0,3,1,2,4,2,0.104,4.1,0
2026-07-25,early,S12,B,Saturday,0,1,1,2,4,2,0.104,4.1,0
2026-07-25,early,S13,C,Saturday,0,2,2,0,4,2,0.203,4.1,0
2026-07-25,early,S14,C,Saturday,0,2,1,0,4,2,0.203,4.1,0
2026-07-25,early,S15,C,Saturday,1,3,2,0,4,2,0.203,4.1,0
2026-07-25,early,S16,C,Saturday,0,2,1,0,4,2,0.203,4.1,0
2026-07-25,early,S17,C,Saturday,0,2,1,0,4,2,0.203,4.1,0
2026-07-25,early,S18,C,Saturday,1,2,3,0,4,2,0.203,4.1,0
2026-07-25,early,S19,D,Saturday,0,2,3,0,4,2,0.125,4.1,0
2026-07-25,early,S20,D,Saturday,0,3,2,0,4,2,0.125,4.1,0
2026-07-25,early,S21,D,Saturday,0,2,1,0,4,2,0.125,4.1,0
2026-07-25,early,S22,D,Saturday,0,2,2,0,4,2,0.125,4.1,0
2026-07-25,early,S23,D,Saturday,0,2,1,0,4,2,0.125,4.1,0
2026-07-25,early,S24,D,Saturday,0,2,2,0,4,2,0.125,4.1,0
2026-07-20,late,S01,A,Monday,0,1,2,2,5,2,0.125,5.0,1
2026-07-20,late,S02,A,Monday,0,2,2,2,5,2,0.125,5.0,0
2026-07-20,late,S03,A,Monday,0,2,3,2,5,2,0.125,5.0,0
2026-07-20,late,S04,A,Monday,0,3,1,2,5,2,0.125,5.0,0
2026-07-20,late,S05,A,Monday,0,3,3,2,5,2,0.125,5.0,0
2026-07-20,late,S06,A,Monday,0,1,0,2,5,2,0.125,5.0,1
2026-07-20,late,S07,B,Monday,0,3,2,1,5,2,0.161,5.0,1
2026-07-20,late,S08,B,Monday,0,2,1,1,5,2,0.161,5.0,0
2026-07-20,late,S09,B,Monday,0,3,1,1,5,2,0.161,5.0,0
2026-07-20,late,S10,B,Monday,0,2,1,1,5,2,0.161,5.0,0
2026-07-20,late,S11,B,Monday,0,1,2,1,5,2,0.161,5.0,0
2026-07-20,late,S12,B,Monday,0,2,1,1,5,2,0.161,5.0,0
2026-07-20,late,S13,C,Monday,0,2,1,1,5,2,0.141,5.0,0
2026-07-20,late,S14,C,Monday,0,2,2,1,5,2,0.141,5.0,0
2026-07-20,late,S15,C,Monday,1,2,2,1,5,2,0.141,5.0,0
2026-07-20,late,S16,C,Monday,0,1,2,1,5,2,0.141,5.0,0
2026-07-20,late,S17,C,Monday,0,2,2,1,5,2,0.141,5.0,0
2026-07-20,late,S18,C,Monday,1,2,0,1,5,2,0.141,5.0,1
2026-07-20,late,S19,D,Monday,0,2,1,1,5,2,0.141,5.0,0
2026-07-20,late,S20,D,Monday,0,2,2,1,5,2,0.141,5.0,0
2026-07-20,late,S21,D,Monday,0,2,2,1,5,2,0.141,5.0,0
2026-07-20,late,S22,D,Monday,0,3,2,1,5,2,0.141,5.0,0
2026-07-20,late,S23,D,Monday,0,2,2,1,5,2,0.141,5.0,0
2026-07-20,late,S24,D,Monday,0,1,3,1,5,2,0.141,5.0,0
2026-07-21,late,S01,A,Tuesday,0,1,2,2,5,2,0.125,5.0,0
2026-07-21,late,S02,A,Tuesday,0,2,2,2,5,2,0.125,5.0,0
2026-07-21,late,S03,A,Tuesday,0,2,3,2,5,2,0.125,5.0,0
2026-07-21,late,S04,A,Tuesday,0,3,1,2,5,2,0.125,5.0,0
2026-07-21,late,S05,A,Tuesday,0,3,3,2,5,2,0.125,5.0,0
2026-07-21,late,S06,A,Tuesday,0,1,0,2,5,2,0.125,5.0,1
2026-07-21,late,S07,B,Tuesday,0,3,2,1,5,2,0.156,5.0,0
2026-07-21,late,S08,B,Tuesday,0,2,1,1,5,2,0.156,5.0,0
2026-07-21,late,S09,B,Tuesday,0,3,1,1,5,2,0.156,5.0,0
2026-07-21,late,S10,B,Tuesday,0,2,1,1,5,2,0.156,5.0,0
2026-07-21,late,S11,B,Tuesday,0,1,2,1,5,2,0.156,5.0,0
2026-07-21,late,S12,B,Tuesday,0,2,1,1,5,2,0.156,5.0,0
2026-07-21,late,S13,C,Tuesday,0,2,1,1,5,2,0.13,5.0,0
2026-07-21,late,S14,C,Tuesday,0,2,2,1,5,2,0.13,5.0,0
2026-07-21,late,S15,C,Tuesday,1,2,2,1,5,2,0.13,5.0,0
2026-07-21,late,S16,C,Tuesday,0,1,2,1,5,2,0.13,5.0,0
2026-07-21,late,S17,C,Tuesday,0,2,2,1,5,2,0.13,5.0,0
2026-07-21,late,S18,C,Tuesday,1,2,0,1,5,2,0.13,5.0,0
2026-07-21,late,S19,D,Tuesday,0,2,1,1,5,2,0.135,5.0,1
2026-07-21,late,S20,D,Tuesday,0,2,2,1,5,2,0.135,5.0,0
2026-07-21,late,S21,D,Tuesday,0,2,2,1,5,2,0.135,5.0,0
2026-07-21,late,S22,D,Tuesday,0,3,2,1,5,2,0.135,5.0,0
2026-07-21,late,S23,D,Tuesday,0,2,2,1,5,2,0.135,5.0,0
2026-07-21,late,S24,D,Tuesday,0,1,3,1,5,2,0.135,5.0,0
2026-07-22,late,S01,A,Wednesday,0,1,2,2,5,2,0.12,5.0,0
2026-07-22,late,S02,A,Wednesday,0,2,2,2,5,2,0.12,5.0,0
2026-07-22,late,S03,A,Wednesday,0,2,3,2,5,2,0.12,5.0,0
2026-07-22,late,S04,A,Wednesday,0,3,1,2,5,2,0.12,5.0,0
2026-07-22,late,S05,A,Wednesday,0,3,3,2,5,2,0.12,5.0,0
2026-07-22,late,S06,A,Wednesday,0,1,0,2,5,2,0.12,5.0,1
2026-07-22,late,S07,B,Wednesday,0,3,2,1,5,2,0.151,5.0,0
2026-07-22,late,S08,B,Wednesday,0,2,1,1,5,2,0.151,5.0,0
2026-07-22,late,S09,B,Wednesday,0,3,1,1,5,2,0.151,5.0,0
2026-07-22,late,S10,B,Wednesday,0,2,1,1,5,2,0.151,5.0,0
2026-07-22,late,S11,B,Wednesday,0,1,2,1,5,2,0.151,5.0,0
2026-07-22,late,S12,B,Wednesday,0,2,1,1,5,2,0.151,5.0,0
2026-07-22,late,S13,C,Wednesday,0,2,1,1,5,2,0.13,5.0,0
2026-07-22,late,S14,C,Wednesday,0,2,2,1,5,2,0.13,5.0,0
2026-07-22,late,S15,C,Wednesday,1,2,2,1,5,2,0.13,5.0,0
2026-07-22,late,S16,C,Wednesday,0,1,2,1,5,2,0.13,5.0,1
2026-07-22,late,S17,C,Wednesday,0,2,2,1,5,2,0.13,5.0,0
2026-07-22,late,S18,C,Wednesday,1,2,0,1,5,2,0.13,5.0,0
2026-07-22,late,S19,D,Wednesday,0,2,1,1,5,2,0.146,5.0,0
2026-07-22,late,S20,D,Wednesday,0,2,2,1,5,2,0.146,5.0,0
2026-07-22,late,S21,D,Wednesday,0,2,2,1,5,2,0.146,5.0,0
2026-07-22,late,S22,D,Wednesday,0,3,2,1,5,2,0.146,5.0,0
2026-07-22,late,S23,D,Wednesday,0,2,2,1,5,2,0.146,5.0,0
2026-07-22,late,S24,D,Wednesday,0,1,3,1,5,2,0.146,5.0,0
2026-07-23,late,S01,A,Thursday,0,1,2,2,5,2,0.12,5.0,0
2026-07-23,late,S02,A,Thursday,0,2,2,2,5,2,0.12,5.0,0
2026-07-23,late,S03,A,Thursday,0,2,3,2,5,2,0.12,5.0,0
2026-07-23,late,S04,A,Thursday,0,3,1,2,5,2,0.12,5.0,0
2026-07-23,late,S05,A,Thursday,0,3,3,2,5,2,0.12,5.0,0
2026-07-23,late,S06,A,Thursday,0,1,0,2,5,2,0.12,5.0,1
2026-07-23,late,S07,B,Thursday,0,3,2,1,5,2,0.146,5.0,0
2026-07-23,late,S08,B,Thursday,0,2,1,1,5,2,0.146,5.0,0
2026-07-23,late,S09,B,Thursday,0,3,1,1,5,2,0.146,5.0,0
2026-07-23,late,S10,B,Thursday,0,2,1,1,5,2,0.146,5.0,0
2026-07-23,late,S11,B,Thursday,0,1,2,1,5,2,0.146,5.0,0
2026-07-23,late,S12,B,Thursday,0,2,1,1,5,2,0.146,5.0,0
2026-07-23,late,S13,C,Thursday,0,2,1,1,5,2,0.135,5.0,0
2026-07-23,late,S14,C,Thursday,0,2,2,1,5,2,0.135,5.0,1
2026-07-23,late,S15,C,Thursday,1,2,2,1,5,2,0.135,5.0,0
2026-07-23,late,S16,C,Thursday,0,1,2,1,5,2,0.135,5.0,1
2026-07-23,late,S17,C,Thursday,0,2,2,1,5,2,0.135,5.0,1
2026-07-23,late,S18,C,Thursday,1,2,0,1,5,2,0.135,5.0,0
2026-07-23,late,S19,D,Thursday,0,2,1,1,5,2,0.161,5.0,0
2026-07-23,late,S20,D,Thursday,0,2,2,1,5,2,0.161,5.0,1
2026-07-23,late,S21,D,Thursday,0,2,2,1,5,2,0.161,5.0,0
2026-07-23,late,S22,D,Thursday,0,3,2,1,5,2,0.161,5.0,0
2026-07-23,late,S23,D,Thursday,0,2,2,1,5,2,0.161,5.0,0
2026-07-23,late,S24,D,Thursday,0,1,3,1,5,2,0.161,5.0,0
2026-07-24,late,S01,A,Friday,0,1,2,2,5,2,0.104,5.0,1
2026-07-24,late,S02,A,Friday,0,2,2,2,5,2,0.104,5.0,0
2026-07-24,late,S03,A,Friday,0,2,3,2,5,2,0.104,5.0,0
2026-07-24,late,S04,A,Friday,0,3,1,2,5,2,0.104,5.0,1
2026-07-24,late,S05,A,Friday,0,3,3,2,5,2,0.104,5.0,0
2026-07-24,late,S06,A,Friday,0,1,0,2,5,2,0.104,5.0,1
2026-07-24,late,S07,B,Friday,0,3,2,1,5,2,0.151,5.0,0
2026-07-24,late,S08,B,Friday,0,2,1,1,5,2,0.151,5.0,0
2026-07-24,late,S09,B,Friday,0,3,1,1,5,2,0.151,5.0,0
2026-07-24,late,S10,B,Friday,0,2,1,1,5,2,0.151,5.0,0
2026-07-24,late,S11,B,Friday,0,1,2,1,5,2,0.151,5.0,1
2026-07-24,late,S12,B,Friday,0,2,1,1,5,2,0.151,5.0,0
2026-07-24,late,S13,C,Friday,0,2,1,1,5,2,0.156,5.0,0
2026-07-24,late,S14,C,Friday,0,2,2,1,5,2,0.156,5.0,0
2026-07-24,late,S15,C,Friday,1,2,2,1,5,2,0.156,5.0,0
2026-07-24,late,S16,C,Friday,0,1,2,1,5,2,0.156,5.0,1
2026-07-24,late,S17,C,Friday,0,2,2,1,5,2,0.156,5.0,0
2026-07-24,late,S18,C,Friday,1,2,0,1,5,2,0.156,5.0,1
2026-07-24,late,S19,D,Friday,0,2,1,1,5,2,0.172,5.0,0
2026-07-24,late,S20,D,Friday,0,2,2,1,5,2,0.172,5.0,0
2026-07-24,late,S21,D,Friday,0,2,2,1,5,2,0.172,5.0,0
2026-07-24,late,S22,D,Friday,0,3,2,1,5,2,0.172,5.0,0
2026-07-24,late,S23,D,Friday,0,2,2,1,5,2,0.172,5.0,0
2026-07-24,late,S24,D,Friday,0,1,3,1,5,2,0.172,5.0,1
2026-07-25,late,S01,A,Saturday,0,1,2,2,5,2,0.109,5.0,1
2026-07-25,late,S02,A,Saturday,0,2,2,2,5,2,0.109,5.0,0
2026-07-25,late,S03,A,Saturday,0,2,3,2,5,2,0.109,5.0,0
2026-07-25,late,S04,A,Saturday,0,3,1,2,5,2,0.109,5.0,0
2026-07-25,late,S05,A,Saturday,0,3,3,2,5,2,0.109,5.0,0
2026-07-25,late,S06,A,Saturday,0,1,0,2,5,2,0.109,5.0,1
2026-07-25,late,S07,B,Saturday,0,3,2,1,5,2,0.161,5.0,0
2026-07-25,late,S08,B,Saturday,0,2,1,1,5,2,0.161,5.0,0
2026-07-25,late,S09,B,Saturday,0,3,1,1,5,2,0.161,5.0,0
2026-07-25,late,S10,B,Saturday,0,2,1,1,5,2,0.161,5.0,0
2026-07-25,late,S11,B,Saturday,0,1,2,1,5,2,0.161,5.0,0
2026-07-25,late,S12,B,Saturday,0,2,1,1,5,2,0.161,5.0,0
2026-07-25,late,S13,C,Saturday,0,2,1,1,5,2,0.167,5.0,0
2026-07-25,late,S14,C,Saturday,0,2,2,1,5,2,0.167,5.0,0
2026-07-25,late,S15,C,Saturday,1,2,2,1,5,2,0.167,5.0,0
2026-07-25,late,S16,C,Saturday,0,1,2,1,5,2,0.167,5.0,0
2026-07-25,late,S17,C,Saturday,0,2,2,1,5,2,0.167,5.0,0
2026-07-25,late,S18,C,Saturday,1,2,0,1,5,2,0.167,5.0,1
2026-07-25,late,S19,D,Saturday,0,2,1,1,5,2,0.167,5.0,0
2026-07-25,late,S20,D,Saturday,0,2,2,1,5,2,0.167,5.0,0
2026-07-25,late,S21,D,Saturday,0,2,2,1,5,2,0.167,5.0,0
2026-07-25,late,S22,D,Saturday,0,3,2,1,5,2,0.167,5.0,0
2026-07-25,late,S23,D,Saturday,0,2,2,1,5,2,0.167,5.0,0
2026-07-25,late,S24,D,Saturday,0,1,3,1,5,2,0.167,5.0,0
2026-07-20,night,S01,A,Monday,0,3,1,1,5,2,0.125,4.1,0
2026-07-20,night,S02,A,Monday,0,2,2,1,5,2,0.125,4.1,0
2026-07-20,night,S03,A,Monday,0,2,3,1,5,2,0.125,4.1,0
2026-07-20,night,S04,A,Monday,0,2,1,1,5,2,0.125,4.1,0
2026-07-20,night,S05,A,Monday,0,2,3,1,5,2,0.125,4.1,0
2026-07-20,night,S06,A,Monday,0,1,2,1,5,2,0.125,4.1,0
2026-07-20,night,S07,B,Monday,0,1,1,3,5,2,0.161,4.1,1
2026-07-20,night,S08,B,Monday,0,1,2,3,5,2,0.161,4.1,0
2026-07-20,night,S09,B,Monday,0,2,3,3,5,2,0.161,4.1,0
2026-07-20,night,S10,B,Monday,0,1,3,3,5,2,0.161,4.1,1
2026-07-20,night,S11,B,Monday,0,2,1,3,5,2,0.161,4.1,0
2026-07-20,night,S12,B,Monday,0,2,1,3,5,2,0.161,4.1,0
2026-07-20,night,S13,C,Monday,0,2,2,0,5,2,0.151,4.1,0
2026-07-20,night,S14,C,Monday,0,2,3,0,5,2,0.151,4.1,0
2026-07-20,night,S15,C,Monday,1,2,2,0,5,2,0.151,4.1,0
2026-07-20,night,S16,C,Monday,0,2,2,0,5,2,0.151,4.1,0
2026-07-20,night,S17,C,Monday,0,2,0,0,5,2,0.151,4.1,0
2026-07-20,night,S18,C,Monday,1,2,0,0,5,2,0.151,4.1,1
2026-07-20,night,S19,D,Monday,0,3,1,1,5,2,0.167,4.1,0
2026-07-20,night,S20,D,Monday,0,3,2,1,5,2,0.167,4.1,0
2026-07-20,night,S21,D,Monday,0,2,1,1,5,2,0.167,4.1,1
2026-07-20,night,S22,D,Monday,0,3,1,1,5,2,0.167,4.1,0
2026-07-20,night,S23,D,Monday,0,1,2,1,5,2,0.167,4.1,0
2026-07-20,night,S24,D,Monday,0,2,1,1,5,2,0.167,4.1,0
2026-07-21,night,S01,A,Tuesday,0,3,1,1,5,2,0.13,4.1,0
2026-07-21,night,S02,A,Tuesday,0,2,2,1,5,2,0.13,4.1,0
2026-07-21,night,S03,A,Tuesday,0,2,3,1,5,2,0.13,4.1,0
2026-07-21,night,S04,A,Tuesday,0,2,1,1,5,2,0.13,4.1,0
2026-07-21,night,S05,A,Tuesday,0,2,3,1,5,2,0.13,4.1,0
2026-07-21,night,S06,A,Tuesday,0,1,2,1,5,2,0.13,4.1,1
2026-07-21,night,S07,B,Tuesday,0,1,1,3,5,2,0.161,4.1,1
2026-07-21,night,S08,B,Tuesday,0,1,2,3,5,2,0.161,4.1,0
2026-07-21,night,S09,B,Tuesday,0,2,3,3,5,2,0.161,4.1,0
2026-07-21,night,S10,B,Tuesday,0,1,3,3,5,2,0.161,4.1,0
2026-07-21,night,S11,B,Tuesday,0,2,1,3,5,2,0.161,4.1,0
2026-07-21,night,S12,B,Tuesday,0,2,1,3,5,2,0.161,4.1,0
2026-07-21,night,S13,C,Tuesday,0,2,2,0,5,2,0.151,4.1,0
2026-07-21,night,S14,C,Tuesday,0,2,3,0,5,2,0.151,4.1,0
2026-07-21,night,S15,C,Tuesday,1,2,2,0,5,2,0.151,4.1,0
2026-07-21,night,S16,C,Tuesday,0,2,2,0,5,2,0.151,4.1,0
2026-07-21,night,S17,C,Tuesday,0,2,0,0,5,2,0.151,4.1,0
2026-07-21,night,S18,C,Tuesday,1,2,0,0,5,2,0.151,4.1,0
2026-07-21,night,S19,D,Tuesday,0,3,1,1,5,2,0.167,4.1,0
2026-07-21,night,S20,D,Tuesday,0,3,2,1,5,2,0.167,4.1,0
2026-07-21,night,S21,D,Tuesday,0,2,1,1,5,2,0.167,4.1,0
2026-07-21,night,S22,D,Tuesday,0,3,1,1,5,2,0.167,4.1,0
2026-07-21,night,S23,D,Tuesday,0,1,2,1,5,2,0.167,4.1,0
2026-07-21,night,S24,D,Tuesday,0,2,1,1,5,2,0.167,4.1,0
2026-07-22,night,S01,A,Wednesday,0,3,1,1,5,2,0.13,4.1,0
2026-07-22,night,S02,A,Wednesday,0,2,2,1,5,2,0.13,4.1,0
2026-07-22,night,S03,A,Wednesday,0,2,3,1,5,2,0.13,4.1,0
2026-07-22,night,S04,A,Wednesday,0,2,1,1,5,2,0.13,4.1,0
2026-07-22,night,S05,A,Wednesday,0,2,3,1,5,2,0.13,4.1,0
2026-07-22,night,S06,A,Wednesday,0,1,2,1,5,2,0.13,4.1,0
2026-07-22,night,S07,B,Wednesday,0,1,1,3,5,2,0.167,4.1,1
2026-07-22,night,S08,B,Wednesday,0,1,2,3,5,2,0.167,4.1,1
2026-07-22,night,S09,B,Wednesday,0,2,3,3,5,2,0.167,4.1,0
2026-07-22,night,S10,B,Wednesday,0,1,3,3,5,2,0.167,4.1,0
2026-07-22,night,S11,B,Wednesday,0,2,1,3,5,2,0.167,4.1,0
2026-07-22,night,S12,B,Wednesday,0,2,1,3,5,2,0.167,4.1,0
2026-07-22,night,S13,C,Wednesday,0,2,2,0,5,2,0.161,4.1,0
2026-07-22,night,S14,C,Wednesday,0,2,3,0,5,2,0.161,4.1,0
2026-07-22,night,S15,C,Wednesday,1,2,2,0,5,2,0.161,4.1,0
2026-07-22,night,S16,C,Wednesday,0,2,2,0,5,2,0.161,4.1,0
2026-07-22,night,S17,C,Wednesday,0,2,0,0,5,2,0.161,4.1,0
2026-07-22,night,S18,C,Wednesday,1,2,0,0,5,2,0.161,4.1,0
2026-07-22,night,S19,D,Wednesday,0,3,1,1,5,2,0.167,4.1,0
2026-07-22,night,S20,D,Wednesday,0,3,2,1,5,2,0.167,4.1,0
2026-07-22,night,S21,D,Wednesday,0,2,1,1,5,2,0.167,4.1,0
2026-07-22,night,S22,D,Wednesday,0,3,1,1,5,2,0.167,4.1,0
2026-07-22,night,S23,D,Wednesday,0,1,2,1,5,2,0.167,4.1,0
2026-07-22,night,S24,D,Wednesday,0,2,1,1,5,2,0.167,4.1,0
2026-07-23,night,S01,A,Thursday,0,3,1,1,5,2,0.13,4.1,0
2026-07-23,night,S02,A,Thursday,0,2,2,1,5,2,0.13,4.1,0
2026-07-23,night,S03,A,Thursday,0,2,3,1,5,2,0.13,4.1,0
2026-07-23,night,S04,A,Thursday,0,2,1,1,5,2,0.13,4.1,0
2026-07-23,night,S05,A,Thursday,0,2,3,1,5,2,0.13,4.1,0
2026-07-23,night,S06,A,Thursday,0,1,2,1,5,2,0.13,4.1,0
2026-07-23,night,S07,B,Thursday,0,1,1,3,5,2,0.172,4.1,1
2026-07-23,night,S08,B,Thursday,0,1,2,3,5,2,0.172,4.1,0
2026-07-23,night,S09,B,Thursday,0,2,3,3,5,2,0.172,4.1,0
2026-07-23,night,S10,B,Thursday,0,1,3,3,5,2,0.172,4.1,0
2026-07-23,night,S11,B,Thursday,0,2,1,3,5,2,0.172,4.1,1
2026-07-23,night,S12,B,Thursday,0,2,1,3,5,2,0.172,4.1,0
2026-07-23,night,S13,C,Thursday,0,2,2,0,5,2,0.161,4.1,0
2026-07-23,night,S14,C,Thursday,0,2,3,0,5,2,0.161,4.1,0
2026-07-23,night,S15,C,Thursday,1,2,2,0,5,2,0.161,4.1,0
2026-07-23,night,S16,C,Thursday,0,2,2,0,5,2,0.161,4.1,0
2026-07-23,night,S17,C,Thursday,0,2,0,0,5,2,0.161,4.1,0
2026-07-23,night,S18,C,Thursday,1,2,0,0,5,2,0.161,4.1,1
2026-07-23,night,S19,D,Thursday,0,3,1,1,5,2,0.172,4.1,0
2026-07-23,night,S20,D,Thursday,0,3,2,1,5,2,0.172,4.1,0
2026-07-23,night,S21,D,Thursday,0,2,1,1,5,2,0.172,4.1,0
2026-07-23,night,S22,D,Thursday,0,3,1,1,5,2,0.172,4.1,1
2026-07-23,night,S23,D,Thursday,0,1,2,1,5,2,0.172,4.1,1
2026-07-23,night,S24,D,Thursday,0,2,1,1,5,2,0.172,4.1,0
2026-07-24,night,S01,A,Friday,0,3,1,1,5,2,0.135,4.1,0
2026-07-24,night,S02,A,Friday,0,2,2,1,5,2,0.135,4.1,0
2026-07-24,night,S03,A,Friday,0,2,3,1,5,2,0.135,4.1,0
2026-07-24,night,S04,A,Friday,0,2,1,1,5,2,0.135,4.1,0
2026-07-24,night,S05,A,Friday,0,2,3,1,5,2,0.135,4.1,0
2026-07-24,night,S06,A,Friday,0,1,2,1,5,2,0.135,4.1,1
2026-07-24,night,S07,B,Friday,0,1,1,3,5,2,0.172,4.1,1
2026-07-24,night,S08,B,Friday,0,1,2,3,5,2,0.172,4.1,1
2026-07-24,night,S09,B,Friday,0,2,3,3,5,2,0.172,4.1,0
2026-07-24,night,S10,B,Friday,0,1,3,3,5,2,0.172,4.1,0
2026-07-24,night,S11,B,Friday,0,2,1,3,5,2,0.172,4.1,0
2026-07-24,night,S12,B,Friday,0,2,1,3,5,2,0.172,4.1,1
2026-07-24,night,S13,C,Friday,0,2,2,0,5,2,0.172,4.1,0
2026-07-24,night,S14,C,Friday,0,2,3,0,5,2,0.172,4.1,0
2026-07-24,night,S15,C,Friday,1,2,2,0,5,2,0.172,4.1,0
2026-07-24,night,S16,C,Friday,0,2,2,0,5,2,0.172,4.1,0
2026-07-24,night,S17,C,Friday,0,2,0,0,5,2,0.172,4.1,0
2026-07-24,night,S18,C,Friday,1,2,0,0,5,2,0.172,4.1,0
2026-07-24,night,S19,D,Friday,0,3,1,1,5,2,0.172,4.1,0
2026-07-24,night,S20,D,Friday,0,3,2,1,5,2,0.172,4.1,0
2026-07-24,night,S21,D,Friday,0,2,1,1,5,2,0.172,4.1,0
2026-07-24,night,S22,D,Friday,0,3,1,1,5,2,0.172,4.1,0
2026-07-24,night,S23,D,Friday,0,1,2,1,5,2,0.172,4.1,0
2026-07-24,night,S24,D,Friday,0,2,1,1,5,2,0.172,4.1,0
2026-07-25,night,S01,A,Saturday,0,3,1,1,5,2,0.141,4.1,0
2026-07-25,night,S02,A,Saturday,0,2,2,1,5,2,0.141,4.1,0
2026-07-25,night,S03,A,Saturday,0,2,3,1,5,2,0.141,4.1,0
2026-07-25,night,S04,A,Saturday,0,2,1,1,5,2,0.141,4.1,0
2026-07-25,night,S05,A,Saturday,0,2,3,1,5,2,0.141,4.1,0
2026-07-25,night,S06,A,Saturday,0,1,2,1,5,2,0.141,4.1,1
2026-07-25,night,S07,B,Saturday,0,1,1,3,5,2,0.182,4.1,1
2026-07-25,night,S08,B,Saturday,0,1,2,3,5,2,0.182,4.1,0
2026-07-25,night,S09,B,Saturday,0,2,3,3,5,2,0.182,4.1,0
2026-07-25,night,S10,B,Saturday,0,1,3,3,5,2,0.182,4.1,1
2026-07-25,night,S11,B,Saturday,0,2,1,3,5,2,0.182,4.1,0
2026-07-25,night,S12,B,Saturday,0,2,1,3,5,2,0.182,4.1,0
2026-07-25,night,S13,C,Saturday,0,2,2,0,5,2,0.172,4.1,0
2026-07-25,night,S14,C,Saturday,0,2,3,0,5,2,0.172,4.1,0
2026-07-25,night,S15,C,Saturday,1,2,2,0,5,2,0.172,4.1,0
2026-07-25,night,S16,C,Saturday,0,2,2,0,5,2,0.172,4.1,0
2026-07-25,night,S17,C,Saturday,0,2,0,0,5,2,0.172,4.1,0
2026-07-25,night,S18,C,Saturday,1,2,0,0,5,2,0.172,4.1,0
2026-07-25,night,S19,D,Saturday,0,3,1,1,5,2,0.177,4.1,0
2026-07-25,night,S20,D,Saturday,0,3,2,1,5,2,0.177,4.1,0
2026-07-25,night,S21,D,Saturday,0,2,1,1,5,2,0.177,4.1,0
2026-07-25,night,S22,D,Saturday,0,3,1,1,5,2,0.177,4.1,0
2026-07-25,night,S23,D,Saturday,0,1,2,1,5,2,0.177,4.1,1
2026-07-25,night,S24,D,Saturday,0,2,1,1,5,2,0.177,4.1,0
2026-07-27,early,S01,A,Monday,0,1,0,1,3,2,0.135,4.7,1
2026-07-27,early,S02,A,Monday,0,2,2,1,3,2,0.135,4.7,0
2026-07-27,early,S03,A,Monday,0,2,2,1,3,2,0.135,4.7,0
2026-07-27,early,S04,A,Monday,0,2,1,1,3,2,0.135,4.7,0
2026-07-27,early,S05,A,Monday,0,2,2,1,3,2,0.135,4.7,0
2026-07-27,early,S06,A,Monday,0,2,1,1,3,2,0.135,4.7,0
2026-07-27,early,S07,B,Monday,0,1,3,2,3,2,0.099,4.7,0
2026-07-27,early,S08,B,Monday,0,2,2,2,3,2,0.099,4.7,0
2026-07-27,early,S09,B,Monday,0,2,2,2,3,2,0.099,4.7,0
2026-07-27,early,S10,B,Monday,0,2,2,2,3,2,0.099,4.7,0
2026-07-27,early,S11,B,Monday,0,3,1,2,3,2,0.099,4.7,1
2026-07-27,early,S12,B,Monday,0,1,1,2,3,2,0.099,4.7,1
2026-07-27,early,S13,C,Monday,0,2,2,0,3,2,0.198,4.7,0
2026-07-27,early,S14,C,Monday,0,2,1,0,3,2,0.198,4.7,0
2026-07-27,early,S15,C,Monday,1,3,2,0,3,2,0.198,4.7,0
2026-07-27,early,S16,C,Monday,0,2,1,0,3,2,0.198,4.7,0
2026-07-27,early,S17,C,Monday,0,2,1,0,3,2,0.198,4.7,0
2026-07-27,early,S18,C,Monday,1,2,3,0,3,2,0.198,4.7,0
2026-07-27,early,S19,D,Monday,0,2,3,0,3,2,0.13,4.7,0
2026-07-27,early,S20,D,Monday,0,3,2,0,3,2,0.13,4.7,0
2026-07-27,early,S21,D,Monday,0,2,1,0,3,2,0.13,4.7,0
2026-07-27,early,S22,D,Monday,0,2,2,0,3,2,0.13,4.7,0
2026-07-27,early,S23,D,Monday,0,2,1,0,3,2,0.13,4.7,0
2026-07-27,early,S24,D,Monday,0,2,2,0,3,2,0.13,4.7,0
2026-07-28,early,S01,A,Tuesday,0,1,0,1,3,2,0.141,4.7,1
2026-07-28,early,S02,A,Tuesday,0,2,2,1,3,2,0.141,4.7,0
2026-07-28,early,S03,A,Tuesday,0,2,2,1,3,2,0.141,4.7,0
2026-07-28,early,S04,A,Tuesday,0,2,1,1,3,2,0.141,4.7,0
2026-07-28,early,S05,A,Tuesday,0,2,2,1,3,2,0.141,4.7,0
2026-07-28,early,S06,A,Tuesday,0,2,1,1,3,2,0.141,4.7,0
2026-07-28,early,S07,B,Tuesday,0,1,3,2,3,2,0.109,4.7,0
2026-07-28,early,S08,B,Tuesday,0,2,2,2,3,2,0.109,4.7,0
2026-07-28,early,S09,B,Tuesday,0,2,2,2,3,2,0.109,4.7,0
2026-07-28,early,S10,B,Tuesday,0,2,2,2,3,2,0.109,4.7,0
2026-07-28,early,S11,B,Tuesday,0,3,1,2,3,2,0.109,4.7,0
2026-07-28,early,S12,B,Tuesday,0,1,1,2,3,2,0.109,4.7,1
2026-07-28,early,S13,C,Tuesday,0,2,2,0,3,2,0.203,4.7,0
2026-07-28,early,S14,C,Tuesday,0,2,1,0,3,2,0.203,4.7,0
2026-07-28,early,S15,C,Tuesday,1,3,2,0,3,2,0.203,4.7,0
2026-07-28,early,S16,C,Tuesday,0,2,1,0,3,2,0.203,4.7,0
2026-07-28,early,S17,C,Tuesday,0,2,1,0,3,2,0.203,4.7,0
2026-07-28,early,S18,C,Tuesday,1,2,3,0,3,2,0.203,4.7,0
2026-07-28,early,S19,D,Tuesday,0,2,3,0,3,2,0.135,4.7,0
2026-07-28,early,S20,D,Tuesday,0,3,2,0,3,2,0.135,4.7,0
2026-07-28,early,S21,D,Tuesday,0,2,1,0,3,2,0.135,4.7,0
2026-07-28,early,S22,D,Tuesday,0,2,2,0,3,2,0.135,4.7,0
2026-07-28,early,S23,D,Tuesday,0,2,1,0,3,2,0.135,4.7,0
2026-07-28,early,S24,D,Tuesday,0,2,2,0,3,2,0.135,4.7,0
2026-07-29,early,S01,A,Wednesday,0,1,0,1,3,2,0.151,4.7,1
2026-07-29,early,S02,A,Wednesday,0,2,2,1,3,2,0.151,4.7,0
2026-07-29,early,S03,A,Wednesday,0,2,2,1,3,2,0.151,4.7,0
2026-07-29,early,S04,A,Wednesday,0,2,1,1,3,2,0.151,4.7,0
2026-07-29,early,S05,A,Wednesday,0,2,2,1,3,2,0.151,4.7,0
2026-07-29,early,S06,A,Wednesday,0,2,1,1,3,2,0.151,4.7,1
2026-07-29,early,S07,B,Wednesday,0,1,3,2,3,2,0.115,4.7,0
2026-07-29,early,S08,B,Wednesday,0,2,2,2,3,2,0.115,4.7,0
2026-07-29,early,S09,B,Wednesday,0,2,2,2,3,2,0.115,4.7,0
2026-07-29,early,S10,B,Wednesday,0,2,2,2,3,2,0.115,4.7,0
2026-07-29,early,S11,B,Wednesday,0,3,1,2,3,2,0.115,4.7,0
2026-07-29,early,S12,B,Wednesday,0,1,1,2,3,2,0.115,4.7,0
2026-07-29,early,S13,C,Wednesday,0,2,2,0,3,2,0.203,4.7,0
2026-07-29,early,S14,C,Wednesday,0,2,1,0,3,2,0.203,4.7,0
2026-07-29,early,S15,C,Wednesday,1,3,2,0,3,2,0.203,4.7,0
2026-07-29,early,S16,C,Wednesday,0,2,1,0,3,2,0.203,4.7,0
2026-07-29,early,S17,C,Wednesday,0,2,1,0,3,2,0.203,4.7,0
2026-07-29,early,S18,C,Wednesday,1,2,3,0,3,2,0.203,4.7,0
2026-07-29,early,S19,D,Wednesday,0,2,3,0,3,2,0.135,4.7,0
2026-07-29,early,S20,D,Wednesday,0,3,2,0,3,2,0.135,4.7,0
2026-07-29,early,S21,D,Wednesday,0,2,1,0,3,2,0.135,4.7,0
2026-07-29,early,S22,D,Wednesday,0,2,2,0,3,2,0.135,4.7,0
2026-07-29,early,S23,D,Wednesday,0,2,1,0,3,2,0.135,4.7,0
2026-07-29,early,S24,D,Wednesday,0,2,2,0,3,2,0.135,4.7,0
2026-07-30,early,S01,A,Thursday,0,1,0,1,3,2,0.167,4.7,1
2026-07-30,early,S02,A,Thursday,0,2,2,1,3,2,0.167,4.7,0
2026-07-30,early,S03,A,Thursday,0,2,2,1,3,2,0.167,4.7,0
2026-07-30,early,S04,A,Thursday,0,2,1,1,3,2,0.167,4.7,0
2026-07-30,early,S05,A,Thursday,0,2,2,1,3,2,0.167,4.7,0
2026-07-30,early,S06,A,Thursday,0,2,1,1,3,2,0.167,4.7,0
2026-07-30,early,S07,B,Thursday,0,1,3,2,3,2,0.125,4.7,0
2026-07-30,early,S08,B,Thursday,0,2,2,2,3,2,0.125,4.7,0
2026-07-30,early,S09,B,Thursday,0,2,2,2,3,2,0.125,4.7,0
2026-07-30,early,S10,B,Thursday,0,2,2,2,3,2,0.125,4.7,0
2026-07-30,early,S11,B,Thursday,0,3,1,2,3,2,0.125,4.7,0
2026-07-30,early,S12,B,Thursday,0,1,1,2,3,2,0.125,4.7,0
2026-07-30,early,S13,C,Thursday,0,2,2,0,3,2,0.193,4.7,0
2026-07-30,early,S14,C,Thursday,0,2,1,0,3,2,0.193,4.7,0
2026-07-30,early,S15,C,Thursday,1,3,2,0,3,2,0.193,4.7,0
2026-07-30,early,S16,C,Thursday,0,2,1,0,3,2,0.193,4.7,0
2026-07-30,early,S17,C,Thursday,0,2,1,0,3,2,0.193,4.7,0
2026-07-30,early,S18,C,Thursday,1,2,3,0,3,2,0.193,4.7,0
2026-07-30,early,S19,D,Thursday,0,2,3,0,3,2,0.13,4.7,0
2026-07-30,early,S20,D,Thursday,0,3,2,0,3,2,0.13,4.7,0
2026-07-30,early,S21,D,Thursday,0,2,1,0,3,2,0.13,4.7,0
2026-07-30,early,S22,D,Thursday,0,2,2,0,3,2,0.13,4.7,0
2026-07-30,early,S23,D,Thursday,0,2,1,0,3,2,0.13,4.7,0
2026-07-30,early,S24,D,Thursday,0,2,2,0,3,2,0.13,4.7,0
2026-07-31,early,S01,A,Friday,0,1,0,1,3,2,0.172,4.7,1
2026-07-31,early,S02,A,Friday,0,2,2,1,3,2,0.172,4.7,0
2026-07-31,early,S03,A,Friday,0,2,2,1,3,2,0.172,4.7,0
2026-07-31,early,S04,A,Friday,0,2,1,1,3,2,0.172,4.7,0
2026-07-31,early,S05,A,Friday,0,2,2,1,3,2,0.172,4.7,0
2026-07-31,early,S06,A,Friday,0,2,1,1,3,2,0.172,4.7,0
2026-07-31,early,S07,B,Friday,0,1,3,2,3,2,0.13,4.7,0
2026-07-31,early,S08,B,Friday,0,2,2,2,3,2,0.13,4.7,0
2026-07-31,early,S09,B,Friday,0,2,2,2,3,2,0.13,4.7,0
2026-07-31,early,S10,B,Friday,0,2,2,2,3,2,0.13,4.7,0
2026-07-31,early,S11,B,Friday,0,3,1,2,3,2,0.13,4.7,0
2026-07-31,early,S12,B,Friday,0,1,1,2,3,2,0.13,4.7,1
2026-07-31,early,S13,C,Friday,0,2,2,0,3,2,0.198,4.7,0
2026-07-31,early,S14,C,Friday,0,2,1,0,3,2,0.198,4.7,1
2026-07-31,early,S15,C,Friday,1,3,2,0,3,2,0.198,4.7,0
2026-07-31,early,S16,C,Friday,0,2,1,0,3,2,0.198,4.7,0
2026-07-31,early,S17,C,Friday,0,2,1,0,3,2,0.198,4.7,1
2026-07-31,early,S18,C,Friday,1,2,3,0,3,2,0.198,4.7,0
2026-07-31,early,S19,D,Friday,0,2,3,0,3,2,0.125,4.7,0
2026-07-31,early,S20,D,Friday,0,3,2,0,3,2,0.125,4.7,0
2026-07-31,early,S21,D,Friday,0,2,1,0,3,2,0.125,4.7,0
2026-07-31,early,S22,D,Friday,0,2,2,0,3,2,0.125,4.7,0
2026-07-31,early,S23,D,Friday,0,2,1,0,3,2,0.125,4.7,0
2026-07-31,early,S24,D,Friday,0,2,2,0,3,2,0.125,4.7,0
2026-08-01,early,S01,A,Saturday,0,1,0,1,3,2,0.161,4.7,1
2026-08-01,early,S02,A,Saturday,0,2,2,1,3,2,0.161,4.7,0
2026-08-01,early,S03,A,Saturday,0,2,2,1,3,2,0.161,4.7,0
2026-08-01,early,S04,A,Saturday,0,2,1,1,3,2,0.161,4.7,0
2026-08-01,early,S05,A,Saturday,0,2,2,1,3,2,0.161,4.7,0
2026-08-01,early,S06,A,Saturday,0,2,1,1,3,2,0.161,4.7,0
2026-08-01,early,S07,B,Saturday,0,1,3,2,3,2,0.141,4.7,0
2026-08-01,early,S08,B,Saturday,0,2,2,2,3,2,0.141,4.7,0
2026-08-01,early,S09,B,Saturday,0,2,2,2,3,2,0.141,4.7,0
2026-08-01,early,S10,B,Saturday,0,2,2,2,3,2,0.141,4.7,0
2026-08-01,early,S11,B,Saturday,0,3,1,2,3,2,0.141,4.7,0
2026-08-01,early,S12,B,Saturday,0,1,1,2,3,2,0.141,4.7,0
2026-08-01,early,S13,C,Saturday,0,2,2,0,3,2,0.208,4.7,0
2026-08-01,early,S14,C,Saturday,0,2,1,0,3,2,0.208,4.7,0
2026-08-01,early,S15,C,Saturday,1,3,2,0,3,2,0.208,4.7,0
2026-08-01,early,S16,C,Saturday,0,2,1,0,3,2,0.208,4.7,0
2026-08-01,early,S17,C,Saturday,0,2,1,0,3,2,0.208,4.7,0
2026-08-01,early,S18,C,Saturday,1,2,3,0,3,2,0.208,4.7,0
2026-08-01,early,S19,D,Saturday,0,2,3,0,3,2,0.125,4.7,0
2026-08-01,early,S20,D,Saturday,0,3,2,0,3,2,0.125,4.7,0
2026-08-01,early,S21,D,Saturday,0,2,1,0,3,2,0.125,4.7,0
2026-08-01,early,S22,D,Saturday,0,2,2,0,3,2,0.125,4.7,0
2026-08-01,early,S23,D,Saturday,0,2,1,0,3,2,0.125,4.7,0
2026-08-01,early,S24,D,Saturday,0,2,2,0,3,2,0.125,4.7,0
2026-07-27,late,S01,A,Monday,0,1,2,2,5,2,0.109,4.0,0
2026-07-27,late,S02,A,Monday,0,2,2,2,5,2,0.109,4.0,0
2026-07-27,late,S03,A,Monday,0,1,3,2,5,2,0.109,4.0,0
2026-07-27,late,S04,A,Monday,0,3,1,2,5,2,0.109,4.0,0
2026-07-27,late,S05,A,Monday,0,3,3,2,5,2,0.109,4.0,0
2026-07-27,late,S06,A,Monday,0,2,0,2,5,2,0.109,4.0,1
2026-07-27,late,S07,B,Monday,0,3,2,1,5,2,0.146,4.0,0
2026-07-27,late,S08,B,Monday,0,2,1,1,5,2,0.146,4.0,0
2026-07-27,late,S09,B,Monday,0,3,1,1,5,2,0.146,4.0,0
2026-07-27,late,S10,B,Monday,0,2,1,1,5,2,0.146,4.0,0
2026-07-27,late,S11,B,Monday,0,1,2,1,5,2,0.146,4.0,0
2026-07-27,late,S12,B,Monday,0,2,1,1,5,2,0.146,4.0,0
2026-07-27,late,S13,C,Monday,0,2,1,1,5,2,0.172,4.0,0
2026-07-27,late,S14,C,Monday,0,2,2,1,5,2,0.172,4.0,0
2026-07-27,late,S15,C,Monday,1,2,2,1,5,2,0.172,4.0,0
2026-07-27,late,S16,C,Monday,0,1,2,1,5,2,0.172,4.0,0
2026-07-27,late,S17,C,Monday,0,2,2,1,5,2,0.172,4.0,0
2026-07-27,late,S18,C,Monday,1,2,0,1,5,2,0.172,4.0,0
2026-07-27,late,S19,D,Monday,0,2,1,1,5,2,0.167,4.0,0
2026-07-27,late,S20,D,Monday,0,2,2,1,5,2,0.167,4.0,0
2026-07-27,late,S21,D,Monday,0,2,2,1,5,2,0.167,4.0,0
2026-07-27,late,S22,D,Monday,0,3,2,1,5,2,0.167,4.0,0
2026-07-27,late,S23,D,Monday,0,2,2,1,5,2,0.167,4.0,0
2026-07-27,late,S24,D,Monday,0,1,3,1,5,2,0.167,4.0,1
2026-07-28,late,S01,A,Tuesday,0,1,2,2,5,2,0.12,4.0,1
2026-07-28,late,S02,A,Tuesday,0,2,2,2,5,2,0.12,4.0,0
2026-07-28,late,S03,A,Tuesday,0,1,3,2,5,2,0.12,4.0,0
2026-07-28,late,S04,A,Tuesday,0,3,1,2,5,2,0.12,4.0,0
2026-07-28,late,S05,A,Tuesday,0,3,3,2,5,2,0.12,4.0,0
2026-07-28,late,S06,A,Tuesday,0,2,0,2,5,2,0.12,4.0,1
2026-07-28,late,S07,B,Tuesday,0,3,2,1,5,2,0.141,4.0,0
2026-07-28,late,S08,B,Tuesday,0,2,1,1,5,2,0.141,4.0,0
2026-07-28,late,S09,B,Tuesday,0,3,1,1,5,2,0.141,4.0,0
2026-07-28,late,S10,B,Tuesday,0,2,1,1,5,2,0.141,4.0,0
2026-07-28,late,S11,B,Tuesday,0,1,2,1,5,2,0.141,4.0,0
2026-07-28,late,S12,B,Tuesday,0,2,1,1,5,2,0.141,4.0,0
2026-07-28,late,S13,C,Tuesday,0,2,1,1,5,2,0.172,4.0,0
2026-07-28,late,S14,C,Tuesday,0,2,2,1,5,2,0.172,4.0,0
2026-07-28,late,S15,C,Tuesday,1,2,2,1,5,2,0.172,4.0,0
2026-07-28,late,S16,C,Tuesday,0,1,2,1,5,2,0.172,4.0,0
2026-07-28,late,S17,C,Tuesday,0,2,2,1,5,2,0.172,4.0,0
2026-07-28,late,S18,C,Tuesday,1,2,0,1,5,2,0.172,4.0,0
2026-07-28,late,S19,D,Tuesday,0,2,1,1,5,2,0.161,4.0,0
2026-07-28,late,S20,D,Tuesday,0,2,2,1,5,2,0.161,4.0,0
2026-07-28,late,S21,D,Tuesday,0,2,2,1,5,2,0.161,4.0,0
2026-07-28,late,S22,D,Tuesday,0,3,2,1,5,2,0.161,4.0,0
2026-07-28,late,S23,D,Tuesday,0,2,2,1,5,2,0.161,4.0,0
2026-07-28,late,S24,D,Tuesday,0,1,3,1,5,2,0.161,4.0,1
2026-07-29,late,S01,A,Wednesday,0,1,2,2,5,2,0.125,4.0,1
2026-07-29,late,S02,A,Wednesday,0,2,2,2,5,2,0.125,4.0,0
2026-07-29,late,S03,A,Wednesday,0,1,3,2,5,2,0.125,4.0,0
2026-07-29,late,S04,A,Wednesday,0,3,1,2,5,2,0.125,4.0,0
2026-07-29,late,S05,A,Wednesday,0,3,3,2,5,2,0.125,4.0,0
2026-07-29,late,S06,A,Wednesday,0,2,0,2,5,2,0.125,4.0,0
2026-07-29,late,S07,B,Wednesday,0,3,2,1,5,2,0.146,4.0,0
2026-07-29,late,S08,B,Wednesday,0,2,1,1,5,2,0.146,4.0,0
2026-07-29,late,S09,B,Wednesday,0,3,1,1,5,2,0.146,4.0,0
2026-07-29,late,S10,B,Wednesday,0,2,1,1,5,2,0.146,4.0,0
2026-07-29,late,S11,B,Wednesday,0,1,2,1,5,2,0.146,4.0,0
2026-07-29,late,S12,B,Wednesday,0,2,1,1,5,2,0.146,4.0,0
2026-07-29,late,S13,C,Wednesday,0,2,1,1,5,2,0.172,4.0,0
2026-07-29,late,S14,C,Wednesday,0,2,2,1,5,2,0.172,4.0,0
2026-07-29,late,S15,C,Wednesday,1,2,2,1,5,2,0.172,4.0,0
2026-07-29,late,S16,C,Wednesday,0,1,2,1,5,2,0.172,4.0,0
2026-07-29,late,S17,C,Wednesday,0,2,2,1,5,2,0.172,4.0,0
2026-07-29,late,S18,C,Wednesday,1,2,0,1,5,2,0.172,4.0,0
2026-07-29,late,S19,D,Wednesday,0,2,1,1,5,2,0.156,4.0,0
2026-07-29,late,S20,D,Wednesday,0,2,2,1,5,2,0.156,4.0,0
2026-07-29,late,S21,D,Wednesday,0,2,2,1,5,2,0.156,4.0,0
2026-07-29,late,S22,D,Wednesday,0,3,2,1,5,2,0.156,4.0,0
2026-07-29,late,S23,D,Wednesday,0,2,2,1,5,2,0.156,4.0,0
2026-07-29,late,S24,D,Wednesday,0,1,3,1,5,2,0.156,4.0,1
2026-07-30,late,S01,A,Thursday,0,1,2,2,5,2,0.13,4.0,1
2026-07-30,late,S02,A,Thursday,0,2,2,2,5,2,0.13,4.0,0
2026-07-30,late,S03,A,Thursday,0,1,3,2,5,2,0.13,4.0,1
2026-07-30,late,S04,A,Thursday,0,3,1,2,5,2,0.13,4.0,0
2026-07-30,late,S05,A,Thursday,0,3,3,2,5,2,0.13,4.0,0
2026-07-30,late,S06,A,Thursday,0,2,0,2,5,2,0.13,4.0,1
2026-07-30,late,S07,B,Thursday,0,3,2,1,5,2,0.146,4.0,0
2026-07-30,late,S08,B,Thursday,0,2,1,1,5,2,0.146,4.0,0
2026-07-30,late,S09,B,Thursday,0,3,1,1,5,2,0.146,4.0,0
2026-07-30,late,S10,B,Thursday,0,2,1,1,5,2,0.146,4.0,0
2026-07-30,late,S11,B,Thursday,0,1,2,1,5,2,0.146,4.0,0
2026-07-30,late,S12,B,Thursday,0,2,1,1,5,2,0.146,4.0,0
2026-07-30,late,S13,C,Thursday,0,2,1,1,5,2,0.167,4.0,0
2026-07-30,late,S14,C,Thursday,0,2,2,1,5,2,0.167,4.0,0
2026-07-30,late,S15,C,Thursday,1,2,2,1,5,2,0.167,4.0,0
2026-07-30,late,S16,C,Thursday,0,1,2,1,5,2,0.167,4.0,1
2026-07-30,late,S17,C,Thursday,0,2,2,1,5,2,0.167,4.0,0
2026-07-30,late,S18,C,Thursday,1,2,0,1,5,2,0.167,4.0,0
2026-07-30,late,S19,D,Thursday,0,2,1,1,5,2,0.156,4.0,1
2026-07-30,late,S20,D,Thursday,0,2,2,1,5,2,0.156,4.0,0
2026-07-30,late,S21,D,Thursday,0,2,2,1,5,2,0.156,4.0,0
2026-07-30,late,S22,D,Thursday,0,3,2,1,5,2,0.156,4.0,0
2026-07-30,late,S23,D,Thursday,0,2,2,1,5,2,0.156,4.0,0
2026-07-30,late,S24,D,Thursday,0,1,3,1,5,2,0.156,4.0,0
2026-07-31,late,S01,A,Friday,0,1,2,2,5,2,0.141,4.0,1
2026-07-31,late,S02,A,Friday,0,2,2,2,5,2,0.141,4.0,1
2026-07-31,late,S03,A,Friday,0,1,3,2,5,2,0.141,4.0,1
2026-07-31,late,S04,A,Friday,0,3,1,2,5,2,0.141,4.0,0
2026-07-31,late,S05,A,Friday,0,3,3,2,5,2,0.141,4.0,0
2026-07-31,late,S06,A,Friday,0,2,0,2,5,2,0.141,4.0,0
2026-07-31,late,S07,B,Friday,0,3,2,1,5,2,0.135,4.0,0
2026-07-31,late,S08,B,Friday,0,2,1,1,5,2,0.135,4.0,0
2026-07-31,late,S09,B,Friday,0,3,1,1,5,2,0.135,4.0,0
2026-07-31,late,S10,B,Friday,0,2,1,1,5,2,0.135,4.0,1
2026-07-31,late,S11,B,Friday,0,1,2,1,5,2,0.135,4.0,1
2026-07-31,late,S12,B,Friday,0,2,1,1,5,2,0.135,4.0,0
2026-07-31,late,S13,C,Friday,0,2,1,1,5,2,0.177,4.0,0
2026-07-31,late,S14,C,Friday,0,2,2,1,5,2,0.177,4.0,0
2026-07-31,late,S15,C,Friday,1,2,2,1,5,2,0.177,4.0,0
2026-07-31,late,S16,C,Friday,0,1,2,1,5,2,0.177,4.0,1
2026-07-31,late,S17,C,Friday,0,2,2,1,5,2,0.177,4.0,0
2026-07-31,late,S18,C,Friday,1,2,0,1,5,2,0.177,4.0,0
2026-07-31,late,S19,D,Friday,0,2,1,1,5,2,0.161,4.0,0
2026-07-31,late,S20,D,Friday,0,2,2,1,5,2,0.161,4.0,0
2026-07-31,late,S21,D,Friday,0,2,2,1,5,2,0.161,4.0,0
2026-07-31,late,S22,D,Friday,0,3,2,1,5,2,0.161,4.0,0
2026-07-31,late,S23,D,Friday,0,2,2,1,5,2,0.161,4.0,0
2026-07-31,late,S24,D,Friday,0,1,3,1,5,2,0.161,4.0,0
2026-08-01,late,S01,A,Saturday,0,1,2,2,5,2,0.146,4.0,1
2026-08-01,late,S02,A,Saturday,0,2,2,2,5,2,0.146,4.0,0
2026-08-01,late,S03,A,Saturday,0,1,3,2,5,2,0.146,4.0,1
2026-08-01,late,S04,A,Saturday,0,3,1,2,5,2,0.146,4.0,0
2026-08-01,late,S05,A,Saturday,0,3,3,2,5,2,0.146,4.0,0
2026-08-01,late,S06,A,Saturday,0,2,0,2,5,2,0.146,4.0,0
2026-08-01,late,S07,B,Saturday,0,3,2,1,5,2,0.13,4.0,0
2026-08-01,late,S08,B,Saturday,0,2,1,1,5,2,0.13,4.0,0
2026-08-01,late,S09,B,Saturday,0,3,1,1,5,2,0.13,4.0,0
2026-08-01,late,S10,B,Saturday,0,2,1,1,5,2,0.13,4.0,0
2026-08-01,late,S11,B,Saturday,0,1,2,1,5,2,0.13,4.0,0
2026-08-01,late,S12,B,Saturday,0,2,1,1,5,2,0.13,4.0,0
2026-08-01,late,S13,C,Saturday,0,2,1,1,5,2,0.172,4.0,0
2026-08-01,late,S14,C,Saturday,0,2,2,1,5,2,0.172,4.0,0
2026-08-01,late,S15,C,Saturday,1,2,2,1,5,2,0.172,4.0,0
2026-08-01,late,S16,C,Saturday,0,1,2,1,5,2,0.172,4.0,1
2026-08-01,late,S17,C,Saturday,0,2,2,1,5,2,0.172,4.0,0
2026-08-01,late,S18,C,Saturday,1,2,0,1,5,2,0.172,4.0,0
2026-08-01,late,S19,D,Saturday,0,2,1,1,5,2,0.167,4.0,0
2026-08-01,late,S20,D,Saturday,0,2,2,1,5,2,0.167,4.0,0
2026-08-01,late,S21,D,Saturday,0,2,2,1,5,2,0.167,4.0,0
2026-08-01,late,S22,D,Saturday,0,3,2,1,5,2,0.167,4.0,0
2026-08-01,late,S23,D,Saturday,0,2,2,1,5,2,0.167,4.0,0
2026-08-01,late,S24,D,Saturday,0,1,3,1,5,2,0.167,4.0,1
2026-07-27,night,S01,A,Monday,0,3,1,1,5,2,0.141,4.7,1
2026-07-27,night,S02,A,Monday,0,2,2,1,5,2,0.141,4.7,0
2026-07-27,night,S03,A,Monday,0,2,3,1,5,2,0.141,4.7,0
2026-07-27,night,S04,A,Monday,0,2,1,1,5,2,0.141,4.7,0
2026-07-27,night,S05,A,Monday,0,2,3,1,5,2,0.141,4.7,0
2026-07-27,night,S06,A,Monday,0,1,2,1,5,2,0.141,4.7,0
2026-07-27,night,S07,B,Monday,0,2,1,1,5,2,0.177,4.7,0
2026-07-27,night,S08,B,Monday,0,1,2,1,5,2,0.177,4.7,0
2026-07-27,night,S09,B,Monday,0,2,3,1,5,2,0.177,4.7,0
2026-07-27,night,S10,B,Monday,0,2,3,1,5,2,0.177,4.7,0
2026-07-27,night,S11,B,Monday,0,2,1,1,5,2,0.177,4.7,0
2026-07-27,night,S12,B,Monday,0,2,1,1,5,2,0.177,4.7,0
2026-07-27,night,S13,C,Monday,0,2,2,1,5,2,0.172,4.7,0
2026-07-27,night,S14,C,Monday,0,1,3,1,5,2,0.172,4.7,0
2026-07-27,night,S15,C,Monday,1,2,2,1,5,2,0.172,4.7,0
2026-07-27,night,S16,C,Monday,0,2,2,1,5,2,0.172,4.7,0
2026-07-27,night,S17,C,Monday,0,2,0,1,5,2,0.172,4.7,1
2026-07-27,night,S18,C,Monday,1,2,0,1,5,2,0.172,4.7,0
2026-07-27,night,S19,D,Monday,0,3,1,2,5,2,0.182,4.7,0
2026-07-27,night,S20,D,Monday,0,3,2,2,5,2,0.182,4.7,0
2026-07-27,night,S21,D,Monday,0,1,1,2,5,2,0.182,4.7,1
2026-07-27,night,S22,D,Monday,0,3,1,2,5,2,0.182,4.7,1
2026-07-27,night,S23,D,Monday,0,1,2,2,5,2,0.182,4.7,0
2026-07-27,night,S24,D,Monday,0,2,1,2,5,2,0.182,4.7,0
2026-07-28,night,S01,A,Tuesday,0,3,1,1,5,2,0.151,4.7,0
2026-07-28,night,S02,A,Tuesday,0,2,2,1,5,2,0.151,4.7,0
2026-07-28,night,S03,A,Tuesday,0,2,3,1,5,2,0.151,4.7,0
2026-07-28,night,S04,A,Tuesday,0,2,1,1,5,2,0.151,4.7,1
2026-07-28,night,S05,A,Tuesday,0,2,3,1,5,2,0.151,4.7,0
2026-07-28,night,S06,A,Tuesday,0,1,2,1,5,2,0.151,4.7,0
2026-07-28,night,S07,B,Tuesday,0,2,1,1,5,2,0.161,4.7,0
2026-07-28,night,S08,B,Tuesday,0,1,2,1,5,2,0.161,4.7,0
2026-07-28,night,S09,B,Tuesday,0,2,3,1,5,2,0.161,4.7,0
2026-07-28,night,S10,B,Tuesday,0,2,3,1,5,2,0.161,4.7,0
2026-07-28,night,S11,B,Tuesday,0,2,1,1,5,2,0.161,4.7,0
2026-07-28,night,S12,B,Tuesday,0,2,1,1,5,2,0.161,4.7,0
2026-07-28,night,S13,C,Tuesday,0,2,2,1,5,2,0.177,4.7,0
2026-07-28,night,S14,C,Tuesday,0,1,3,1,5,2,0.177,4.7,0
2026-07-28,night,S15,C,Tuesday,1,2,2,1,5,2,0.177,4.7,0
2026-07-28,night,S16,C,Tuesday,0,2,2,1,5,2,0.177,4.7,0
2026-07-28,night,S17,C,Tuesday,0,2,0,1,5,2,0.177,4.7,0
2026-07-28,night,S18,C,Tuesday,1,2,0,1,5,2,0.177,4.7,0
2026-07-28,night,S19,D,Tuesday,0,3,1,2,5,2,0.172,4.7,0
2026-07-28,night,S20,D,Tuesday,0,3,2,2,5,2,0.172,4.7,0
2026-07-28,night,S21,D,Tuesday,0,1,1,2,5,2,0.172,4.7,0
2026-07-28,night,S22,D,Tuesday,0,3,1,2,5,2,0.172,4.7,1
2026-07-28,night,S23,D,Tuesday,0,1,2,2,5,2,0.172,4.7,0
2026-07-28,night,S24,D,Tuesday,0,2,1,2,5,2,0.172,4.7,0
2026-07-29,night,S01,A,Wednesday,0,3,1,1,5,2,0.161,4.7,0
2026-07-29,night,S02,A,Wednesday,0,2,2,1,5,2,0.161,4.7,1
2026-07-29,night,S03,A,Wednesday,0,2,3,1,5,2,0.161,4.7,0
2026-07-29,night,S04,A,Wednesday,0,2,1,1,5,2,0.161,4.7,0
2026-07-29,night,S05,A,Wednesday,0,2,3,1,5,2,0.161,4.7,0
2026-07-29,night,S06,A,Wednesday,0,1,2,1,5,2,0.161,4.7,0
2026-07-29,night,S07,B,Wednesday,0,2,1,1,5,2,0.156,4.7,0
2026-07-29,night,S08,B,Wednesday,0,1,2,1,5,2,0.156,4.7,0
2026-07-29,night,S09,B,Wednesday,0,2,3,1,5,2,0.156,4.7,0
2026-07-29,night,S10,B,Wednesday,0,2,3,1,5,2,0.156,4.7,0
2026-07-29,night,S11,B,Wednesday,0,2,1,1,5,2,0.156,4.7,0
2026-07-29,night,S12,B,Wednesday,0,2,1,1,5,2,0.156,4.7,0
2026-07-29,night,S13,C,Wednesday,0,2,2,1,5,2,0.188,4.7,0
2026-07-29,night,S14,C,Wednesday,0,1,3,1,5,2,0.188,4.7,0
2026-07-29,night,S15,C,Wednesday,1,2,2,1,5,2,0.188,4.7,0
2026-07-29,night,S16,C,Wednesday,0,2,2,1,5,2,0.188,4.7,0
2026-07-29,night,S17,C,Wednesday,0,2,0,1,5,2,0.188,4.7,0
2026-07-29,night,S18,C,Wednesday,1,2,0,1,5,2,0.188,4.7,0
2026-07-29,night,S19,D,Wednesday,0,3,1,2,5,2,0.167,4.7,0
2026-07-29,night,S20,D,Wednesday,0,3,2,2,5,2,0.167,4.7,0
2026-07-29,night,S21,D,Wednesday,0,1,1,2,5,2,0.167,4.7,0
2026-07-29,night,S22,D,Wednesday,0,3,1,2,5,2,0.167,4.7,0
2026-07-29,night,S23,D,Wednesday,0,1,2,2,5,2,0.167,4.7,0
2026-07-29,night,S24,D,Wednesday,0,2,1,2,5,2,0.167,4.7,0
2026-07-30,night,S01,A,Thursday,0,3,1,1,5,2,0.172,4.7,0
2026-07-30,night,S02,A,Thursday,0,2,2,1,5,2,0.172,4.7,0
2026-07-30,night,S03,A,Thursday,0,2,3,1,5,2,0.172,4.7,0
2026-07-30,night,S04,A,Thursday,0,2,1,1,5,2,0.172,4.7,0
2026-07-30,night,S05,A,Thursday,0,2,3,1,5,2,0.172,4.7,0
2026-07-30,night,S06,A,Thursday,0,1,2,1,5,2,0.172,4.7,0
2026-07-30,night,S07,B,Thursday,0,2,1,1,5,2,0.141,4.7,0
2026-07-30,night,S08,B,Thursday,0,1,2,1,5,2,0.141,4.7,0
2026-07-30,night,S09,B,Thursday,0,2,3,1,5,2,0.141,4.7,0
2026-07-30,night,S10,B,Thursday,0,2,3,1,5,2,0.141,4.7,0
2026-07-30,night,S11,B,Thursday,0,2,1,1,5,2,0.141,4.7,0
2026-07-30,night,S12,B,Thursday,0,2,1,1,5,2,0.141,4.7,0
2026-07-30,night,S13,C,Thursday,0,2,2,1,5,2,0.188,4.7,0
2026-07-30,night,S14,C,Thursday,0,1,3,1,5,2,0.188,4.7,0
2026-07-30,night,S15,C,Thursday,1,2,2,1,5,2,0.188,4.7,0
2026-07-30,night,S16,C,Thursday,0,2,2,1,5,2,0.188,4.7,0
2026-07-30,night,S17,C,Thursday,0,2,0,1,5,2,0.188,4.7,0
2026-07-30,night,S18,C,Thursday,1,2,0,1,5,2,0.188,4.7,0
2026-07-30,night,S19,D,Thursday,0,3,1,2,5,2,0.167,4.7,0
2026-07-30,night,S20,D,Thursday,0,3,2,2,5,2,0.167,4.7,0
2026-07-30,night,S21,D,Thursday,0,1,1,2,5,2,0.167,4.7,1
2026-07-30,night,S22,D,Thursday,0,3,1,2,5,2,0.167,4.7,0
2026-07-30,night,S23,D,Thursday,0,1,2,2,5,2,0.167,4.7,0
2026-07-30,night,S24,D,Thursday,0,2,1,2,5,2,0.167,4.7,0
2026-07-31,night,S01,A,Friday,0,3,1,1,5,2,0.177,4.7,1
2026-07-31,night,S02,A,Friday,0,2,2,1,5,2,0.177,4.7,0
2026-07-31,night,S03,A,Friday,0,2,3,1,5,2,0.177,4.7,0
2026-07-31,night,S04,A,Friday,0,2,1,1,5,2,0.177,4.7,1
2026-07-31,night,S05,A,Friday,0,2,3,1,5,2,0.177,4.7,0
2026-07-31,night,S06,A,Friday,0,1,2,1,5,2,0.177,4.7,1
2026-07-31,night,S07,B,Friday,0,2,1,1,5,2,0.135,4.7,0
2026-07-31,night,S08,B,Friday,0,1,2,1,5,2,0.135,4.7,0
2026-07-31,night,S09,B,Friday,0,2,3,1,5,2,0.135,4.7,0
2026-07-31,night,S10,B,Friday,0,2,3,1,5,2,0.135,4.7,0
2026-07-31,night,S11,B,Friday,0,2,1,1,5,2,0.135,4.7,0
2026-07-31,night,S12,B,Friday,0,2,1,1,5,2,0.135,4.7,0
2026-07-31,night,S13,C,Friday,0,2,2,1,5,2,0.177,4.7,0
2026-07-31,night,S14,C,Friday,0,1,3,1,5,2,0.177,4.7,0
2026-07-31,night,S15,C,Friday,1,2,2,1,5,2,0.177,4.7,0
2026-07-31,night,S16,C,Friday,0,2,2,1,5,2,0.177,4.7,0
2026-07-31,night,S17,C,Friday,0,2,0,1,5,2,0.177,4.7,0
2026-07-31,night,S18,C,Friday,1,2,0,1,5,2,0.177,4.7,0
2026-07-31,night,S19,D,Friday,0,3,1,2,5,2,0.177,4.7,0
2026-07-31,night,S20,D,Friday,0,3,2,2,5,2,0.177,4.7,0
2026-07-31,night,S21,D,Friday,0,1,1,2,5,2,0.177,4.7,0
2026-07-31,night,S22,D,Friday,0,3,1,2,5,2,0.177,4.7,0
2026-07-31,night,S23,D,Friday,0,1,2,2,5,2,0.177,4.7,0
2026-07-31,night,S24,D,Friday,0,2,1,2,5,2,0.177,4.7,0
2026-08-01,night,S01,A,Saturday,0,3,1,1,5,2,0.203,4.7,0
2026-08-01,night,S02,A,Saturday,0,2,2,1,5,2,0.203,4.7,0
2026-08-01,night,S03,A,Saturday,0,2,3,1,5,2,0.203,4.7,0
2026-08-01,night,S04,A,Saturday,0,2,1,1,5,2,0.203,4.7,0
2026-08-01,night,S05,A,Saturday,0,2,3,1,5,2,0.203,4.7,0
2026-08-01,night,S06,A,Saturday,0,1,2,1,5,2,0.203,4.7,0
2026-08-01,night,S07,B,Saturday,0,2,1,1,5,2,0.135,4.7,0
2026-08-01,night,S08,B,Saturday,0,1,2,1,5,2,0.135,4.7,1
2026-08-01,night,S09,B,Saturday,0,2,3,1,5,2,0.135,4.7,0
2026-08-01,night,S10,B,Saturday,0,2,3,1,5,2,0.135,4.7,0
2026-08-01,night,S11,B,Saturday,0,2,1,1,5,2,0.135,4.7,0
2026-08-01,night,S12,B,Saturday,0,2,1,1,5,2,0.135,4.7,0
2026-08-01,night,S13,C,Saturday,0,2,2,1,5,2,0.182,4.7,0
2026-08-01,night,S14,C,Saturday,0,1,3,1,5,2,0.182,4.7,0
2026-08-01,night,S15,C,Saturday,1,2,2,1,5,2,0.182,4.7,0
2026-08-01,night,S16,C,Saturday,0,2,2,1,5,2,0.182,4.7,0
2026-08-01,night,S17,C,Saturday,0,2,0,1,5,2,0.182,4.7,0
2026-08-01,night,S18,C,Saturday,1,2,0,1,5,2,0.182,4.7,0
2026-08-01,night,S19,D,Saturday,0,3,1,2,5,2,0.177,4.7,0
2026-08-01,night,S20,D,Saturday,0,3,2,2,5,2,0.177,4.7,0
2026-08-01,night,S21,D,Saturday,0,1,1,2,5,2,0.177,4.7,0
2026-08-01,night,S22,D,Saturday,0,3,1,2,5,2,0.177,4.7,0
2026-08-01,night,S23,D,Saturday,0,1,2,2,5,2,0.177,4.7,0
2026-08-01,night,S24,D,Saturday,0,2,1,2,5,2,0.177,4.7,0
2026-08-03,early,S01,A,Monday,0,1,0,2,3,2,0.151,3.8,1
2026-08-03,early,S02,A,Monday,0,2,2,2,3,2,0.151,3.8,0
2026-08-03,early,S03,A,Monday,0,2,2,2,3,2,0.151,3.8,1
2026-08-03,early,S04,A,Monday,0,1,1,2,3,2,0.151,3.8,1
2026-08-03,early,S05,A,Monday,0,2,2,2,3,2,0.151,3.8,0
2026-08-03,early,S06,A,Monday,0,2,1,2,3,2,0.151,3.8,0
2026-08-03,early,S07,B,Monday,0,2,3,1,3,2,0.141,3.8,0
2026-08-03,early,S08,B,Monday,0,2,2,1,3,2,0.141,3.8,0
2026-08-03,early,S09,B,Monday,0,2,2,1,3,2,0.141,3.8,0
2026-08-03,early,S10,B,Monday,0,2,2,1,3,2,0.141,3.8,0
2026-08-03,early,S11,B,Monday,0,3,1,1,3,2,0.141,3.8,0
2026-08-03,early,S12,B,Monday,0,1,1,1,3,2,0.141,3.8,1
2026-08-03,early,S13,C,Monday,0,2,2,0,3,2,0.208,3.8,0
2026-08-03,early,S14,C,Monday,0,2,1,0,3,2,0.208,3.8,0
2026-08-03,early,S15,C,Monday,1,3,2,0,3,2,0.208,3.8,0
2026-08-03,early,S16,C,Monday,0,2,1,0,3,2,0.208,3.8,0
2026-08-03,early,S17,C,Monday,0,2,1,0,3,2,0.208,3.8,0
2026-08-03,early,S18,C,Monday,1,2,3,0,3,2,0.208,3.8,0
2026-08-03,early,S19,D,Monday,0,2,3,0,3,2,0.115,3.8,0
2026-08-03,early,S20,D,Monday,0,3,2,0,3,2,0.115,3.8,0
2026-08-03,early,S21,D,Monday,0,2,1,0,3,2,0.115,3.8,0
2026-08-03,early,S22,D,Monday,0,2,2,0,3,2,0.115,3.8,0
2026-08-03,early,S23,D,Monday,0,2,1,0,3,2,0.115,3.8,0
2026-08-03,early,S24,D,Monday,0,2,2,0,3,2,0.115,3.8,0
2026-08-04,early,S01,A,Tuesday,0,1,0,2,3,2,0.167,3.8,1
2026-08-04,early,S02,A,Tuesday,0,2,2,2,3,2,0.167,3.8,0
2026-08-04,early,S03,A,Tuesday,0,2,2,2,3,2,0.167,3.8,0
2026-08-04,early,S04,A,Tuesday,0,1,1,2,3,2,0.167,3.8,0
2026-08-04,early,S05,A,Tuesday,0,2,2,2,3,2,0.167,3.8,0
2026-08-04,early,S06,A,Tuesday,0,2,1,2,3,2,0.167,3.8,0
2026-08-04,early,S07,B,Tuesday,0,2,3,1,3,2,0.141,3.8,0
2026-08-04,early,S08,B,Tuesday,0,2,2,1,3,2,0.141,3.8,0
2026-08-04,early,S09,B,Tuesday,0,2,2,1,3,2,0.141,3.8,0
2026-08-04,early,S10,B,Tuesday,0,2,2,1,3,2,0.141,3.8,0
2026-08-04,early,S11,B,Tuesday,0,3,1,1,3,2,0.141,3.8,0
2026-08-04,early,S12,B,Tuesday,0,1,1,1,3,2,0.141,3.8,1
2026-08-04,early,S13,C,Tuesday,0,2,2,0,3,2,0.203,3.8,0
2026-08-04,early,S14,C,Tuesday,0,2,1,0,3,2,0.203,3.8,0
2026-08-04,early,S15,C,Tuesday,1,3,2,0,3,2,0.203,3.8,0
2026-08-04,early,S16,C,Tuesday,0,2,1,0,3,2,0.203,3.8,0
2026-08-04,early,S17,C,Tuesday,0,2,1,0,3,2,0.203,3.8,0
2026-08-04,early,S18,C,Tuesday,1,2,3,0,3,2,0.203,3.8,0
2026-08-04,early,S19,D,Tuesday,0,2,3,0,3,2,0.12,3.8,0
2026-08-04,early,S20,D,Tuesday,0,3,2,0,3,2,0.12,3.8,0
2026-08-04,early,S21,D,Tuesday,0,2,1,0,3,2,0.12,3.8,0
2026-08-04,early,S22,D,Tuesday,0,2,2,0,3,2,0.12,3.8,0
2026-08-04,early,S23,D,Tuesday,0,2,1,0,3,2,0.12,3.8,0
2026-08-04,early,S24,D,Tuesday,0,2,2,0,3,2,0.12,3.8,0
2026-08-05,early,S01,A,Wednesday,0,1,0,2,3,2,0.161,3.8,1
2026-08-05,early,S02,A,Wednesday,0,2,2,2,3,2,0.161,3.8,0
2026-08-05,early,S03,A,Wednesday,0,2,2,2,3,2,0.161,3.8,0
2026-08-05,early,S04,A,Wednesday,0,1,1,2,3,2,0.161,3.8,1
2026-08-05,early,S05,A,Wednesday,0,2,2,2,3,2,0.161,3.8,0
2026-08-05,early,S06,A,Wednesday,0,2,1,2,3,2,0.161,3.8,0
2026-08-05,early,S07,B,Wednesday,0,2,3,1,3,2,0.146,3.8,0
2026-08-05,early,S08,B,Wednesday,0,2,2,1,3,2,0.146,3.8,0
2026-08-05,early,S09,B,Wednesday,0,2,2,1,3,2,0.146,3.8,0
2026-08-05,early,S10,B,Wednesday,0,2,2,1,3,2,0.146,3.8,0
2026-08-05,early,S11,B,Wednesday,0,3,1,1,3,2,0.146,3.8,0
2026-08-05,early,S12,B,Wednesday,0,1,1,1,3,2,0.146,3.8,1
2026-08-05,early,S13,C,Wednesday,0,2,2,0,3,2,0.188,3.8,0
2026-08-05,early,S14,C,Wednesday,0,2,1,0,3,2,0.188,3.8,0
2026-08-05,early,S15,C,Wednesday,1,3,2,0,3,2,0.188,3.8,0
2026-08-05,early,S16,C,Wednesday,0,2,1,0,3,2,0.188,3.8,0
2026-08-05,early,S17,C,Wednesday,0,2,1,0,3,2,0.188,3.8,0
2026-08-05,early,S18,C,Wednesday,1,2,3,0,3,2,0.188,3.8,0
2026-08-05,early,S19,D,Wednesday,0,2,3,0,3,2,0.125,3.8,0
2026-08-05,early,S20,D,Wednesday,0,3,2,0,3,2,0.125,3.8,0
2026-08-05,early,S21,D,Wednesday,0,2,1,0,3,2,0.125,3.8,0
2026-08-05,early,S22,D,Wednesday,0,2,2,0,3,2,0.125,3.8,0
2026-08-05,early,S23,D,Wednesday,0,2,1,0,3,2,0.125,3.8,0
2026-08-05,early,S24,D,Wednesday,0,2,2,0,3,2,0.125,3.8,0
2026-08-06,early,S01,A,Thursday,0,1,0,2,3,2,0.161,3.8,1
2026-08-06,early,S02,A,Thursday,0,2,2,2,3,2,0.161,3.8,0
2026-08-06,early,S03,A,Thursday,0,2,2,2,3,2,0.161,3.8,0
2026-08-06,early,S04,A,Thursday,0,1,1,2,3,2,0.161,3.8,0
2026-08-06,early,S05,A,Thursday,0,2,2,2,3,2,0.161,3.8,0
2026-08-06,early,S06,A,Thursday,0,2,1,2,3,2,0.161,3.8,0
2026-08-06,early,S07,B,Thursday,0,2,3,1,3,2,0.151,3.8,0
2026-08-06,early,S08,B,Thursday,0,2,2,1,3,2,0.151,3.8,0
2026-08-06,early,S09,B,Thursday,0,2,2,1,3,2,0.151,3.8,0
2026-08-06,early,S10,B,Thursday,0,2,2,1,3,2,0.151,3.8,0
2026-08-06,early,S11,B,Thursday,0,3,1,1,3,2,0.151,3.8,0
2026-08-06,early,S12,B,Thursday,0,1,1,1,3,2,0.151,3.8,1
2026-08-06,early,S13,C,Thursday,0,2,2,0,3,2,0.182,3.8,0
2026-08-06,early,S14,C,Thursday,0,2,1,0,3,2,0.182,3.8,1
2026-08-06,early,S15,C,Thursday,1,3,2,0,3,2,0.182,3.8,0
2026-08-06,early,S16,C,Thursday,0,2,1,0,3,2,0.182,3.8,0
2026-08-06,early,S17,C,Thursday,0,2,1,0,3,2,0.182,3.8,0
2026-08-06,early,S18,C,Thursday,1,2,3,0,3,2,0.182,3.8,0
2026-08-06,early,S19,D,Thursday,0,2,3,0,3,2,0.115,3.8,0
2026-08-06,early,S20,D,Thursday,0,3,2,0,3,2,0.115,3.8,0
2026-08-06,early,S21,D,Thursday,0,2,1,0,3,2,0.115,3.8,0
2026-08-06,early,S22,D,Thursday,0,2,2,0,3,2,0.115,3.8,0
2026-08-06,early,S23,D,Thursday,0,2,1,0,3,2,0.115,3.8,0
2026-08-06,early,S24,D,Thursday,0,2,2,0,3,2,0.115,3.8,0
2026-08-07,early,S01,A,Friday,0,1,0,2,3,2,0.156,3.8,1
2026-08-07,early,S02,A,Friday,0,2,2,2,3,2,0.156,3.8,0
2026-08-07,early,S03,A,Friday,0,2,2,2,3,2,0.156,3.8,0
2026-08-07,early,S04,A,Friday,0,1,1,2,3,2,0.156,3.8,1
2026-08-07,early,S05,A,Friday,0,2,2,2,3,2,0.156,3.8,0
2026-08-07,early,S06,A,Friday,0,2,1,2,3,2,0.156,3.8,0
2026-08-07,early,S07,B,Friday,0,2,3,1,3,2,0.151,3.8,0
2026-08-07,early,S08,B,Friday,0,2,2,1,3,2,0.151,3.8,0
2026-08-07,early,S09,B,Friday,0,2,2,1,3,2,0.151,3.8,0
2026-08-07,early,S10,B,Friday,0,2,2,1,3,2,0.151,3.8,0
2026-08-07,early,S11,B,Friday,0,3,1,1,3,2,0.151,3.8,0
2026-08-07,early,S12,B,Friday,0,1,1,1,3,2,0.151,3.8,1
2026-08-07,early,S13,C,Friday,0,2,2,0,3,2,0.188,3.8,0
2026-08-07,early,S14,C,Friday,0,2,1,0,3,2,0.188,3.8,0
2026-08-07,early,S15,C,Friday,1,3,2,0,3,2,0.188,3.8,0
2026-08-07,early,S16,C,Friday,0,2,1,0,3,2,0.188,3.8,0
2026-08-07,early,S17,C,Friday,0,2,1,0,3,2,0.188,3.8,0
2026-08-07,early,S18,C,Friday,1,2,3,0,3,2,0.188,3.8,0
2026-08-07,early,S19,D,Friday,0,2,3,0,3,2,0.12,3.8,0
2026-08-07,early,S20,D,Friday,0,3,2,0,3,2,0.12,3.8,0
2026-08-07,early,S21,D,Friday,0,2,1,0,3,2,0.12,3.8,0
2026-08-07,early,S22,D,Friday,0,2,2,0,3,2,0.12,3.8,0
2026-08-07,early,S23,D,Friday,0,2,1,0,3,2,0.12,3.8,1
2026-08-07,early,S24,D,Friday,0,2,2,0,3,2,0.12,3.8,0
2026-08-08,early,S01,A,Saturday,0,1,0,2,3,2,0.151,3.8,1
2026-08-08,early,S02,A,Saturday,0,2,2,2,3,2,0.151,3.8,0
2026-08-08,early,S03,A,Saturday,0,2,2,2,3,2,0.151,3.8,0
2026-08-08,early,S04,A,Saturday,0,1,1,2,3,2,0.151,3.8,1
2026-08-08,early,S05,A,Saturday,0,2,2,2,3,2,0.151,3.8,0
2026-08-08,early,S06,A,Saturday,0,2,1,2,3,2,0.151,3.8,0
2026-08-08,early,S07,B,Saturday,0,2,3,1,3,2,0.156,3.8,0
2026-08-08,early,S08,B,Saturday,0,2,2,1,3,2,0.156,3.8,0
2026-08-08,early,S09,B,Saturday,0,2,2,1,3,2,0.156,3.8,0
2026-08-08,early,S10,B,Saturday,0,2,2,1,3,2,0.156,3.8,0
2026-08-08,early,S11,B,Saturday,0,3,1,1,3,2,0.156,3.8,0
2026-08-08,early,S12,B,Saturday,0,1,1,1,3,2,0.156,3.8,1
2026-08-08,early,S13,C,Saturday,0,2,2,0,3,2,0.198,3.8,0
2026-08-08,early,S14,C,Saturday,0,2,1,0,3,2,0.198,3.8,0
2026-08-08,early,S15,C,Saturday,1,3,2,0,3,2,0.198,3.8,0
2026-08-08,early,S16,C,Saturday,0,2,1,0,3,2,0.198,3.8,0
2026-08-08,early,S17,C,Saturday,0,2,1,0,3,2,0.198,3.8,0
2026-08-08,early,S18,C,Saturday,1,2,3,0,3,2,0.198,3.8,0
2026-08-08,early,S19,D,Saturday,0,2,3,0,3,2,0.125,3.8,0
2026-08-08,early,S20,D,Saturday,0,3,2,0,3,2,0.125,3.8,0
2026-08-08,early,S21,D,Saturday,0,2,1,0,3,2,0.125,3.8,1
2026-08-08,early,S22,D,Saturday,0,2,2,0,3,2,0.125,3.8,0
2026-08-08,early,S23,D,Saturday,0,2,1,0,3,2,0.125,3.8,0
2026-08-08,early,S24,D,Saturday,0,2,2,0,3,2,0.125,3.8,0
2026-08-03,late,S01,A,Monday,0,2,2,1,2,2,0.156,4.4,0
2026-08-03,late,S02,A,Monday,0,2,2,1,2,2,0.156,4.4,0
2026-08-03,late,S03,A,Monday,0,1,3,1,2,2,0.156,4.4,0
2026-08-03,late,S04,A,Monday,0,3,1,1,2,2,0.156,4.4,0
2026-08-03,late,S05,A,Monday,0,3,3,1,2,2,0.156,4.4,0
2026-08-03,late,S06,A,Monday,0,2,0,1,2,2,0.156,4.4,0
2026-08-03,late,S07,B,Monday,0,3,2,1,2,2,0.13,4.4,1
2026-08-03,late,S08,B,Monday,0,2,1,1,2,2,0.13,4.4,0
2026-08-03,late,S09,B,Monday,0,3,1,1,2,2,0.13,4.4,0
2026-08-03,late,S10,B,Monday,0,2,1,1,2,2,0.13,4.4,0
2026-08-03,late,S11,B,Monday,0,1,2,1,2,2,0.13,4.4,0
2026-08-03,late,S12,B,Monday,0,2,1,1,2,2,0.13,4.4,0
2026-08-03,late,S13,C,Monday,0,2,1,0,2,2,0.182,4.4,1
2026-08-03,late,S14,C,Monday,0,2,2,0,2,2,0.182,4.4,0
2026-08-03,late,S15,C,Monday,1,2,2,0,2,2,0.182,4.4,0
2026-08-03,late,S16,C,Monday,0,2,2,0,2,2,0.182,4.4,1
2026-08-03,late,S17,C,Monday,0,2,2,0,2,2,0.182,4.4,0
2026-08-03,late,S18,C,Monday,1,2,0,0,2,2,0.182,4.4,1
2026-08-03,late,S19,D,Monday,0,2,1,0,2,2,0.167,4.4,0
2026-08-03,late,S20,D,Monday,0,2,2,0,2,2,0.167,4.4,0
2026-08-03,late,S21,D,Monday,0,2,2,0,2,2,0.167,4.4,0
2026-08-03,late,S22,D,Monday,0,3,2,0,2,2,0.167,4.4,0
2026-08-03,late,S23,D,Monday,0,2,2,0,2,2,0.167,4.4,0
2026-08-03,late,S24,D,Monday,0,2,3,0,2,2,0.167,4.4,0
2026-08-04,late,S01,A,Tuesday,0,2,2,1,2,2,0.161,4.4,0
2026-08-04,late,S02,A,Tuesday,0,2,2,1,2,2,0.161,4.4,0
2026-08-04,late,S03,A,Tuesday,0,1,3,1,2,2,0.161,4.4,0
2026-08-04,late,S04,A,Tuesday,0,3,1,1,2,2,0.161,4.4,0
2026-08-04,late,S05,A,Tuesday,0,3,3,1,2,2,0.161,4.4,0
2026-08-04,late,S06,A,Tuesday,0,2,0,1,2,2,0.161,4.4,0
2026-08-04,late,S07,B,Tuesday,0,3,2,1,2,2,0.135,4.4,0
2026-08-04,late,S08,B,Tuesday,0,2,1,1,2,2,0.135,4.4,1
2026-08-04,late,S09,B,Tuesday,0,3,1,1,2,2,0.135,4.4,0
2026-08-04,late,S10,B,Tuesday,0,2,1,1,2,2,0.135,4.4,0
2026-08-04,late,S11,B,Tuesday,0,1,2,1,2,2,0.135,4.4,0
2026-08-04,late,S12,B,Tuesday,0,2,1,1,2,2,0.135,4.4,0
2026-08-04,late,S13,C,Tuesday,0,2,1,0,2,2,0.208,4.4,0
2026-08-04,late,S14,C,Tuesday,0,2,2,0,2,2,0.208,4.4,0
2026-08-04,late,S15,C,Tuesday,1,2,2,0,2,2,0.208,4.4,0
2026-08-04,late,S16,C,Tuesday,0,2,2,0,2,2,0.208,4.4,0
2026-08-04,late,S17,C,Tuesday,0,2,2,0,2,2,0.208,4.4,0
2026-08-04,late,S18,C,Tuesday,1,2,0,0,2,2,0.208,4.4,0
2026-08-04,late,S19,D,Tuesday,0,2,1,0,2,2,0.167,4.4,0
2026-08-04,late,S20,D,Tuesday,0,2,2,0,2,2,0.167,4.4,0
2026-08-04,late,S21,D,Tuesday,0,2,2,0,2,2,0.167,4.4,0
2026-08-04,late,S22,D,Tuesday,0,3,2,0,2,2,0.167,4.4,0
2026-08-04,late,S23,D,Tuesday,0,2,2,0,2,2,0.167,4.4,0
2026-08-04,late,S24,D,Tuesday,0,2,3,0,2,2,0.167,4.4,0
2026-08-05,late,S01,A,Wednesday,0,2,2,1,2,2,0.167,4.4,0
2026-08-05,late,S02,A,Wednesday,0,2,2,1,2,2,0.167,4.4,0
2026-08-05,late,S03,A,Wednesday,0,1,3,1,2,2,0.167,4.4,1
2026-08-05,late,S04,A,Wednesday,0,3,1,1,2,2,0.167,4.4,0
2026-08-05,late,S05,A,Wednesday,0,3,3,1,2,2,0.167,4.4,0
2026-08-05,late,S06,A,Wednesday,0,2,0,1,2,2,0.167,4.4,0
2026-08-05,late,S07,B,Wednesday,0,3,2,1,2,2,0.135,4.4,0
2026-08-05,late,S08,B,Wednesday,0,2,1,1,2,2,0.135,4.4,0
2026-08-05,late,S09,B,Wednesday,0,3,1,1,2,2,0.135,4.4,0
2026-08-05,late,S10,B,Wednesday,0,2,1,1,2,2,0.135,4.4,0
2026-08-05,late,S11,B,Wednesday,0,1,2,1,2,2,0.135,4.4,0
2026-08-05,late,S12,B,Wednesday,0,2,1,1,2,2,0.135,4.4,0
2026-08-05,late,S13,C,Wednesday,0,2,1,0,2,2,0.208,4.4,0
2026-08-05,late,S14,C,Wednesday,0,2,2,0,2,2,0.208,4.4,0
2026-08-05,late,S15,C,Wednesday,1,2,2,0,2,2,0.208,4.4,0
2026-08-05,late,S16,C,Wednesday,0,2,2,0,2,2,0.208,4.4,0
2026-08-05,late,S17,C,Wednesday,0,2,2,0,2,2,0.208,4.4,0
2026-08-05,late,S18,C,Wednesday,1,2,0,0,2,2,0.208,4.4,0
2026-08-05,late,S19,D,Wednesday,0,2,1,0,2,2,0.177,4.4,0
2026-08-05,late,S20,D,Wednesday,0,2,2,0,2,2,0.177,4.4,0
2026-08-05,late,S21,D,Wednesday,0,2,2,0,2,2,0.177,4.4,0
2026-08-05,late,S22,D,Wednesday,0,3,2,0,2,2,0.177,4.4,0
2026-08-05,late,S23,D,Wednesday,0,2,2,0,2,2,0.177,4.4,0
2026-08-05,late,S24,D,Wednesday,0,2,3,0,2,2,0.177,4.4,0
2026-08-06,late,S01,A,Thursday,0,2,2,1,2,2,0.182,4.4,0
2026-08-06,late,S02,A,Thursday,0,2,2,1,2,2,0.182,4.4,0
2026-08-06,late,S03,A,Thursday,0,1,3,1,2,2,0.182,4.4,0
2026-08-06,late,S04,A,Thursday,0,3,1,1,2,2,0.182,4.4,0
2026-08-06,late,S05,A,Thursday,0,3,3,1,2,2,0.182,4.4,0
2026-08-06,late,S06,A,Thursday,0,2,0,1,2,2,0.182,4.4,1
2026-08-06,late,S07,B,Thursday,0,3,2,1,2,2,0.125,4.4,0
2026-08-06,late,S08,B,Thursday,0,2,1,1,2,2,0.125,4.4,0
2026-08-06,late,S09,B,Thursday,0,3,1,1,2,2,0.125,4.4,0
2026-08-06,late,S10,B,Thursday,0,2,1,1,2,2,0.125,4.4,0
2026-08-06,late,S11,B,Thursday,0,1,2,1,2,2,0.125,4.4,0
2026-08-06,late,S12,B,Thursday,0,2,1,1,2,2,0.125,4.4,0
2026-08-06,late,S13,C,Thursday,0,2,1,0,2,2,0.214,4.4,0
2026-08-06,late,S14,C,Thursday,0,2,2,0,2,2,0.214,4.4,0
2026-08-06,late,S15,C,Thursday,1,2,2,0,2,2,0.214,4.4,0
2026-08-06,late,S16,C,Thursday,0,2,2,0,2,2,0.214,4.4,0
2026-08-06,late,S17,C,Thursday,0,2,2,0,2,2,0.214,4.4,0
2026-08-06,late,S18,C,Thursday,1,2,0,0,2,2,0.214,4.4,0
2026-08-06,late,S19,D,Thursday,0,2,1,0,2,2,0.172,4.4,0
2026-08-06,late,S20,D,Thursday,0,2,2,0,2,2,0.172,4.4,0
2026-08-06,late,S21,D,Thursday,0,2,2,0,2,2,0.172,4.4,0
2026-08-06,late,S22,D,Thursday,0,3,2,0,2,2,0.172,4.4,0
2026-08-06,late,S23,D,Thursday,0,2,2,0,2,2,0.172,4.4,0
2026-08-06,late,S24,D,Thursday,0,2,3,0,2,2,0.172,4.4,0
2026-08-07,late,S01,A,Friday,0,2,2,1,2,2,0.177,4.4,0
2026-08-07,late,S02,A,Friday,0,2,2,1,2,2,0.177,4.4,0
2026-08-07,late,S03,A,Friday,0,1,3,1,2,2,0.177,4.4,0
2026-08-07,late,S04,A,Friday,0,3,1,1,2,2,0.177,4.4,0
2026-08-07,late,S05,A,Friday,0,3,3,1,2,2,0.177,4.4,0
2026-08-07,late,S06,A,Friday,0,2,0,1,2,2,0.177,4.4,0
2026-08-07,late,S07,B,Friday,0,3,2,1,2,2,0.12,4.4,0
2026-08-07,late,S08,B,Friday,0,2,1,1,2,2,0.12,4.4,0
2026-08-07,late,S09,B,Friday,0,3,1,1,2,2,0.12,4.4,0
2026-08-07,late,S10,B,Friday,0,2,1,1,2,2,0.12,4.4,0
2026-08-07,late,S11,B,Friday,0,1,2,1,2,2,0.12,4.4,0
2026-08-07,late,S12,B,Friday,0,2,1,1,2,2,0.12,4.4,0
2026-08-07,late,S13,C,Friday,0,2,1,0,2,2,0.208,4.4,0
2026-08-07,late,S14,C,Friday,0,2,2,0,2,2,0.208,4.4,0
2026-08-07,late,S15,C,Friday,1,2,2,0,2,2,0.208,4.4,0
2026-08-07,late,S16,C,Friday,0,2,2,0,2,2,0.208,4.4,0
2026-08-07,late,S17,C,Friday,0,2,2,0,2,2,0.208,4.4,0
2026-08-07,late,S18,C,Friday,1,2,0,0,2,2,0.208,4.4,1
2026-08-07,late,S19,D,Friday,0,2,1,0,2,2,0.177,4.4,0
2026-08-07,late,S20,D,Friday,0,2,2,0,2,2,0.177,4.4,0
2026-08-07,late,S21,D,Friday,0,2,2,0,2,2,0.177,4.4,1
2026-08-07,late,S22,D,Friday,0,3,2,0,2,2,0.177,4.4,0
2026-08-07,late,S23,D,Friday,0,2,2,0,2,2,0.177,4.4,0
2026-08-07,late,S24,D,Friday,0,2,3,0,2,2,0.177,4.4,0
2026-08-08,late,S01,A,Saturday,0,2,2,1,2,2,0.172,4.4,0
2026-08-08,late,S02,A,Saturday,0,2,2,1,2,2,0.172,4.4,0
2026-08-08,late,S03,A,Saturday,0,1,3,1,2,2,0.172,4.4,0
2026-08-08,late,S04,A,Saturday,0,3,1,1,2,2,0.172,4.4,0
2026-08-08,late,S05,A,Saturday,0,3,3,1,2,2,0.172,4.4,0
2026-08-08,late,S06,A,Saturday,0,2,0,1,2,2,0.172,4.4,0
2026-08-08,late,S07,B,Saturday,0,3,2,1,2,2,0.125,4.4,0
2026-08-08,late,S08,B,Saturday,0,2,1,1,2,2,0.125,4.4,0
2026-08-08,late,S09,B,Saturday,0,3,1,1,2,2,0.125,4.4,0
2026-08-08,late,S10,B,Saturday,0,2,1,1,2,2,0.125,4.4,0
2026-08-08,late,S11,B,Saturday,0,1,2,1,2,2,0.125,4.4,0
2026-08-08,late,S12,B,Saturday,0,2,1,1,2,2,0.125,4.4,1
2026-08-08,late,S13,C,Saturday,0,2,1,0,2,2,0.214,4.4,0
2026-08-08,late,S14,C,Saturday,0,2,2,0,2,2,0.214,4.4,0
2026-08-08,late,S15,C,Saturday,1,2,2,0,2,2,0.214,4.4,0
2026-08-08,late,S16,C,Saturday,0,2,2,0,2,2,0.214,4.4,0
2026-08-08,late,S17,C,Saturday,0,2,2,0,2,2,0.214,4.4,0
2026-08-08,late,S18,C,Saturday,1,2,0,0,2,2,0.214,4.4,0
2026-08-08,late,S19,D,Saturday,0,2,1,0,2,2,0.188,4.4,0
2026-08-08,late,S20,D,Saturday,0,2,2,0,2,2,0.188,4.4,0
2026-08-08,late,S21,D,Saturday,0,2,2,0,2,2,0.188,4.4,0
2026-08-08,late,S22,D,Saturday,0,3,2,0,2,2,0.188,4.4,0
2026-08-08,late,S23,D,Saturday,0,2,2,0,2,2,0.188,4.4,0
2026-08-08,late,S24,D,Saturday,0,2,3,0,2,2,0.188,4.4,0
2026-08-03,night,S01,A,Monday,0,3,1,2,5,2,0.203,4.9,0
2026-08-03,night,S02,A,Monday,0,2,2,2,5,2,0.203,4.9,0
2026-08-03,night,S03,A,Monday,0,1,3,2,5,2,0.203,4.9,0
2026-08-03,night,S04,A,Monday,0,2,1,2,5,2,0.203,4.9,0
2026-08-03,night,S05,A,Monday,0,2,3,2,5,2,0.203,4.9,0
2026-08-03,night,S06,A,Monday,0,1,2,2,5,2,0.203,4.9,1
2026-08-03,night,S07,B,Monday,0,2,1,1,5,2,0.141,4.9,0
2026-08-03,night,S08,B,Monday,0,1,2,1,5,2,0.141,4.9,0
2026-08-03,night,S09,B,Monday,0,2,3,1,5,2,0.141,4.9,0
2026-08-03,night,S10,B,Monday,0,2,3,1,5,2,0.141,4.9,0
2026-08-03,night,S11,B,Monday,0,2,1,1,5,2,0.141,4.9,0
2026-08-03,night,S12,B,Monday,0,2,1,1,5,2,0.141,4.9,0
2026-08-03,night,S13,C,Monday,0,2,2,1,5,2,0.177,4.9,0
2026-08-03,night,S14,C,Monday,0,1,3,1,5,2,0.177,4.9,0
2026-08-03,night,S15,C,Monday,1,2,2,1,5,2,0.177,4.9,0
2026-08-03,night,S16,C,Monday,0,2,2,1,5,2,0.177,4.9,0
2026-08-03,night,S17,C,Monday,0,2,0,1,5,2,0.177,4.9,0
2026-08-03,night,S18,C,Monday,1,2,0,1,5,2,0.177,4.9,0
2026-08-03,night,S19,D,Monday,0,3,1,1,5,2,0.172,4.9,0
2026-08-03,night,S20,D,Monday,0,3,2,1,5,2,0.172,4.9,0
2026-08-03,night,S21,D,Monday,0,1,1,1,5,2,0.172,4.9,1
2026-08-03,night,S22,D,Monday,0,3,1,1,5,2,0.172,4.9,0
2026-08-03,night,S23,D,Monday,0,2,2,1,5,2,0.172,4.9,0
2026-08-03,night,S24,D,Monday,0,2,1,1,5,2,0.172,4.9,0
2026-08-04,night,S01,A,Tuesday,0,3,1,2,5,2,0.198,4.9,0
2026-08-04,night,S02,A,Tuesday,0,2,2,2,5,2,0.198,4.9,0
2026-08-04,night,S03,A,Tuesday,0,1,3,2,5,2,0.198,4.9,0
2026-08-04,night,S04,A,Tuesday,0,2,1,2,5,2,0.198,4.9,0
2026-08-04,night,S05,A,Tuesday,0,2,3,2,5,2,0.198,4.9,0
2026-08-04,night,S06,A,Tuesday,0,1,2,2,5,2,0.198,4.9,0
2026-08-04,night,S07,B,Tuesday,0,2,1,1,5,2,0.146,4.9,0
2026-08-04,night,S08,B,Tuesday,0,1,2,1,5,2,0.146,4.9,1
2026-08-04,night,S09,B,Tuesday,0,2,3,1,5,2,0.146,4.9,0
2026-08-04,night,S10,B,Tuesday,0,2,3,1,5,2,0.146,4.9,0
2026-08-04,night,S11,B,Tuesday,0,2,1,1,5,2,0.146,4.9,0
2026-08-04,night,S12,B,Tuesday,0,2,1,1,5,2,0.146,4.9,0
2026-08-04,night,S13,C,Tuesday,0,2,2,1,5,2,0.182,4.9,0
2026-08-04,night,S14,C,Tuesday,0,1,3,1,5,2,0.182,4.9,0
2026-08-04,night,S15,C,Tuesday,1,2,2,1,5,2,0.182,4.9,0
2026-08-04,night,S16,C,Tuesday,0,2,2,1,5,2,0.182,4.9,0
2026-08-04,night,S17,C,Tuesday,0,2,0,1,5,2,0.182,4.9,0
2026-08-04,night,S18,C,Tuesday,1,2,0,1,5,2,0.182,4.9,0
2026-08-04,night,S19,D,Tuesday,0,3,1,1,5,2,0.167,4.9,0
2026-08-04,night,S20,D,Tuesday,0,3,2,1,5,2,0.167,4.9,0
2026-08-04,night,S21,D,Tuesday,0,1,1,1,5,2,0.167,4.9,1
2026-08-04,night,S22,D,Tuesday,0,3,1,1,5,2,0.167,4.9,1
2026-08-04,night,S23,D,Tuesday,0,2,2,1,5,2,0.167,4.9,0
2026-08-04,night,S24,D,Tuesday,0,2,1,1,5,2,0.167,4.9,0
2026-08-05,night,S01,A,Wednesday,0,3,1,2,5,2,0.198,4.9,0
2026-08-05,night,S02,A,Wednesday,0,2,2,2,5,2,0.198,4.9,0
2026-08-05,night,S03,A,Wednesday,0,1,3,2,5,2,0.198,4.9,0
2026-08-05,night,S04,A,Wednesday,0,2,1,2,5,2,0.198,4.9,0
2026-08-05,night,S05,A,Wednesday,0,2,3,2,5,2,0.198,4.9,0
2026-08-05,night,S06,A,Wednesday,0,1,2,2,5,2,0.198,4.9,1
2026-08-05,night,S07,B,Wednesday,0,2,1,1,5,2,0.141,4.9,0
2026-08-05,night,S08,B,Wednesday,0,1,2,1,5,2,0.141,4.9,0
2026-08-05,night,S09,B,Wednesday,0,2,3,1,5,2,0.141,4.9,0
2026-08-05,night,S10,B,Wednesday,0,2,3,1,5,2,0.141,4.9,0
2026-08-05,night,S11,B,Wednesday,0,2,1,1,5,2,0.141,4.9,0
2026-08-05,night,S12,B,Wednesday,0,2,1,1,5,2,0.141,4.9,0
2026-08-05,night,S13,C,Wednesday,0,2,2,1,5,2,0.177,4.9,0
2026-08-05,night,S14,C,Wednesday,0,1,3,1,5,2,0.177,4.9,0
2026-08-05,night,S15,C,Wednesday,1,2,2,1,5,2,0.177,4.9,0
2026-08-05,night,S16,C,Wednesday,0,2,2,1,5,2,0.177,4.9,0
2026-08-05,night,S17,C,Wednesday,0,2,0,1,5,2,0.177,4.9,0
2026-08-05,night,S18,C,Wednesday,1,2,0,1,5,2,0.177,4.9,0
2026-08-05,night,S19,D,Wednesday,0,3,1,1,5,2,0.182,4.9,0
2026-08-05,night,S20,D,Wednesday,0,3,2,1,5,2,0.182,4.9,0
2026-08-05,night,S21,D,Wednesday,0,1,1,1,5,2,0.182,4.9,0
2026-08-05,night,S22,D,Wednesday,0,3,1,1,5,2,0.182,4.9,0
2026-08-05,night,S23,D,Wednesday,0,2,2,1,5,2,0.182,4.9,0
2026-08-05,night,S24,D,Wednesday,0,2,1,1,5,2,0.182,4.9,0
2026-08-06,night,S01,A,Thursday,0,3,1,2,5,2,0.198,4.9,1
2026-08-06,night,S02,A,Thursday,0,2,2,2,5,2,0.198,4.9,0
2026-08-06,night,S03,A,Thursday,0,1,3,2,5,2,0.198,4.9,0
2026-08-06,night,S04,A,Thursday,0,2,1,2,5,2,0.198,4.9,0
2026-08-06,night,S05,A,Thursday,0,2,3,2,5,2,0.198,4.9,0
2026-08-06,night,S06,A,Thursday,0,1,2,2,5,2,0.198,4.9,0
2026-08-06,night,S07,B,Thursday,0,2,1,1,5,2,0.141,4.9,0
2026-08-06,night,S08,B,Thursday,0,1,2,1,5,2,0.141,4.9,0
2026-08-06,night,S09,B,Thursday,0,2,3,1,5,2,0.141,4.9,0
2026-08-06,night,S10,B,Thursday,0,2,3,1,5,2,0.141,4.9,0
2026-08-06,night,S11,B,Thursday,0,2,1,1,5,2,0.141,4.9,0
2026-08-06,night,S12,B,Thursday,0,2,1,1,5,2,0.141,4.9,0
2026-08-06,night,S13,C,Thursday,0,2,2,1,5,2,0.167,4.9,0
2026-08-06,night,S14,C,Thursday,0,1,3,1,5,2,0.167,4.9,0
2026-08-06,night,S15,C,Thursday,1,2,2,1,5,2,0.167,4.9,0
2026-08-06,night,S16,C,Thursday,0,2,2,1,5,2,0.167,4.9,0
2026-08-06,night,S17,C,Thursday,0,2,0,1,5,2,0.167,4.9,1
2026-08-06,night,S18,C,Thursday,1,2,0,1,5,2,0.167,4.9,0
2026-08-06,night,S19,D,Thursday,0,3,1,1,5,2,0.182,4.9,0
2026-08-06,night,S20,D,Thursday,0,3,2,1,5,2,0.182,4.9,0
2026-08-06,night,S21,D,Thursday,0,1,1,1,5,2,0.182,4.9,1
2026-08-06,night,S22,D,Thursday,0,3,1,1,5,2,0.182,4.9,0
2026-08-06,night,S23,D,Thursday,0,2,2,1,5,2,0.182,4.9,0
2026-08-06,night,S24,D,Thursday,0,2,1,1,5,2,0.182,4.9,0
2026-08-07,night,S01,A,Friday,0,3,1,2,5,2,0.214,4.9,1
2026-08-07,night,S02,A,Friday,0,2,2,2,5,2,0.214,4.9,0
2026-08-07,night,S03,A,Friday,0,1,3,2,5,2,0.214,4.9,0
2026-08-07,night,S04,A,Friday,0,2,1,2,5,2,0.214,4.9,0
2026-08-07,night,S05,A,Friday,0,2,3,2,5,2,0.214,4.9,0
2026-08-07,night,S06,A,Friday,0,1,2,2,5,2,0.214,4.9,1
2026-08-07,night,S07,B,Friday,0,2,1,1,5,2,0.151,4.9,1
2026-08-07,night,S08,B,Friday,0,1,2,1,5,2,0.151,4.9,0
2026-08-07,night,S09,B,Friday,0,2,3,1,5,2,0.151,4.9,0
2026-08-07,night,S10,B,Friday,0,2,3,1,5,2,0.151,4.9,1
2026-08-07,night,S11,B,Friday,0,2,1,1,5,2,0.151,4.9,0
2026-08-07,night,S12,B,Friday,0,2,1,1,5,2,0.151,4.9,0
2026-08-07,night,S13,C,Friday,0,2,2,1,5,2,0.167,4.9,0
2026-08-07,night,S14,C,Friday,0,1,3,1,5,2,0.167,4.9,0
2026-08-07,night,S15,C,Friday,1,2,2,1,5,2,0.167,4.9,0
2026-08-07,night,S16,C,Friday,0,2,2,1,5,2,0.167,4.9,0
2026-08-07,night,S17,C,Friday,0,2,0,1,5,2,0.167,4.9,0
2026-08-07,night,S18,C,Friday,1,2,0,1,5,2,0.167,4.9,1
2026-08-07,night,S19,D,Friday,0,3,1,1,5,2,0.188,4.9,0
2026-08-07,night,S20,D,Friday,0,3,2,1,5,2,0.188,4.9,0
2026-08-07,night,S21,D,Friday,0,1,1,1,5,2,0.188,4.9,1
2026-08-07,night,S22,D,Friday,0,3,1,1,5,2,0.188,4.9,0
2026-08-07,night,S23,D,Friday,0,2,2,1,5,2,0.188,4.9,0
2026-08-07,night,S24,D,Friday,0,2,1,1,5,2,0.188,4.9,0
2026-08-08,night,S01,A,Saturday,0,3,1,2,5,2,0.203,4.9,0
2026-08-08,night,S02,A,Saturday,0,2,2,2,5,2,0.203,4.9,0
2026-08-08,night,S03,A,Saturday,0,1,3,2,5,2,0.203,4.9,0
2026-08-08,night,S04,A,Saturday,0,2,1,2,5,2,0.203,4.9,0
2026-08-08,night,S05,A,Saturday,0,2,3,2,5,2,0.203,4.9,0
2026-08-08,night,S06,A,Saturday,0,1,2,2,5,2,0.203,4.9,0
2026-08-08,night,S07,B,Saturday,0,2,1,1,5,2,0.172,4.9,0
2026-08-08,night,S08,B,Saturday,0,1,2,1,5,2,0.172,4.9,0
2026-08-08,night,S09,B,Saturday,0,2,3,1,5,2,0.172,4.9,0
2026-08-08,night,S10,B,Saturday,0,2,3,1,5,2,0.172,4.9,0
2026-08-08,night,S11,B,Saturday,0,2,1,1,5,2,0.172,4.9,0
2026-08-08,night,S12,B,Saturday,0,2,1,1,5,2,0.172,4.9,0
2026-08-08,night,S13,C,Saturday,0,2,2,1,5,2,0.167,4.9,0
2026-08-08,night,S14,C,Saturday,0,1,3,1,5,2,0.167,4.9,0
2026-08-08,night,S15,C,Saturday,1,2,2,1,5,2,0.167,4.9,0
2026-08-08,night,S16,C,Saturday,0,2,2,1,5,2,0.167,4.9,0
2026-08-08,night,S17,C,Saturday,0,2,0,1,5,2,0.167,4.9,0
2026-08-08,night,S18,C,Saturday,1,2,0,1,5,2,0.167,4.9,0
2026-08-08,night,S19,D,Saturday,0,3,1,1,5,2,0.182,4.9,0
2026-08-08,night,S20,D,Saturday,0,3,2,1,5,2,0.182,4.9,0
2026-08-08,night,S21,D,Saturday,0,1,1,1,5,2,0.182,4.9,0
2026-08-08,night,S22,D,Saturday,0,3,1,1,5,2,0.182,4.9,0
2026-08-08,night,S23,D,Saturday,0,2,2,1,5,2,0.182,4.9,0
2026-08-08,night,S24,D,Saturday,0,2,1,1,5,2,0.182,4.9,0
2026-08-10,early,S01,A,Monday,0,1,0,2,3,2,0.151,4.2,1
2026-08-10,early,S02,A,Monday,0,2,2,2,3,2,0.151,4.2,0
2026-08-10,early,S03,A,Monday,0,2,2,2,3,2,0.151,4.2,0
2026-08-10,early,S04,A,Monday,0,1,1,2,3,2,0.151,4.2,0
2026-08-10,early,S05,A,Monday,0,2,2,2,3,2,0.151,4.2,0
2026-08-10,early,S06,A,Monday,0,2,1,2,3,2,0.151,4.2,0
2026-08-10,early,S07,B,Monday,0,2,3,1,3,2,0.167,4.2,0
2026-08-10,early,S08,B,Monday,0,2,2,1,3,2,0.167,4.2,0
2026-08-10,early,S09,B,Monday,0,2,2,1,3,2,0.167,4.2,0
2026-08-10,early,S10,B,Monday,0,2,2,1,3,2,0.167,4.2,0
2026-08-10,early,S11,B,Monday,0,3,1,1,3,2,0.167,4.2,0
2026-08-10,early,S12,B,Monday,0,1,1,1,3,2,0.167,4.2,1
2026-08-10,early,S13,C,Monday,0,2,2,0,3,2,0.193,4.2,0
2026-08-10,early,S14,C,Monday,0,2,1,0,3,2,0.193,4.2,0
2026-08-10,early,S15,C,Monday,1,3,2,0,3,2,0.193,4.2,0
2026-08-10,early,S16,C,Monday,0,2,1,0,3,2,0.193,4.2,0
2026-08-10,early,S17,C,Monday,0,2,1,0,3,2,0.193,4.2,0
2026-08-10,early,S18,C,Monday,1,2,3,0,3,2,0.193,4.2,0
2026-08-10,early,S19,D,Monday,0,2,3,0,3,2,0.125,4.2,0
2026-08-10,early,S20,D,Monday,0,3,2,0,3,2,0.125,4.2,0
2026-08-10,early,S21,D,Monday,0,2,1,0,3,2,0.125,4.2,0
2026-08-10,early,S22,D,Monday,0,2,2,0,3,2,0.125,4.2,0
2026-08-10,early,S23,D,Monday,0,2,1,0,3,2,0.125,4.2,0
2026-08-10,early,S24,D,Monday,0,2,2,0,3,2,0.125,4.2,0
2026-08-11,early,S01,A,Tuesday,0,1,0,2,3,2,0.146,4.2,1
2026-08-11,early,S02,A,Tuesday,0,2,2,2,3,2,0.146,4.2,0
2026-08-11,early,S03,A,Tuesday,0,2,2,2,3,2,0.146,4.2,0
2026-08-11,early,S04,A,Tuesday,0,1,1,2,3,2,0.146,4.2,0
2026-08-11,early,S05,A,Tuesday,0,2,2,2,3,2,0.146,4.2,0
2026-08-11,early,S06,A,Tuesday,0,2,1,2,3,2,0.146,4.2,1
2026-08-11,early,S07,B,Tuesday,0,2,3,1,3,2,0.161,4.2,0
2026-08-11,early,S08,B,Tuesday,0,2,2,1,3,2,0.161,4.2,0
2026-08-11,early,S09,B,Tuesday,0,2,2,1,3,2,0.161,4.2,0
2026-08-11,early,S10,B,Tuesday,0,2,2,1,3,2,0.161,4.2,0
2026-08-11,early,S11,B,Tuesday,0,3,1,1,3,2,0.161,4.2,1
2026-08-11,early,S12,B,Tuesday,0,1,1,1,3,2,0.161,4.2,0
2026-08-11,early,S13,C,Tuesday,0,2,2,0,3,2,0.188,4.2,0
2026-08-11,early,S14,C,Tuesday,0,2,1,0,3,2,0.188,4.2,0
2026-08-11,early,S15,C,Tuesday,1,3,2,0,3,2,0.188,4.2,0
2026-08-11,early,S16,C,Tuesday,0,2,1,0,3,2,0.188,4.2,0
2026-08-11,early,S17,C,Tuesday,0,2,1,0,3,2,0.188,4.2,0
2026-08-11,early,S18,C,Tuesday,1,2,3,0,3,2,0.188,4.2,0
2026-08-11,early,S19,D,Tuesday,0,2,3,0,3,2,0.13,4.2,0
2026-08-11,early,S20,D,Tuesday,0,3,2,0,3,2,0.13,4.2,0
2026-08-11,early,S21,D,Tuesday,0,2,1,0,3,2,0.13,4.2,0
2026-08-11,early,S22,D,Tuesday,0,2,2,0,3,2,0.13,4.2,1
2026-08-11,early,S23,D,Tuesday,0,2,1,0,3,2,0.13,4.2,0
2026-08-11,early,S24,D,Tuesday,0,2,2,0,3,2,0.13,4.2,0
2026-08-12,early,S01,A,Wednesday,0,1,0,2,3,2,0.156,4.2,1
2026-08-12,early,S02,A,Wednesday,0,2,2,2,3,2,0.156,4.2,0
2026-08-12,early,S03,A,Wednesday,0,2,2,2,3,2,0.156,4.2,0
2026-08-12,early,S04,A,Wednesday,0,1,1,2,3,2,0.156,4.2,0
2026-08-12,early,S05,A,Wednesday,0,2,2,2,3,2,0.156,4.2,0
2026-08-12,early,S06,A,Wednesday,0,2,1,2,3,2,0.156,4.2,0
2026-08-12,early,S07,B,Wednesday,0,2,3,1,3,2,0.156,4.2,0
2026-08-12,early,S08,B,Wednesday,0,2,2,1,3,2,0.156,4.2,0
2026-08-12,early,S09,B,Wednesday,0,2,2,1,3,2,0.156,4.2,0
2026-08-12,early,S10,B,Wednesday,0,2,2,1,3,2,0.156,4.2,0
2026-08-12,early,S11,B,Wednesday,0,3,1,1,3,2,0.156,4.2,0
2026-08-12,early,S12,B,Wednesday,0,1,1,1,3,2,0.156,4.2,1
2026-08-12,early,S13,C,Wednesday,0,2,2,0,3,2,0.182,4.2,0
2026-08-12,early,S14,C,Wednesday,0,2,1,0,3,2,0.182,4.2,0
2026-08-12,early,S15,C,Wednesday,1,3,2,0,3,2,0.182,4.2,0
2026-08-12,early,S16,C,Wednesday,0,2,1,0,3,2,0.182,4.2,0
2026-08-12,early,S17,C,Wednesday,0,2,1,0,3,2,0.182,4.2,0
2026-08-12,early,S18,C,Wednesday,1,2,3,0,3,2,0.182,4.2,0
2026-08-12,early,S19,D,Wednesday,0,2,3,0,3,2,0.135,4.2,0
2026-08-12,early,S20,D,Wednesday,0,3,2,0,3,2,0.135,4.2,0
2026-08-12,early,S21,D,Wednesday,0,2,1,0,3,2,0.135,4.2,1
2026-08-12,early,S22,D,Wednesday,0,2,2,0,3,2,0.135,4.2,0
2026-08-12,early,S23,D,Wednesday,0,2,1,0,3,2,0.135,4.2,0
2026-08-12,early,S24,D,Wednesday,0,2,2,0,3,2,0.135,4.2,0
2026-08-13,early,S01,A,Thursday,0,1,0,2,3,2,0.161,4.2,1
2026-08-13,early,S02,A,Thursday,0,2,2,2,3,2,0.161,4.2,0
2026-08-13,early,S03,A,Thursday,0,2,2,2,3,2,0.161,4.2,0
2026-08-13,early,S04,A,Thursday,0,1,1,2,3,2,0.161,4.2,0
2026-08-13,early,S05,A,Thursday,0,2,2,2,3,2,0.161,4.2,0
2026-08-13,early,S06,A,Thursday,0,2,1,2,3,2,0.161,4.2,0
2026-08-13,early,S07,B,Thursday,0,2,3,1,3,2,0.156,4.2,0
2026-08-13,early,S08,B,Thursday,0,2,2,1,3,2,0.156,4.2,0
2026-08-13,early,S09,B,Thursday,0,2,2,1,3,2,0.156,4.2,0
2026-08-13,early,S10,B,Thursday,0,2,2,1,3,2,0.156,4.2,0
2026-08-13,early,S11,B,Thursday,0,3,1,1,3,2,0.156,4.2,0
2026-08-13,early,S12,B,Thursday,0,1,1,1,3,2,0.156,4.2,0
2026-08-13,early,S13,C,Thursday,0,2,2,0,3,2,0.172,4.2,0
2026-08-13,early,S14,C,Thursday,0,2,1,0,3,2,0.172,4.2,0
2026-08-13,early,S15,C,Thursday,1,3,2,0,3,2,0.172,4.2,0
2026-08-13,early,S16,C,Thursday,0,2,1,0,3,2,0.172,4.2,0
2026-08-13,early,S17,C,Thursday,0,2,1,0,3,2,0.172,4.2,0
2026-08-13,early,S18,C,Thursday,1,2,3,0,3,2,0.172,4.2,0
2026-08-13,early,S19,D,Thursday,0,2,3,0,3,2,0.146,4.2,0
2026-08-13,early,S20,D,Thursday,0,3,2,0,3,2,0.146,4.2,0
2026-08-13,early,S21,D,Thursday,0,2,1,0,3,2,0.146,4.2,0
2026-08-13,early,S22,D,Thursday,0,2,2,0,3,2,0.146,4.2,0
2026-08-13,early,S23,D,Thursday,0,2,1,0,3,2,0.146,4.2,0
2026-08-13,early,S24,D,Thursday,0,2,2,0,3,2,0.146,4.2,0
2026-08-14,early,S01,A,Friday,0,1,0,2,3,2,0.161,4.2,1
2026-08-14,early,S02,A,Friday,0,2,2,2,3,2,0.161,4.2,0
2026-08-14,early,S03,A,Friday,0,2,2,2,3,2,0.161,4.2,0
2026-08-14,early,S04,A,Friday,0,1,1,2,3,2,0.161,4.2,0
2026-08-14,early,S05,A,Friday,0,2,2,2,3,2,0.161,4.2,0
2026-08-14,early,S06,A,Friday,0,2,1,2,3,2,0.161,4.2,0
2026-08-14,early,S07,B,Friday,0,2,3,1,3,2,0.156,4.2,0
2026-08-14,early,S08,B,Friday,0,2,2,1,3,2,0.156,4.2,0
2026-08-14,early,S09,B,Friday,0,2,2,1,3,2,0.156,4.2,0
2026-08-14,early,S10,B,Friday,0,2,2,1,3,2,0.156,4.2,0
2026-08-14,early,S11,B,Friday,0,3,1,1,3,2,0.156,4.2,0
2026-08-14,early,S12,B,Friday,0,1,1,1,3,2,0.156,4.2,1
2026-08-14,early,S13,C,Friday,0,2,2,0,3,2,0.161,4.2,0
2026-08-14,early,S14,C,Friday,0,2,1,0,3,2,0.161,4.2,0
2026-08-14,early,S15,C,Friday,1,3,2,0,3,2,0.161,4.2,0
2026-08-14,early,S16,C,Friday,0,2,1,0,3,2,0.161,4.2,0
2026-08-14,early,S17,C,Friday,0,2,1,0,3,2,0.161,4.2,0
2026-08-14,early,S18,C,Friday,1,2,3,0,3,2,0.161,4.2,0
2026-08-14,early,S19,D,Friday,0,2,3,0,3,2,0.141,4.2,0
2026-08-14,early,S20,D,Friday,0,3,2,0,3,2,0.141,4.2,0
2026-08-14,early,S21,D,Friday,0,2,1,0,3,2,0.141,4.2,0
2026-08-14,early,S22,D,Friday,0,2,2,0,3,2,0.141,4.2,0
2026-08-14,early,S23,D,Friday,0,2,1,0,3,2,0.141,4.2,0
2026-08-14,early,S24,D,Friday,0,2,2,0,3,2,0.141,4.2,0
2026-08-15,early,S01,A,Saturday,0,1,0,2,3,2,0.172,4.2,1
2026-08-15,early,S02,A,Saturday,0,2,2,2,3,2,0.172,4.2,0
2026-08-15,early,S03,A,Saturday,0,2,2,2,3,2,0.172,4.2,0
2026-08-15,early,S04,A,Saturday,0,1,1,2,3,2,0.172,4.2,0
2026-08-15,early,S05,A,Saturday,0,2,2,2,3,2,0.172,4.2,0
2026-08-15,early,S06,A,Saturday,0,2,1,2,3,2,0.172,4.2,1
2026-08-15,early,S07,B,Saturday,0,2,3,1,3,2,0.156,4.2,0
2026-08-15,early,S08,B,Saturday,0,2,2,1,3,2,0.156,4.2,0
2026-08-15,early,S09,B,Saturday,0,2,2,1,3,2,0.156,4.2,0
2026-08-15,early,S10,B,Saturday,0,2,2,1,3,2,0.156,4.2,0
2026-08-15,early,S11,B,Saturday,0,3,1,1,3,2,0.156,4.2,0
2026-08-15,early,S12,B,Saturday,0,1,1,1,3,2,0.156,4.2,0
2026-08-15,early,S13,C,Saturday,0,2,2,0,3,2,0.161,4.2,0
2026-08-15,early,S14,C,Saturday,0,2,1,0,3,2,0.161,4.2,1
2026-08-15,early,S15,C,Saturday,1,3,2,0,3,2,0.161,4.2,0
2026-08-15,early,S16,C,Saturday,0,2,1,0,3,2,0.161,4.2,0
2026-08-15,early,S17,C,Saturday,0,2,1,0,3,2,0.161,4.2,0
2026-08-15,early,S18,C,Saturday,1,2,3,0,3,2,0.161,4.2,0
2026-08-15,early,S19,D,Saturday,0,2,3,0,3,2,0.141,4.2,0
2026-08-15,early,S20,D,Saturday,0,3,2,0,3,2,0.141,4.2,0
2026-08-15,early,S21,D,Saturday,0,2,1,0,3,2,0.141,4.2,0
2026-08-15,early,S22,D,Saturday,0,2,2,0,3,2,0.141,4.2,0
2026-08-15,early,S23,D,Saturday,0,2,1,0,3,2,0.141,4.2,0
2026-08-15,early,S24,D,Saturday,0,2,2,0,3,2,0.141,4.2,0
2026-08-10,late,S01,A,Monday,0,2,2,1,4,2,0.172,3.8,0
2026-08-10,late,S02,A,Monday,0,2,2,1,4,2,0.172,3.8,0
2026-08-10,late,S03,A,Monday,0,1,3,1,4,2,0.172,3.8,0
2026-08-10,late,S04,A,Monday,0,3,1,1,4,2,0.172,3.8,0
2026-08-10,late,S05,A,Monday,0,3,3,1,4,2,0.172,3.8,0
2026-08-10,late,S06,A,Monday,0,2,0,1,4,2,0.172,3.8,0
2026-08-10,late,S07,B,Monday,0,3,2,1,4,2,0.12,3.8,0
2026-08-10,late,S08,B,Monday,0,2,1,1,4,2,0.12,3.8,0
2026-08-10,late,S09,B,Monday,0,3,1,1,4,2,0.12,3.8,0
2026-08-10,late,S10,B,Monday,0,2,1,1,4,2,0.12,3.8,0
2026-08-10,late,S11,B,Monday,0,1,2,1,4,2,0.12,3.8,0
2026-08-10,late,S12,B,Monday,0,2,1,1,4,2,0.12,3.8,0
2026-08-10,late,S13,C,Monday,0,1,1,2,4,2,0.203,3.8,0
2026-08-10,late,S14,C,Monday,0,2,2,2,4,2,0.203,3.8,0
2026-08-10,late,S15,C,Monday,1,2,2,2,4,2,0.203,3.8,0
2026-08-10,late,S16,C,Monday,0,1,2,2,4,2,0.203,3.8,0
2026-08-10,late,S17,C,Monday,0,2,2,2,4,2,0.203,3.8,0
2026-08-10,late,S18,C,Monday,1,2,0,2,4,2,0.203,3.8,0
2026-08-10,late,S19,D,Monday,0,2,1,0,4,2,0.193,3.8,0
2026-08-10,late,S20,D,Monday,0,2,2,0,4,2,0.193,3.8,0
2026-08-10,late,S21,D,Monday,0,2,2,0,4,2,0.193,3.8,0
2026-08-10,late,S22,D,Monday,0,3,2,0,4,2,0.193,3.8,0
2026-08-10,late,S23,D,Monday,0,2,2,0,4,2,0.193,3.8,0
2026-08-10,late,S24,D,Monday,0,2,3,0,4,2,0.193,3.8,0
2026-08-11,late,S01,A,Tuesday,0,2,2,1,4,2,0.167,3.8,0
2026-08-11,late,S02,A,Tuesday,0,2,2,1,4,2,0.167,3.8,1
2026-08-11,late,S03,A,Tuesday,0,1,3,1,4,2,0.167,3.8,0
2026-08-11,late,S04,A,Tuesday,0,3,1,1,4,2,0.167,3.8,0
2026-08-11,late,S05,A,Tuesday,0,3,3,1,4,2,0.167,3.8,0
2026-08-11,late,S06,A,Tuesday,0,2,0,1,4,2,0.167,3.8,0
2026-08-11,late,S07,B,Tuesday,0,3,2,1,4,2,0.125,3.8,0
2026-08-11,late,S08,B,Tuesday,0,2,1,1,4,2,0.125,3.8,0
2026-08-11,late,S09,B,Tuesday,0,3,1,1,4,2,0.125,3.8,0
2026-08-11,late,S10,B,Tuesday,0,2,1,1,4,2,0.125,3.8,0
2026-08-11,late,S11,B,Tuesday,0,1,2,1,4,2,0.125,3.8,0
2026-08-11,late,S12,B,Tuesday,0,2,1,1,4,2,0.125,3.8,0
2026-08-11,late,S13,C,Tuesday,0,1,1,2,4,2,0.203,3.8,1
2026-08-11,late,S14,C,Tuesday,0,2,2,2,4,2,0.203,3.8,0
2026-08-11,late,S15,C,Tuesday,1,2,2,2,4,2,0.203,3.8,0
2026-08-11,late,S16,C,Tuesday,0,1,2,2,4,2,0.203,3.8,1
2026-08-11,late,S17,C,Tuesday,0,2,2,2,4,2,0.203,3.8,0
2026-08-11,late,S18,C,Tuesday,1,2,0,2,4,2,0.203,3.8,1
2026-08-11,late,S19,D,Tuesday,0,2,1,0,4,2,0.188,3.8,0
2026-08-11,late,S20,D,Tuesday,0,2,2,0,4,2,0.188,3.8,0
2026-08-11,late,S21,D,Tuesday,0,2,2,0,4,2,0.188,3.8,0
2026-08-11,late,S22,D,Tuesday,0,3,2,0,4,2,0.188,3.8,0
2026-08-11,late,S23,D,Tuesday,0,2,2,0,4,2,0.188,3.8,0
2026-08-11,late,S24,D,Tuesday,0,2,3,0,4,2,0.188,3.8,0
2026-08-12,late,S01,A,Wednesday,0,2,2,1,4,2,0.172,3.8,0
2026-08-12,late,S02,A,Wednesday,0,2,2,1,4,2,0.172,3.8,0
2026-08-12,late,S03,A,Wednesday,0,1,3,1,4,2,0.172,3.8,0
2026-08-12,late,S04,A,Wednesday,0,3,1,1,4,2,0.172,3.8,0
2026-08-12,late,S05,A,Wednesday,0,3,3,1,4,2,0.172,3.8,0
2026-08-12,late,S06,A,Wednesday,0,2,0,1,4,2,0.172,3.8,1
2026-08-12,late,S07,B,Wednesday,0,3,2,1,4,2,0.13,3.8,0
2026-08-12,late,S08,B,Wednesday,0,2,1,1,4,2,0.13,3.8,0
2026-08-12,late,S09,B,Wednesday,0,3,1,1,4,2,0.13,3.8,0
2026-08-12,late,S10,B,Wednesday,0,2,1,1,4,2,0.13,3.8,0
2026-08-12,late,S11,B,Wednesday,0,1,2,1,4,2,0.13,3.8,0
2026-08-12,late,S12,B,Wednesday,0,2,1,1,4,2,0.13,3.8,0
2026-08-12,late,S13,C,Wednesday,0,1,1,2,4,2,0.208,3.8,1
2026-08-12,late,S14,C,Wednesday,0,2,2,2,4,2,0.208,3.8,0
2026-08-12,late,S15,C,Wednesday,1,2,2,2,4,2,0.208,3.8,0
2026-08-12,late,S16,C,Wednesday,0,1,2,2,4,2,0.208,3.8,1
2026-08-12,late,S17,C,Wednesday,0,2,2,2,4,2,0.208,3.8,0
2026-08-12,late,S18,C,Wednesday,1,2,0,2,4,2,0.208,3.8,1
2026-08-12,late,S19,D,Wednesday,0,2,1,0,4,2,0.188,3.8,0
2026-08-12,late,S20,D,Wednesday,0,2,2,0,4,2,0.188,3.8,0
2026-08-12,late,S21,D,Wednesday,0,2,2,0,4,2,0.188,3.8,0
2026-08-12,late,S22,D,Wednesday,0,3,2,0,4,2,0.188,3.8,0
2026-08-12,late,S23,D,Wednesday,0,2,2,0,4,2,0.188,3.8,0
2026-08-12,late,S24,D,Wednesday,0,2,3,0,4,2,0.188,3.8,0
2026-08-13,late,S01,A,Thursday,0,2,2,1,4,2,0.172,3.8,0
2026-08-13,late,S02,A,Thursday,0,2,2,1,4,2,0.172,3.8,0
2026-08-13,late,S03,A,Thursday,0,1,3,1,4,2,0.172,3.8,0
2026-08-13,late,S04,A,Thursday,0,3,1,1,4,2,0.172,3.8,0
2026-08-13,late,S05,A,Thursday,0,3,3,1,4,2,0.172,3.8,0
2026-08-13,late,S06,A,Thursday,0,2,0,1,4,2,0.172,3.8,1
2026-08-13,late,S07,B,Thursday,0,3,2,1,4,2,0.13,3.8,0
2026-08-13,late,S08,B,Thursday,0,2,1,1,4,2,0.13,3.8,0
2026-08-13,late,S09,B,Thursday,0,3,1,1,4,2,0.13,3.8,0
2026-08-13,late,S10,B,Thursday,0,2,1,1,4,2,0.13,3.8,0
2026-08-13,late,S11,B,Thursday,0,1,2,1,4,2,0.13,3.8,0
2026-08-13,late,S12,B,Thursday,0,2,1,1,4,2,0.13,3.8,0
2026-08-13,late,S13,C,Thursday,0,1,1,2,4,2,0.229,3.8,0
2026-08-13,late,S14,C,Thursday,0,2,2,2,4,2,0.229,3.8,0
2026-08-13,late,S15,C,Thursday,1,2,2,2,4,2,0.229,3.8,0
2026-08-13,late,S16,C,Thursday,0,1,2,2,4,2,0.229,3.8,1
2026-08-13,late,S17,C,Thursday,0,2,2,2,4,2,0.229,3.8,0
2026-08-13,late,S18,C,Thursday,1,2,0,2,4,2,0.229,3.8,0
2026-08-13,late,S19,D,Thursday,0,2,1,0,4,2,0.177,3.8,1
2026-08-13,late,S20,D,Thursday,0,2,2,0,4,2,0.177,3.8,0
2026-08-13,late,S21,D,Thursday,0,2,2,0,4,2,0.177,3.8,0
2026-08-13,late,S22,D,Thursday,0,3,2,0,4,2,0.177,3.8,0
2026-08-13,late,S23,D,Thursday,0,2,2,0,4,2,0.177,3.8,0
2026-08-13,late,S24,D,Thursday,0,2,3,0,4,2,0.177,3.8,0
2026-08-14,late,S01,A,Friday,0,2,2,1,4,2,0.177,3.8,0
2026-08-14,late,S02,A,Friday,0,2,2,1,4,2,0.177,3.8,0
2026-08-14,late,S03,A,Friday,0,1,3,1,4,2,0.177,3.8,0
2026-08-14,late,S04,A,Friday,0,3,1,1,4,2,0.177,3.8,0
2026-08-14,late,S05,A,Friday,0,3,3,1,4,2,0.177,3.8,0
2026-08-14,late,S06,A,Friday,0,2,0,1,4,2,0.177,3.8,0
2026-08-14,late,S07,B,Friday,0,3,2,1,4,2,0.125,3.8,0
2026-08-14,late,S08,B,Friday,0,2,1,1,4,2,0.125,3.8,0
2026-08-14,late,S09,B,Friday,0,3,1,1,4,2,0.125,3.8,0
2026-08-14,late,S10,B,Friday,0,2,1,1,4,2,0.125,3.8,0
2026-08-14,late,S11,B,Friday,0,1,2,1,4,2,0.125,3.8,0
2026-08-14,late,S12,B,Friday,0,2,1,1,4,2,0.125,3.8,0
2026-08-14,late,S13,C,Friday,0,1,1,2,4,2,0.224,3.8,1
2026-08-14,late,S14,C,Friday,0,2,2,2,4,2,0.224,3.8,0
2026-08-14,late,S15,C,Friday,1,2,2,2,4,2,0.224,3.8,0
2026-08-14,late,S16,C,Friday,0,1,2,2,4,2,0.224,3.8,0
2026-08-14,late,S17,C,Friday,0,2,2,2,4,2,0.224,3.8,0
2026-08-14,late,S18,C,Friday,1,2,0,2,4,2,0.224,3.8,0
2026-08-14,late,S19,D,Friday,0,2,1,0,4,2,0.182,3.8,0
2026-08-14,late,S20,D,Friday,0,2,2,0,4,2,0.182,3.8,0
2026-08-14,late,S21,D,Friday,0,2,2,0,4,2,0.182,3.8,0
2026-08-14,late,S22,D,Friday,0,3,2,0,4,2,0.182,3.8,0
2026-08-14,late,S23,D,Friday,0,2,2,0,4,2,0.182,3.8,0
2026-08-14,late,S24,D,Friday,0,2,3,0,4,2,0.182,3.8,0
2026-08-15,late,S01,A,Saturday,0,2,2,1,4,2,0.177,3.8,0
2026-08-15,late,S02,A,Saturday,0,2,2,1,4,2,0.177,3.8,0
2026-08-15,late,S03,A,Saturday,0,1,3,1,4,2,0.177,3.8,0
2026-08-15,late,S04,A,Saturday,0,3,1,1,4,2,0.177,3.8,0
2026-08-15,late,S05,A,Saturday,0,3,3,1,4,2,0.177,3.8,0
2026-08-15,late,S06,A,Saturday,0,2,0,1,4,2,0.177,3.8,0
2026-08-15,late,S07,B,Saturday,0,3,2,1,4,2,0.125,3.8,0
2026-08-15,late,S08,B,Saturday,0,2,1,1,4,2,0.125,3.8,0
2026-08-15,late,S09,B,Saturday,0,3,1,1,4,2,0.125,3.8,0
2026-08-15,late,S10,B,Saturday,0,2,1,1,4,2,0.125,3.8,0
2026-08-15,late,S11,B,Saturday,0,1,2,1,4,2,0.125,3.8,0
2026-08-15,late,S12,B,Saturday,0,2,1,1,4,2,0.125,3.8,0
2026-08-15,late,S13,C,Saturday,0,1,1,2,4,2,0.219,3.8,0
2026-08-15,late,S14,C,Saturday,0,2,2,2,4,2,0.219,3.8,0
2026-08-15,late,S15,C,Saturday,1,2,2,2,4,2,0.219,3.8,0
2026-08-15,late,S16,C,Saturday,0,1,2,2,4,2,0.219,3.8,0
2026-08-15,late,S17,C,Saturday,0,2,2,2,4,2,0.219,3.8,0
2026-08-15,late,S18,C,Saturday,1,2,0,2,4,2,0.219,3.8,0
2026-08-15,late,S19,D,Saturday,0,2,1,0,4,2,0.177,3.8,0
2026-08-15,late,S20,D,Saturday,0,2,2,0,4,2,0.177,3.8,0
2026-08-15,late,S21,D,Saturday,0,2,2,0,4,2,0.177,3.8,0
2026-08-15,late,S22,D,Saturday,0,3,2,0,4,2,0.177,3.8,0
2026-08-15,late,S23,D,Saturday,0,2,2,0,4,2,0.177,3.8,0
2026-08-15,late,S24,D,Saturday,0,2,3,0,4,2,0.177,3.8,0
2026-08-10,night,S01,A,Monday,0,3,1,2,7,2,0.203,4.5,0
2026-08-10,night,S02,A,Monday,0,2,2,2,7,2,0.203,4.5,0
2026-08-10,night,S03,A,Monday,0,1,3,2,7,2,0.203,4.5,0
2026-08-10,night,S04,A,Monday,0,2,1,2,7,2,0.203,4.5,0
2026-08-10,night,S05,A,Monday,0,2,3,2,7,2,0.203,4.5,0
2026-08-10,night,S06,A,Monday,0,1,2,2,7,2,0.203,4.5,0
2026-08-10,night,S07,B,Monday,0,2,1,2,7,2,0.167,4.5,0
2026-08-10,night,S08,B,Monday,0,1,2,2,7,2,0.167,4.5,0
2026-08-10,night,S09,B,Monday,0,2,3,2,7,2,0.167,4.5,0
2026-08-10,night,S10,B,Monday,0,1,3,2,7,2,0.167,4.5,1
2026-08-10,night,S11,B,Monday,0,2,1,2,7,2,0.167,4.5,0
2026-08-10,night,S12,B,Monday,0,2,1,2,7,2,0.167,4.5,0
2026-08-10,night,S13,C,Monday,0,1,2,2,7,2,0.161,4.5,0
2026-08-10,night,S14,C,Monday,0,1,3,2,7,2,0.161,4.5,1
2026-08-10,night,S15,C,Monday,1,2,2,2,7,2,0.161,4.5,0
2026-08-10,night,S16,C,Monday,0,2,2,2,7,2,0.161,4.5,0
2026-08-10,night,S17,C,Monday,0,2,0,2,7,2,0.161,4.5,0
2026-08-10,night,S18,C,Monday,1,2,0,2,7,2,0.161,4.5,1
2026-08-10,night,S19,D,Monday,0,3,1,1,7,2,0.177,4.5,0
2026-08-10,night,S20,D,Monday,0,3,2,1,7,2,0.177,4.5,0
2026-08-10,night,S21,D,Monday,0,1,1,1,7,2,0.177,4.5,0
2026-08-10,night,S22,D,Monday,0,3,1,1,7,2,0.177,4.5,0
2026-08-10,night,S23,D,Monday,0,2,2,1,7,2,0.177,4.5,0
2026-08-10,night,S24,D,Monday,0,2,1,1,7,2,0.177,4.5,0
2026-08-11,night,S01,A,Tuesday,0,3,1,2,7,2,0.208,4.5,0
2026-08-11,night,S02,A,Tuesday,0,2,2,2,7,2,0.208,4.5,0
2026-08-11,night,S03,A,Tuesday,0,1,3,2,7,2,0.208,4.5,0
2026-08-11,night,S04,A,Tuesday,0,2,1,2,7,2,0.208,4.5,1
2026-08-11,night,S05,A,Tuesday,0,2,3,2,7,2,0.208,4.5,0
2026-08-11,night,S06,A,Tuesday,0,1,2,2,7,2,0.208,4.5,1
2026-08-11,night,S07,B,Tuesday,0,2,1,2,7,2,0.161,4.5,0
2026-08-11,night,S08,B,Tuesday,0,1,2,2,7,2,0.161,4.5,1
2026-08-11,night,S09,B,Tuesday,0,2,3,2,7,2,0.161,4.5,0
2026-08-11,night,S10,B,Tuesday,0,1,3,2,7,2,0.161,4.5,1
2026-08-11,night,S11,B,Tuesday,0,2,1,2,7,2,0.161,4.5,0
2026-08-11,night,S12,B,Tuesday,0,2,1,2,7,2,0.161,4.5,0
2026-08-11,night,S13,C,Tuesday,0,1,2,2,7,2,0.167,4.5,0
2026-08-11,night,S14,C,Tuesday,0,1,3,2,7,2,0.167,4.5,0
2026-08-11,night,S15,C,Tuesday,1,2,2,2,7,2,0.167,4.5,0
2026-08-11,night,S16,C,Tuesday,0,2,2,2,7,2,0.167,4.5,0
2026-08-11,night,S17,C,Tuesday,0,2,0,2,7,2,0.167,4.5,0
2026-08-11,night,S18,C,Tuesday,1,2,0,2,7,2,0.167,4.5,0
2026-08-11,night,S19,D,Tuesday,0,3,1,1,7,2,0.167,4.5,0
2026-08-11,night,S20,D,Tuesday,0,3,2,1,7,2,0.167,4.5,0
2026-08-11,night,S21,D,Tuesday,0,1,1,1,7,2,0.167,4.5,1
2026-08-11,night,S22,D,Tuesday,0,3,1,1,7,2,0.167,4.5,0
2026-08-11,night,S23,D,Tuesday,0,2,2,1,7,2,0.167,4.5,0
2026-08-11,night,S24,D,Tuesday,0,2,1,1,7,2,0.167,4.5,0
2026-08-12,night,S01,A,Wednesday,0,3,1,2,7,2,0.214,4.5,0
2026-08-12,night,S02,A,Wednesday,0,2,2,2,7,2,0.214,4.5,0
2026-08-12,night,S03,A,Wednesday,0,1,3,2,7,2,0.214,4.5,1
2026-08-12,night,S04,A,Wednesday,0,2,1,2,7,2,0.214,4.5,0
2026-08-12,night,S05,A,Wednesday,0,2,3,2,7,2,0.214,4.5,0
2026-08-12,night,S06,A,Wednesday,0,1,2,2,7,2,0.214,4.5,1
2026-08-12,night,S07,B,Wednesday,0,2,1,2,7,2,0.156,4.5,0
2026-08-12,night,S08,B,Wednesday,0,1,2,2,7,2,0.156,4.5,0
2026-08-12,night,S09,B,Wednesday,0,2,3,2,7,2,0.156,4.5,0
2026-08-12,night,S10,B,Wednesday,0,1,3,2,7,2,0.156,4.5,0
2026-08-12,night,S11,B,Wednesday,0,2,1,2,7,2,0.156,4.5,0
2026-08-12,night,S12,B,Wednesday,0,2,1,2,7,2,0.156,4.5,0
2026-08-12,night,S13,C,Wednesday,0,1,2,2,7,2,0.156,4.5,1
2026-08-12,night,S14,C,Wednesday,0,1,3,2,7,2,0.156,4.5,1
2026-08-12,night,S15,C,Wednesday,1,2,2,2,7,2,0.156,4.5,0
2026-08-12,night,S16,C,Wednesday,0,2,2,2,7,2,0.156,4.5,0
2026-08-12,night,S17,C,Wednesday,0,2,0,2,7,2,0.156,4.5,0
2026-08-12,night,S18,C,Wednesday,1,2,0,2,7,2,0.156,4.5,0
2026-08-12,night,S19,D,Wednesday,0,3,1,1,7,2,0.172,4.5,0
2026-08-12,night,S20,D,Wednesday,0,3,2,1,7,2,0.172,4.5,0
2026-08-12,night,S21,D,Wednesday,0,1,1,1,7,2,0.172,4.5,1
2026-08-12,night,S22,D,Wednesday,0,3,1,1,7,2,0.172,4.5,1
2026-08-12,night,S23,D,Wednesday,0,2,2,1,7,2,0.172,4.5,0
2026-08-12,night,S24,D,Wednesday,0,2,1,1,7,2,0.172,4.5,0
2026-08-13,night,S01,A,Thursday,0,3,1,2,7,2,0.214,4.5,0
2026-08-13,night,S02,A,Thursday,0,2,2,2,7,2,0.214,4.5,0
2026-08-13,night,S03,A,Thursday,0,1,3,2,7,2,0.214,4.5,0
2026-08-13,night,S04,A,Thursday,0,2,1,2,7,2,0.214,4.5,0
2026-08-13,night,S05,A,Thursday,0,2,3,2,7,2,0.214,4.5,0
2026-08-13,night,S06,A,Thursday,0,1,2,2,7,2,0.214,4.5,0
2026-08-13,night,S07,B,Thursday,0,2,1,2,7,2,0.151,4.5,0
2026-08-13,night,S08,B,Thursday,0,1,2,2,7,2,0.151,4.5,1
2026-08-13,night,S09,B,Thursday,0,2,3,2,7,2,0.151,4.5,0
2026-08-13,night,S10,B,Thursday,0,1,3,2,7,2,0.151,4.5,0
2026-08-13,night,S11,B,Thursday,0,2,1,2,7,2,0.151,4.5,0
2026-08-13,night,S12,B,Thursday,0,2,1,2,7,2,0.151,4.5,0
2026-08-13,night,S13,C,Thursday,0,1,2,2,7,2,0.156,4.5,1
2026-08-13,night,S14,C,Thursday,0,1,3,2,7,2,0.156,4.5,0
2026-08-13,night,S15,C,Thursday,1,2,2,2,7,2,0.156,4.5,0
2026-08-13,night,S16,C,Thursday,0,2,2,2,7,2,0.156,4.5,0
2026-08-13,night,S17,C,Thursday,0,2,0,2,7,2,0.156,4.5,0
2026-08-13,night,S18,C,Thursday,1,2,0,2,7,2,0.156,4.5,0
2026-08-13,night,S19,D,Thursday,0,3,1,1,7,2,0.182,4.5,0
2026-08-13,night,S20,D,Thursday,0,3,2,1,7,2,0.182,4.5,0
2026-08-13,night,S21,D,Thursday,0,1,1,1,7,2,0.182,4.5,0
2026-08-13,night,S22,D,Thursday,0,3,1,1,7,2,0.182,4.5,0
2026-08-13,night,S23,D,Thursday,0,2,2,1,7,2,0.182,4.5,0
2026-08-13,night,S24,D,Thursday,0,2,1,1,7,2,0.182,4.5,0
2026-08-14,night,S01,A,Friday,0,3,1,2,7,2,0.219,4.5,0
2026-08-14,night,S02,A,Friday,0,2,2,2,7,2,0.219,4.5,1
2026-08-14,night,S03,A,Friday,0,1,3,2,7,2,0.219,4.5,1
2026-08-14,night,S04,A,Friday,0,2,1,2,7,2,0.219,4.5,1
2026-08-14,night,S05,A,Friday,0,2,3,2,7,2,0.219,4.5,0
2026-08-14,night,S06,A,Friday,0,1,2,2,7,2,0.219,4.5,1
2026-08-14,night,S07,B,Friday,0,2,1,2,7,2,0.146,4.5,0
2026-08-14,night,S08,B,Friday,0,1,2,2,7,2,0.146,4.5,1
2026-08-14,night,S09,B,Friday,0,2,3,2,7,2,0.146,4.5,0
2026-08-14,night,S10,B,Friday,0,1,3,2,7,2,0.146,4.5,0
2026-08-14,night,S11,B,Friday,0,2,1,2,7,2,0.146,4.5,0
2026-08-14,night,S12,B,Friday,0,2,1,2,7,2,0.146,4.5,0
2026-08-14,night,S13,C,Friday,0,1,2,2,7,2,0.156,4.5,1
2026-08-14,night,S14,C,Friday,0,1,3,2,7,2,0.156,4.5,0
2026-08-14,night,S15,C,Friday,1,2,2,2,7,2,0.156,4.5,0
2026-08-14,night,S16,C,Friday,0,2,2,2,7,2,0.156,4.5,0
2026-08-14,night,S17,C,Friday,0,2,0,2,7,2,0.156,4.5,1
2026-08-14,night,S18,C,Friday,1,2,0,2,7,2,0.156,4.5,0
2026-08-14,night,S19,D,Friday,0,3,1,1,7,2,0.172,4.5,0
2026-08-14,night,S20,D,Friday,0,3,2,1,7,2,0.172,4.5,0
2026-08-14,night,S21,D,Friday,0,1,1,1,7,2,0.172,4.5,1
2026-08-14,night,S22,D,Friday,0,3,1,1,7,2,0.172,4.5,1
2026-08-14,night,S23,D,Friday,0,2,2,1,7,2,0.172,4.5,0
2026-08-14,night,S24,D,Friday,0,2,1,1,7,2,0.172,4.5,0
2026-08-15,night,S01,A,Saturday,0,3,1,2,7,2,0.229,4.5,0
2026-08-15,night,S02,A,Saturday,0,2,2,2,7,2,0.229,4.5,0
2026-08-15,night,S03,A,Saturday,0,1,3,2,7,2,0.229,4.5,0
2026-08-15,night,S04,A,Saturday,0,2,1,2,7,2,0.229,4.5,1
2026-08-15,night,S05,A,Saturday,0,2,3,2,7,2,0.229,4.5,0
2026-08-15,night,S06,A,Saturday,0,1,2,2,7,2,0.229,4.5,0
2026-08-15,night,S07,B,Saturday,0,2,1,2,7,2,0.156,4.5,1
2026-08-15,night,S08,B,Saturday,0,1,2,2,7,2,0.156,4.5,1
2026-08-15,night,S09,B,Saturday,0,2,3,2,7,2,0.156,4.5,0
2026-08-15,night,S10,B,Saturday,0,1,3,2,7,2,0.156,4.5,0
2026-08-15,night,S11,B,Saturday,0,2,1,2,7,2,0.156,4.5,0
2026-08-15,night,S12,B,Saturday,0,2,1,2,7,2,0.156,4.5,0
2026-08-15,night,S13,C,Saturday,0,1,2,2,7,2,0.172,4.5,0
2026-08-15,night,S14,C,Saturday,0,1,3,2,7,2,0.172,4.5,0
2026-08-15,night,S15,C,Saturday,1,2,2,2,7,2,0.172,4.5,0
2026-08-15,night,S16,C,Saturday,0,2,2,2,7,2,0.172,4.5,0
2026-08-15,night,S17,C,Saturday,0,2,0,2,7,2,0.172,4.5,0
2026-08-15,night,S18,C,Saturday,1,2,0,2,7,2,0.172,4.5,0
2026-08-15,night,S19,D,Saturday,0,3,1,1,7,2,0.172,4.5,0
2026-08-15,night,S20,D,Saturday,0,3,2,1,7,2,0.172,4.5,0
2026-08-15,night,S21,D,Saturday,0,1,1,1,7,2,0.172,4.5,0
2026-08-15,night,S22,D,Saturday,0,3,1,1,7,2,0.172,4.5,0
2026-08-15,night,S23,D,Saturday,0,2,2,1,7,2,0.172,4.5,0
2026-08-15,night,S24,D,Saturday,0,2,1,1,7,2,0.172,4.5,0
2026-08-17,early,S01,A,Monday,0,1,0,2,4,2,0.167,4.1,1
2026-08-17,early,S02,A,Monday,0,2,2,2,4,2,0.167,4.1,0
2026-08-17,early,S03,A,Monday,0,2,2,2,4,2,0.167,4.1,0
2026-08-17,early,S04,A,Monday,0,1,1,2,4,2,0.167,4.1,1
2026-08-17,early,S05,A,Monday,0,2,2,2,4,2,0.167,4.1,0
2026-08-17,early,S06,A,Monday,0,2,1,2,4,2,0.167,4.1,0
2026-08-17,early,S07,B,Monday,0,2,3,0,4,2,0.167,4.1,0
2026-08-17,early,S08,B,Monday,0,2,2,0,4,2,0.167,4.1,0
2026-08-17,early,S09,B,Monday,0,2,2,0,4,2,0.167,4.1,0
2026-08-17,early,S10,B,Monday,0,2,2,0,4,2,0.167,4.1,0
2026-08-17,early,S11,B,Monday,0,3,1,0,4,2,0.167,4.1,0
2026-08-17,early,S12,B,Monday,0,2,1,0,4,2,0.167,4.1,0
2026-08-17,early,S13,C,Monday,0,2,2,0,4,2,0.156,4.1,0
2026-08-17,early,S14,C,Monday,0,2,1,0,4,2,0.156,4.1,0
2026-08-17,early,S15,C,Monday,1,3,2,0,4,2,0.156,4.1,0
2026-08-17,early,S16,C,Monday,0,2,1,0,4,2,0.156,4.1,0
2026-08-17,early,S17,C,Monday,0,2,1,0,4,2,0.156,4.1,0
2026-08-17,early,S18,C,Monday,1,2,3,0,4,2,0.156,4.1,0
2026-08-17,early,S19,D,Monday,0,1,3,2,4,2,0.135,4.1,0
2026-08-17,early,S20,D,Monday,0,3,2,2,4,2,0.135,4.1,0
2026-08-17,early,S21,D,Monday,0,2,1,2,4,2,0.135,4.1,0
2026-08-17,early,S22,D,Monday,0,1,2,2,4,2,0.135,4.1,0
2026-08-17,early,S23,D,Monday,0,2,1,2,4,2,0.135,4.1,0
2026-08-17,early,S24,D,Monday,0,2,2,2,4,2,0.135,4.1,0
2026-08-18,early,S01,A,Tuesday,0,1,0,2,4,2,0.172,4.1,1
2026-08-18,early,S02,A,Tuesday,0,2,2,2,4,2,0.172,4.1,0
2026-08-18,early,S03,A,Tuesday,0,2,2,2,4,2,0.172,4.1,0
2026-08-18,early,S04,A,Tuesday,0,1,1,2,4,2,0.172,4.1,1
2026-08-18,early,S05,A,Tuesday,0,2,2,2,4,2,0.172,4.1,0
2026-08-18,early,S06,A,Tuesday,0,2,1,2,4,2,0.172,4.1,0
2026-08-18,early,S07,B,Tuesday,0,2,3,0,4,2,0.167,4.1,0
2026-08-18,early,S08,B,Tuesday,0,2,2,0,4,2,0.167,4.1,0
2026-08-18,early,S09,B,Tuesday,0,2,2,0,4,2,0.167,4.1,0
2026-08-18,early,S10,B,Tuesday,0,2,2,0,4,2,0.167,4.1,0
2026-08-18,early,S11,B,Tuesday,0,3,1,0,4,2,0.167,4.1,0
2026-08-18,early,S12,B,Tuesday,0,2,1,0,4,2,0.167,4.1,0
2026-08-18,early,S13,C,Tuesday,0,2,2,0,4,2,0.141,4.1,0
2026-08-18,early,S14,C,Tuesday,0,2,1,0,4,2,0.141,4.1,0
2026-08-18,early,S15,C,Tuesday,1,3,2,0,4,2,0.141,4.1,0
2026-08-18,early,S16,C,Tuesday,0,2,1,0,4,2,0.141,4.1,0
2026-08-18,early,S17,C,Tuesday,0,2,1,0,4,2,0.141,4.1,0
2026-08-18,early,S18,C,Tuesday,1,2,3,0,4,2,0.141,4.1,0
2026-08-18,early,S19,D,Tuesday,0,1,3,2,4,2,0.141,4.1,0
2026-08-18,early,S20,D,Tuesday,0,3,2,2,4,2,0.141,4.1,0
2026-08-18,early,S21,D,Tuesday,0,2,1,2,4,2,0.141,4.1,0
2026-08-18,early,S22,D,Tuesday,0,1,2,2,4,2,0.141,4.1,0
2026-08-18,early,S23,D,Tuesday,0,2,1,2,4,2,0.141,4.1,0
2026-08-18,early,S24,D,Tuesday,0,2,2,2,4,2,0.141,4.1,0
2026-08-19,early,S01,A,Wednesday,0,1,0,2,4,2,0.172,4.1,1
2026-08-19,early,S02,A,Wednesday,0,2,2,2,4,2,0.172,4.1,0
2026-08-19,early,S03,A,Wednesday,0,2,2,2,4,2,0.172,4.1,0
2026-08-19,early,S04,A,Wednesday,0,1,1,2,4,2,0.172,4.1,1
2026-08-19,early,S05,A,Wednesday,0,2,2,2,4,2,0.172,4.1,0
2026-08-19,early,S06,A,Wednesday,0,2,1,2,4,2,0.172,4.1,0
2026-08-19,early,S07,B,Wednesday,0,2,3,0,4,2,0.177,4.1,0
2026-08-19,early,S08,B,Wednesday,0,2,2,0,4,2,0.177,4.1,0
2026-08-19,early,S09,B,Wednesday,0,2,2,0,4,2,0.177,4.1,0
2026-08-19,early,S10,B,Wednesday,0,2,2,0,4,2,0.177,4.1,0
2026-08-19,early,S11,B,Wednesday,0,3,1,0,4,2,0.177,4.1,0
2026-08-19,early,S12,B,Wednesday,0,2,1,0,4,2,0.177,4.1,0
2026-08-19,early,S13,C,Wednesday,0,2,2,0,4,2,0.135,4.1,0
2026-08-19,early,S14,C,Wednesday,0,2,1,0,4,2,0.135,4.1,0
2026-08-19,early,S15,C,Wednesday,1,3,2,0,4,2,0.135,4.1,0
2026-08-19,early,S16,C,Wednesday,0,2,1,0,4,2,0.135,4.1,0
2026-08-19,early,S17,C,Wednesday,0,2,1,0,4,2,0.135,4.1,0
2026-08-19,early,S18,C,Wednesday,1,2,3,0,4,2,0.135,4.1,0
2026-08-19,early,S19,D,Wednesday,0,1,3,2,4,2,0.135,4.1,1
2026-08-19,early,S20,D,Wednesday,0,3,2,2,4,2,0.135,4.1,0
2026-08-19,early,S21,D,Wednesday,0,2,1,2,4,2,0.135,4.1,0
2026-08-19,early,S22,D,Wednesday,0,1,2,2,4,2,0.135,4.1,1
2026-08-19,early,S23,D,Wednesday,0,2,1,2,4,2,0.135,4.1,0
2026-08-19,early,S24,D,Wednesday,0,2,2,2,4,2,0.135,4.1,0
2026-08-20,early,S01,A,Thursday,0,1,0,2,4,2,0.177,4.1,1
2026-08-20,early,S02,A,Thursday,0,2,2,2,4,2,0.177,4.1,0
2026-08-20,early,S03,A,Thursday,0,2,2,2,4,2,0.177,4.1,0
2026-08-20,early,S04,A,Thursday,0,1,1,2,4,2,0.177,4.1,0
2026-08-20,early,S05,A,Thursday,0,2,2,2,4,2,0.177,4.1,0
2026-08-20,early,S06,A,Thursday,0,2,1,2,4,2,0.177,4.1,0
2026-08-20,early,S07,B,Thursday,0,2,3,0,4,2,0.193,4.1,0
2026-08-20,early,S08,B,Thursday,0,2,2,0,4,2,0.193,4.1,0
2026-08-20,early,S09,B,Thursday,0,2,2,0,4,2,0.193,4.1,0
2026-08-20,early,S10,B,Thursday,0,2,2,0,4,2,0.193,4.1,0
2026-08-20,early,S11,B,Thursday,0,3,1,0,4,2,0.193,4.1,0
2026-08-20,early,S12,B,Thursday,0,2,1,0,4,2,0.193,4.1,0
2026-08-20,early,S13,C,Thursday,0,2,2,0,4,2,0.13,4.1,0
2026-08-20,early,S14,C,Thursday,0,2,1,0,4,2,0.13,4.1,0
2026-08-20,early,S15,C,Thursday,1,3,2,0,4,2,0.13,4.1,0
2026-08-20,early,S16,C,Thursday,0,2,1,0,4,2,0.13,4.1,0
2026-08-20,early,S17,C,Thursday,0,2,1,0,4,2,0.13,4.1,0
2026-08-20,early,S18,C,Thursday,1,2,3,0,4,2,0.13,4.1,0
2026-08-20,early,S19,D,Thursday,0,1,3,2,4,2,0.141,4.1,0
2026-08-20,early,S20,D,Thursday,0,3,2,2,4,2,0.141,4.1,0
2026-08-20,early,S21,D,Thursday,0,2,1,2,4,2,0.141,4.1,0
2026-08-20,early,S22,D,Thursday,0,1,2,2,4,2,0.141,4.1,1
2026-08-20,early,S23,D,Thursday,0,2,1,2,4,2,0.141,4.1,0
2026-08-20,early,S24,D,Thursday,0,2,2,2,4,2,0.141,4.1,0
2026-08-21,early,S01,A,Friday,0,1,0,2,4,2,0.167,4.1,1
2026-08-21,early,S02,A,Friday,0,2,2,2,4,2,0.167,4.1,0
2026-08-21,early,S03,A,Friday,0,2,2,2,4,2,0.167,4.1,0
2026-08-21,early,S04,A,Friday,0,1,1,2,4,2,0.167,4.1,0
2026-08-21,early,S05,A,Friday,0,2,2,2,4,2,0.167,4.1,0
2026-08-21,early,S06,A,Friday,0,2,1,2,4,2,0.167,4.1,0
2026-08-21,early,S07,B,Friday,0,2,3,0,4,2,0.198,4.1,0
2026-08-21,early,S08,B,Friday,0,2,2,0,4,2,0.198,4.1,0
2026-08-21,early,S09,B,Friday,0,2,2,0,4,2,0.198,4.1,0
2026-08-21,early,S10,B,Friday,0,2,2,0,4,2,0.198,4.1,0
2026-08-21,early,S11,B,Friday,0,3,1,0,4,2,0.198,4.1,0
2026-08-21,early,S12,B,Friday,0,2,1,0,4,2,0.198,4.1,0
2026-08-21,early,S13,C,Friday,0,2,2,0,4,2,0.125,4.1,0
2026-08-21,early,S14,C,Friday,0,2,1,0,4,2,0.125,4.1,0
2026-08-21,early,S15,C,Friday,1,3,2,0,4,2,0.125,4.1,0
2026-08-21,early,S16,C,Friday,0,2,1,0,4,2,0.125,4.1,0
2026-08-21,early,S17,C,Friday,0,2,1,0,4,2,0.125,4.1,0
2026-08-21,early,S18,C,Friday,1,2,3,0,4,2,0.125,4.1,0
2026-08-21,early,S19,D,Friday,0,1,3,2,4,2,0.141,4.1,0
2026-08-21,early,S20,D,Friday,0,3,2,2,4,2,0.141,4.1,0
2026-08-21,early,S21,D,Friday,0,2,1,2,4,2,0.141,4.1,0
2026-08-21,early,S22,D,Friday,0,1,2,2,4,2,0.141,4.1,1
2026-08-21,early,S23,D,Friday,0,2,1,2,4,2,0.141,4.1,0
2026-08-21,early,S24,D,Friday,0,2,2,2,4,2,0.141,4.1,0
2026-08-22,early,S01,A,Saturday,0,1,0,2,4,2,0.161,4.1,1
2026-08-22,early,S02,A,Saturday,0,2,2,2,4,2,0.161,4.1,0
2026-08-22,early,S03,A,Saturday,0,2,2,2,4,2,0.161,4.1,0
2026-08-22,early,S04,A,Saturday,0,1,1,2,4,2,0.161,4.1,0
2026-08-22,early,S05,A,Saturday,0,2,2,2,4,2,0.161,4.1,0
2026-08-22,early,S06,A,Saturday,0,2,1,2,4,2,0.161,4.1,0
2026-08-22,early,S07,B,Saturday,0,2,3,0,4,2,0.203,4.1,0
2026-08-22,early,S08,B,Saturday,0,2,2,0,4,2,0.203,4.1,0
2026-08-22,early,S09,B,Saturday,0,2,2,0,4,2,0.203,4.1,0
2026-08-22,early,S10,B,Saturday,0,2,2,0,4,2,0.203,4.1,0
2026-08-22,early,S11,B,Saturday,0,3,1,0,4,2,0.203,4.1,0
2026-08-22,early,S12,B,Saturday,0,2,1,0,4,2,0.203,4.1,0
2026-08-22,early,S13,C,Saturday,0,2,2,0,4,2,0.109,4.1,0
2026-08-22,early,S14,C,Saturday,0,2,1,0,4,2,0.109,4.1,0
2026-08-22,early,S15,C,Saturday,1,3,2,0,4,2,0.109,4.1,0
2026-08-22,early,S16,C,Saturday,0,2,1,0,4,2,0.109,4.1,0
2026-08-22,early,S17,C,Saturday,0,2,1,0,4,2,0.109,4.1,0
2026-08-22,early,S18,C,Saturday,1,2,3,0,4,2,0.109,4.1,0
2026-08-22,early,S19,D,Saturday,0,1,3,2,4,2,0.135,4.1,0
2026-08-22,early,S20,D,Saturday,0,3,2,2,4,2,0.135,4.1,0
2026-08-22,early,S21,D,Saturday,0,2,1,2,4,2,0.135,4.1,0
2026-08-22,early,S22,D,Saturday,0,1,2,2,4,2,0.135,4.1,1
2026-08-22,early,S23,D,Saturday,0,2,1,2,4,2,0.135,4.1,0
2026-08-22,early,S24,D,Saturday,0,2,2,2,4,2,0.135,4.1,0
2026-08-17,late,S01,A,Monday,0,2,2,1,3,2,0.172,3.0,0
2026-08-17,late,S02,A,Monday,0,2,2,1,3,2,0.172,3.0,0
2026-08-17,late,S03,A,Monday,0,1,3,1,3,2,0.172,3.0,0
2026-08-17,late,S04,A,Monday,0,3,1,1,3,2,0.172,3.0,0
2026-08-17,late,S05,A,Monday,0,3,3,1,3,2,0.172,3.0,0
2026-08-17,late,S06,A,Monday,0,2,0,1,3,2,0.172,3.0,0
2026-08-17,late,S07,B,Monday,0,3,2,0,3,2,0.125,3.0,0
2026-08-17,late,S08,B,Monday,0,2,1,0,3,2,0.125,3.0,0
2026-08-17,late,S09,B,Monday,0,3,1,0,3,2,0.125,3.0,0
2026-08-17,late,S10,B,Monday,0,2,1,0,3,2,0.125,3.0,0
2026-08-17,late,S11,B,Monday,0,2,2,0,3,2,0.125,3.0,0
2026-08-17,late,S12,B,Monday,0,2,1,0,3,2,0.125,3.0,0
2026-08-17,late,S13,C,Monday,0,1,1,2,3,2,0.208,3.0,1
2026-08-17,late,S14,C,Monday,0,2,2,2,3,2,0.208,3.0,0
2026-08-17,late,S15,C,Monday,1,2,2,2,3,2,0.208,3.0,0
2026-08-17,late,S16,C,Monday,0,1,2,2,3,2,0.208,3.0,0
2026-08-17,late,S17,C,Monday,0,2,2,2,3,2,0.208,3.0,0
2026-08-17,late,S18,C,Monday,1,2,0,2,3,2,0.208,3.0,0
2026-08-17,late,S19,D,Monday,0,2,1,0,3,2,0.167,3.0,0
2026-08-17,late,S20,D,Monday,0,2,2,0,3,2,0.167,3.0,0
2026-08-17,late,S21,D,Monday,0,2,2,0,3,2,0.167,3.0,0
2026-08-17,late,S22,D,Monday,0,3,2,0,3,2,0.167,3.0,0
2026-08-17,late,S23,D,Monday,0,2,2,0,3,2,0.167,3.0,0
2026-08-17,late,S24,D,Monday,0,2,3,0,3,2,0.167,3.0,0
2026-08-18,late,S01,A,Tuesday,0,2,2,1,3,2,0.167,3.0,0
2026-08-18,late,S02,A,Tuesday,0,2,2,1,3,2,0.167,3.0,0
2026-08-18,late,S03,A,Tuesday,0,1,3,1,3,2,0.167,3.0,0
2026-08-18,late,S04,A,Tuesday,0,3,1,1,3,2,0.167,3.0,0
2026-08-18,late,S05,A,Tuesday,0,3,3,1,3,2,0.167,3.0,0
2026-08-18,late,S06,A,Tuesday,0,2,0,1,3,2,0.167,3.0,0
2026-08-18,late,S07,B,Tuesday,0,3,2,0,3,2,0.13,3.0,0
2026-08-18,late,S08,B,Tuesday,0,2,1,0,3,2,0.13,3.0,0
2026-08-18,late,S09,B,Tuesday,0,3,1,0,3,2,0.13,3.0,0
2026-08-18,late,S10,B,Tuesday,0,2,1,0,3,2,0.13,3.0,0
2026-08-18,late,S11,B,Tuesday,0,2,2,0,3,2,0.13,3.0,0
2026-08-18,late,S12,B,Tuesday,0,2,1,0,3,2,0.13,3.0,0
2026-08-18,late,S13,C,Tuesday,0,1,1,2,3,2,0.208,3.0,0
2026-08-18,late,S14,C,Tuesday,0,2,2,2,3,2,0.208,3.0,0
2026-08-18,late,S15,C,Tuesday,1,2,2,2,3,2,0.208,3.0,0
2026-08-18,late,S16,C,Tuesday,0,1,2,2,3,2,0.208,3.0,0
2026-08-18,late,S17,C,Tuesday,0,2,2,2,3,2,0.208,3.0,0
2026-08-18,late,S18,C,Tuesday,1,2,0,2,3,2,0.208,3.0,0
2026-08-18,late,S19,D,Tuesday,0,2,1,0,3,2,0.167,3.0,0
2026-08-18,late,S20,D,Tuesday,0,2,2,0,3,2,0.167,3.0,0
2026-08-18,late,S21,D,Tuesday,0,2,2,0,3,2,0.167,3.0,0
2026-08-18,late,S22,D,Tuesday,0,3,2,0,3,2,0.167,3.0,0
2026-08-18,late,S23,D,Tuesday,0,2,2,0,3,2,0.167,3.0,0
2026-08-18,late,S24,D,Tuesday,0,2,3,0,3,2,0.167,3.0,0
2026-08-19,late,S01,A,Wednesday,0,2,2,1,3,2,0.172,3.0,0
2026-08-19,late,S02,A,Wednesday,0,2,2,1,3,2,0.172,3.0,0
2026-08-19,late,S03,A,Wednesday,0,1,3,1,3,2,0.172,3.0,0
2026-08-19,late,S04,A,Wednesday,0,3,1,1,3,2,0.172,3.0,0
2026-08-19,late,S05,A,Wednesday,0,3,3,1,3,2,0.172,3.0,0
2026-08-19,late,S06,A,Wednesday,0,2,0,1,3,2,0.172,3.0,0
2026-08-19,late,S07,B,Wednesday,0,3,2,0,3,2,0.135,3.0,0
2026-08-19,late,S08,B,Wednesday,0,2,1,0,3,2,0.135,3.0,0
2026-08-19,late,S09,B,Wednesday,0,3,1,0,3,2,0.135,3.0,1
2026-08-19,late,S10,B,Wednesday,0,2,1,0,3,2,0.135,3.0,0
2026-08-19,late,S11,B,Wednesday,0,2,2,0,3,2,0.135,3.0,0
2026-08-19,late,S12,B,Wednesday,0,2,1,0,3,2,0.135,3.0,0
2026-08-19,late,S13,C,Wednesday,0,1,1,2,3,2,0.208,3.0,1
2026-08-19,late,S14,C,Wednesday,0,2,2,2,3,2,0.208,3.0,0
2026-08-19,late,S15,C,Wednesday,1,2,2,2,3,2,0.208,3.0,0
2026-08-19,late,S16,C,Wednesday,0,1,2,2,3,2,0.208,3.0,0
2026-08-19,late,S17,C,Wednesday,0,2,2,2,3,2,0.208,3.0,0
2026-08-19,late,S18,C,Wednesday,1,2,0,2,3,2,0.208,3.0,0
2026-08-19,late,S19,D,Wednesday,0,2,1,0,3,2,0.151,3.0,0
2026-08-19,late,S20,D,Wednesday,0,2,2,0,3,2,0.151,3.0,0
2026-08-19,late,S21,D,Wednesday,0,2,2,0,3,2,0.151,3.0,0
2026-08-19,late,S22,D,Wednesday,0,3,2,0,3,2,0.151,3.0,0
2026-08-19,late,S23,D,Wednesday,0,2,2,0,3,2,0.151,3.0,0
2026-08-19,late,S24,D,Wednesday,0,2,3,0,3,2,0.151,3.0,0
2026-08-20,late,S01,A,Thursday,0,2,2,1,3,2,0.172,3.0,0
2026-08-20,late,S02,A,Thursday,0,2,2,1,3,2,0.172,3.0,0
2026-08-20,late,S03,A,Thursday,0,1,3,1,3,2,0.172,3.0,0
2026-08-20,late,S04,A,Thursday,0,3,1,1,3,2,0.172,3.0,0
2026-08-20,late,S05,A,Thursday,0,3,3,1,3,2,0.172,3.0,0
2026-08-20,late,S06,A,Thursday,0,2,0,1,3,2,0.172,3.0,0
2026-08-20,late,S07,B,Thursday,0,3,2,0,3,2,0.141,3.0,0
2026-08-20,late,S08,B,Thursday,0,2,1,0,3,2,0.141,3.0,0
2026-08-20,late,S09,B,Thursday,0,3,1,0,3,2,0.141,3.0,0
2026-08-20,late,S10,B,Thursday,0,2,1,0,3,2,0.141,3.0,0
2026-08-20,late,S11,B,Thursday,0,2,2,0,3,2,0.141,3.0,0
2026-08-20,late,S12,B,Thursday,0,2,1,0,3,2,0.141,3.0,0
2026-08-20,late,S13,C,Thursday,0,1,1,2,3,2,0.203,3.0,1
2026-08-20,late,S14,C,Thursday,0,2,2,2,3,2,0.203,3.0,0
2026-08-20,late,S15,C,Thursday,1,2,2,2,3,2,0.203,3.0,0
2026-08-20,late,S16,C,Thursday,0,1,2,2,3,2,0.203,3.0,0
2026-08-20,late,S17,C,Thursday,0,2,2,2,3,2,0.203,3.0,0
2026-08-20,late,S18,C,Thursday,1,2,0,2,3,2,0.203,3.0,0
2026-08-20,late,S19,D,Thursday,0,2,1,0,3,2,0.146,3.0,0
2026-08-20,late,S20,D,Thursday,0,2,2,0,3,2,0.146,3.0,0
2026-08-20,late,S21,D,Thursday,0,2,2,0,3,2,0.146,3.0,0
2026-08-20,late,S22,D,Thursday,0,3,2,0,3,2,0.146,3.0,0
2026-08-20,late,S23,D,Thursday,0,2,2,0,3,2,0.146,3.0,0
2026-08-20,late,S24,D,Thursday,0,2,3,0,3,2,0.146,3.0,0
2026-08-21,late,S01,A,Friday,0,2,2,1,3,2,0.177,3.0,0
2026-08-21,late,S02,A,Friday,0,2,2,1,3,2,0.177,3.0,0
2026-08-21,late,S03,A,Friday,0,1,3,1,3,2,0.177,3.0,1
2026-08-21,late,S04,A,Friday,0,3,1,1,3,2,0.177,3.0,0
2026-08-21,late,S05,A,Friday,0,3,3,1,3,2,0.177,3.0,0
2026-08-21,late,S06,A,Friday,0,2,0,1,3,2,0.177,3.0,1
2026-08-21,late,S07,B,Friday,0,3,2,0,3,2,0.135,3.0,0
2026-08-21,late,S08,B,Friday,0,2,1,0,3,2,0.135,3.0,0
2026-08-21,late,S09,B,Friday,0,3,1,0,3,2,0.135,3.0,0
2026-08-21,late,S10,B,Friday,0,2,1,0,3,2,0.135,3.0,0
2026-08-21,late,S11,B,Friday,0,2,2,0,3,2,0.135,3.0,0
2026-08-21,late,S12,B,Friday,0,2,1,0,3,2,0.135,3.0,0
2026-08-21,late,S13,C,Friday,0,1,1,2,3,2,0.188,3.0,1
2026-08-21,late,S14,C,Friday,0,2,2,2,3,2,0.188,3.0,0
2026-08-21,late,S15,C,Friday,1,2,2,2,3,2,0.188,3.0,0
2026-08-21,late,S16,C,Friday,0,1,2,2,3,2,0.188,3.0,1
2026-08-21,late,S17,C,Friday,0,2,2,2,3,2,0.188,3.0,0
2026-08-21,late,S18,C,Friday,1,2,0,2,3,2,0.188,3.0,0
2026-08-21,late,S19,D,Friday,0,2,1,0,3,2,0.13,3.0,0
2026-08-21,late,S20,D,Friday,0,2,2,0,3,2,0.13,3.0,0
2026-08-21,late,S21,D,Friday,0,2,2,0,3,2,0.13,3.0,0
2026-08-21,late,S22,D,Friday,0,3,2,0,3,2,0.13,3.0,0
2026-08-21,late,S23,D,Friday,0,2,2,0,3,2,0.13,3.0,0
2026-08-21,late,S24,D,Friday,0,2,3,0,3,2,0.13,3.0,0
2026-08-22,late,S01,A,Saturday,0,2,2,1,3,2,0.177,3.0,0
2026-08-22,late,S02,A,Saturday,0,2,2,1,3,2,0.177,3.0,0
2026-08-22,late,S03,A,Saturday,0,1,3,1,3,2,0.177,3.0,1
2026-08-22,late,S04,A,Saturday,0,3,1,1,3,2,0.177,3.0,0
2026-08-22,late,S05,A,Saturday,0,3,3,1,3,2,0.177,3.0,0
2026-08-22,late,S06,A,Saturday,0,2,0,1,3,2,0.177,3.0,0
2026-08-22,late,S07,B,Saturday,0,3,2,0,3,2,0.12,3.0,0
2026-08-22,late,S08,B,Saturday,0,2,1,0,3,2,0.12,3.0,0
2026-08-22,late,S09,B,Saturday,0,3,1,0,3,2,0.12,3.0,0
2026-08-22,late,S10,B,Saturday,0,2,1,0,3,2,0.12,3.0,0
2026-08-22,late,S11,B,Saturday,0,2,2,0,3,2,0.12,3.0,0
2026-08-22,late,S12,B,Saturday,0,2,1,0,3,2,0.12,3.0,1
2026-08-22,late,S13,C,Saturday,0,1,1,2,3,2,0.182,3.0,0
2026-08-22,late,S14,C,Saturday,0,2,2,2,3,2,0.182,3.0,0
2026-08-22,late,S15,C,Saturday,1,2,2,2,3,2,0.182,3.0,0
2026-08-22,late,S16,C,Saturday,0,1,2,2,3,2,0.182,3.0,1
2026-08-22,late,S17,C,Saturday,0,2,2,2,3,2,0.182,3.0,0
2026-08-22,late,S18,C,Saturday,1,2,0,2,3,2,0.182,3.0,1
2026-08-22,late,S19,D,Saturday,0,2,1,0,3,2,0.135,3.0,0
2026-08-22,late,S20,D,Saturday,0,2,2,0,3,2,0.135,3.0,0
2026-08-22,late,S21,D,Saturday,0,2,2,0,3,2,0.135,3.0,0
2026-08-22,late,S22,D,Saturday,0,3,2,0,3,2,0.135,3.0,0
2026-08-22,late,S23,D,Saturday,0,2,2,0,3,2,0.135,3.0,0
2026-08-22,late,S24,D,Saturday,0,2,3,0,3,2,0.135,3.0,0
2026-08-17,night,S01,A,Monday,0,1,1,2,7,2,0.229,5.3,1
2026-08-17,night,S02,A,Monday,0,2,2,2,7,2,0.229,5.3,0
2026-08-17,night,S03,A,Monday,0,1,3,2,7,2,0.229,5.3,0
2026-08-17,night,S04,A,Monday,0,2,1,2,7,2,0.229,5.3,0
2026-08-17,night,S05,A,Monday,0,2,3,2,7,2,0.229,5.3,0
2026-08-17,night,S06,A,Monday,0,2,2,2,7,2,0.229,5.3,0
2026-08-17,night,S07,B,Monday,0,2,1,2,7,2,0.146,5.3,0
2026-08-17,night,S08,B,Monday,0,1,2,2,7,2,0.146,5.3,0
2026-08-17,night,S09,B,Monday,0,2,3,2,7,2,0.146,5.3,0
2026-08-17,night,S10,B,Monday,0,1,3,2,7,2,0.146,5.3,0
2026-08-17,night,S11,B,Monday,0,2,1,2,7,2,0.146,5.3,0
2026-08-17,night,S12,B,Monday,0,2,1,2,7,2,0.146,5.3,0
2026-08-17,night,S13,C,Monday,0,1,2,2,7,2,0.156,5.3,0
2026-08-17,night,S14,C,Monday,0,1,3,2,7,2,0.156,5.3,1
2026-08-17,night,S15,C,Monday,1,2,2,2,7,2,0.156,5.3,0
2026-08-17,night,S16,C,Monday,0,2,2,2,7,2,0.156,5.3,0
2026-08-17,night,S17,C,Monday,0,2,0,2,7,2,0.156,5.3,0
2026-08-17,night,S18,C,Monday,1,2,0,2,7,2,0.156,5.3,0
2026-08-17,night,S19,D,Monday,0,3,1,1,7,2,0.161,5.3,0
2026-08-17,night,S20,D,Monday,0,3,2,1,7,2,0.161,5.3,0
2026-08-17,night,S21,D,Monday,0,1,1,1,7,2,0.161,5.3,1
2026-08-17,night,S22,D,Monday,0,3,1,1,7,2,0.161,5.3,0
2026-08-17,night,S23,D,Monday,0,2,2,1,7,2,0.161,5.3,0
2026-08-17,night,S24,D,Monday,0,2,1,1,7,2,0.161,5.3,0
2026-08-18,night,S01,A,Tuesday,0,1,1,2,7,2,0.229,5.3,1
2026-08-18,night,S02,A,Tuesday,0,2,2,2,7,2,0.229,5.3,0
2026-08-18,night,S03,A,Tuesday,0,1,3,2,7,2,0.229,5.3,0
2026-08-18,night,S04,A,Tuesday,0,2,1,2,7,2,0.229,5.3,0
2026-08-18,night,S05,A,Tuesday,0,2,3,2,7,2,0.229,5.3,0
2026-08-18,night,S06,A,Tuesday,0,2,2,2,7,2,0.229,5.3,0
2026-08-18,night,S07,B,Tuesday,0,2,1,2,7,2,0.146,5.3,0
2026-08-18,night,S08,B,Tuesday,0,1,2,2,7,2,0.146,5.3,0
2026-08-18,night,S09,B,Tuesday,0,2,3,2,7,2,0.146,5.3,0
2026-08-18,night,S10,B,Tuesday,0,1,3,2,7,2,0.146,5.3,1
2026-08-18,night,S11,B,Tuesday,0,2,1,2,7,2,0.146,5.3,1
2026-08-18,night,S12,B,Tuesday,0,2,1,2,7,2,0.146,5.3,0
2026-08-18,night,S13,C,Tuesday,0,1,2,2,7,2,0.156,5.3,0
2026-08-18,night,S14,C,Tuesday,0,1,3,2,7,2,0.156,5.3,0
2026-08-18,night,S15,C,Tuesday,1,2,2,2,7,2,0.156,5.3,0
2026-08-18,night,S16,C,Tuesday,0,2,2,2,7,2,0.156,5.3,0
2026-08-18,night,S17,C,Tuesday,0,2,0,2,7,2,0.156,5.3,0
2026-08-18,night,S18,C,Tuesday,1,2,0,2,7,2,0.156,5.3,0
2026-08-18,night,S19,D,Tuesday,0,3,1,1,7,2,0.161,5.3,0
2026-08-18,night,S20,D,Tuesday,0,3,2,1,7,2,0.161,5.3,0
2026-08-18,night,S21,D,Tuesday,0,1,1,1,7,2,0.161,5.3,1
2026-08-18,night,S22,D,Tuesday,0,3,1,1,7,2,0.161,5.3,0
2026-08-18,night,S23,D,Tuesday,0,2,2,1,7,2,0.161,5.3,0
2026-08-18,night,S24,D,Tuesday,0,2,1,1,7,2,0.161,5.3,1
2026-08-19,night,S01,A,Wednesday,0,1,1,2,7,2,0.229,5.3,0
2026-08-19,night,S02,A,Wednesday,0,2,2,2,7,2,0.229,5.3,0
2026-08-19,night,S03,A,Wednesday,0,1,3,2,7,2,0.229,5.3,1
2026-08-19,night,S04,A,Wednesday,0,2,1,2,7,2,0.229,5.3,0
2026-08-19,night,S05,A,Wednesday,0,2,3,2,7,2,0.229,5.3,0
2026-08-19,night,S06,A,Wednesday,0,2,2,2,7,2,0.229,5.3,0
2026-08-19,night,S07,B,Wednesday,0,2,1,2,7,2,0.156,5.3,0
2026-08-19,night,S08,B,Wednesday,0,1,2,2,7,2,0.156,5.3,0
2026-08-19,night,S09,B,Wednesday,0,2,3,2,7,2,0.156,5.3,0
2026-08-19,night,S10,B,Wednesday,0,1,3,2,7,2,0.156,5.3,0
2026-08-19,night,S11,B,Wednesday,0,2,1,2,7,2,0.156,5.3,0
2026-08-19,night,S12,B,Wednesday,0,2,1,2,7,2,0.156,5.3,0
2026-08-19,night,S13,C,Wednesday,0,1,2,2,7,2,0.141,5.3,1
2026-08-19,night,S14,C,Wednesday,0,1,3,2,7,2,0.141,5.3,0
2026-08-19,night,S15,C,Wednesday,1,2,2,2,7,2,0.141,5.3,0
2026-08-19,night,S16,C,Wednesday,0,2,2,2,7,2,0.141,5.3,0
2026-08-19,night,S17,C,Wednesday,0,2,0,2,7,2,0.141,5.3,0
2026-08-19,night,S18,C,Wednesday,1,2,0,2,7,2,0.141,5.3,0
2026-08-19,night,S19,D,Wednesday,0,3,1,1,7,2,0.172,5.3,0
2026-08-19,night,S20,D,Wednesday,0,3,2,1,7,2,0.172,5.3,0
2026-08-19,night,S21,D,Wednesday,0,1,1,1,7,2,0.172,5.3,1
2026-08-19,night,S22,D,Wednesday,0,3,1,1,7,2,0.172,5.3,0
2026-08-19,night,S23,D,Wednesday,0,2,2,1,7,2,0.172,5.3,0
2026-08-19,night,S24,D,Wednesday,0,2,1,1,7,2,0.172,5.3,0
2026-08-20,night,S01,A,Thursday,0,1,1,2,7,2,0.229,5.3,1
2026-08-20,night,S02,A,Thursday,0,2,2,2,7,2,0.229,5.3,0
2026-08-20,night,S03,A,Thursday,0,1,3,2,7,2,0.229,5.3,1
2026-08-20,night,S04,A,Thursday,0,2,1,2,7,2,0.229,5.3,0
2026-08-20,night,S05,A,Thursday,0,2,3,2,7,2,0.229,5.3,0
2026-08-20,night,S06,A,Thursday,0,2,2,2,7,2,0.229,5.3,0
2026-08-20,night,S07,B,Thursday,0,2,1,2,7,2,0.146,5.3,0
2026-08-20,night,S08,B,Thursday,0,1,2,2,7,2,0.146,5.3,1
2026-08-20,night,S09,B,Thursday,0,2,3,2,7,2,0.146,5.3,0
2026-08-20,night,S10,B,Thursday,0,1,3,2,7,2,0.146,5.3,1
2026-08-20,night,S11,B,Thursday,0,2,1,2,7,2,0.146,5.3,0
2026-08-20,night,S12,B,Thursday,0,2,1,2,7,2,0.146,5.3,0
2026-08-20,night,S13,C,Thursday,0,1,2,2,7,2,0.156,5.3,0
2026-08-20,night,S14,C,Thursday,0,1,3,2,7,2,0.156,5.3,0
2026-08-20,night,S15,C,Thursday,1,2,2,2,7,2,0.156,5.3,0
2026-08-20,night,S16,C,Thursday,0,2,2,2,7,2,0.156,5.3,0
2026-08-20,night,S17,C,Thursday,0,2,0,2,7,2,0.156,5.3,0
2026-08-20,night,S18,C,Thursday,1,2,0,2,7,2,0.156,5.3,0
2026-08-20,night,S19,D,Thursday,0,3,1,1,7,2,0.177,5.3,0
2026-08-20,night,S20,D,Thursday,0,3,2,1,7,2,0.177,5.3,0
2026-08-20,night,S21,D,Thursday,0,1,1,1,7,2,0.177,5.3,0
2026-08-20,night,S22,D,Thursday,0,3,1,1,7,2,0.177,5.3,1
2026-08-20,night,S23,D,Thursday,0,2,2,1,7,2,0.177,5.3,0
2026-08-20,night,S24,D,Thursday,0,2,1,1,7,2,0.177,5.3,0
2026-08-21,night,S01,A,Friday,0,1,1,2,7,2,0.234,5.3,0
2026-08-21,night,S02,A,Friday,0,2,2,2,7,2,0.234,5.3,0
2026-08-21,night,S03,A,Friday,0,1,3,2,7,2,0.234,5.3,1
2026-08-21,night,S04,A,Friday,0,2,1,2,7,2,0.234,5.3,0
2026-08-21,night,S05,A,Friday,0,2,3,2,7,2,0.234,5.3,0
2026-08-21,night,S06,A,Friday,0,2,2,2,7,2,0.234,5.3,0
2026-08-21,night,S07,B,Friday,0,2,1,2,7,2,0.146,5.3,0
2026-08-21,night,S08,B,Friday,0,1,2,2,7,2,0.146,5.3,0
2026-08-21,night,S09,B,Friday,0,2,3,2,7,2,0.146,5.3,0
2026-08-21,night,S10,B,Friday,0,1,3,2,7,2,0.146,5.3,0
2026-08-21,night,S11,B,Friday,0,2,1,2,7,2,0.146,5.3,0
2026-08-21,night,S12,B,Friday,0,2,1,2,7,2,0.146,5.3,0
2026-08-21,night,S13,C,Friday,0,1,2,2,7,2,0.151,5.3,1
2026-08-21,night,S14,C,Friday,0,1,3,2,7,2,0.151,5.3,0
2026-08-21,night,S15,C,Friday,1,2,2,2,7,2,0.151,5.3,0
2026-08-21,night,S16,C,Friday,0,2,2,2,7,2,0.151,5.3,0
2026-08-21,night,S17,C,Friday,0,2,0,2,7,2,0.151,5.3,0
2026-08-21,night,S18,C,Friday,1,2,0,2,7,2,0.151,5.3,1
2026-08-21,night,S19,D,Friday,0,3,1,1,7,2,0.177,5.3,0
2026-08-21,night,S20,D,Friday,0,3,2,1,7,2,0.177,5.3,1
2026-08-21,night,S21,D,Friday,0,1,1,1,7,2,0.177,5.3,1
2026-08-21,night,S22,D,Friday,0,3,1,1,7,2,0.177,5.3,0
2026-08-21,night,S23,D,Friday,0,2,2,1,7,2,0.177,5.3,0
2026-08-21,night,S24,D,Friday,0,2,1,1,7,2,0.177,5.3,0
2026-08-22,night,S01,A,Saturday,0,1,1,2,7,2,0.229,5.3,0
2026-08-22,night,S02,A,Saturday,0,2,2,2,7,2,0.229,5.3,0
2026-08-22,night,S03,A,Saturday,0,1,3,2,7,2,0.229,5.3,0
2026-08-22,night,S04,A,Saturday,0,2,1,2,7,2,0.229,5.3,0
2026-08-22,night,S05,A,Saturday,0,2,3,2,7,2,0.229,5.3,0
2026-08-22,night,S06,A,Saturday,0,2,2,2,7,2,0.229,5.3,0
2026-08-22,night,S07,B,Saturday,0,2,1,2,7,2,0.13,5.3,0
2026-08-22,night,S08,B,Saturday,0,1,2,2,7,2,0.13,5.3,0
2026-08-22,night,S09,B,Saturday,0,2,3,2,7,2,0.13,5.3,0
2026-08-22,night,S10,B,Saturday,0,1,3,2,7,2,0.13,5.3,0
2026-08-22,night,S11,B,Saturday,0,2,1,2,7,2,0.13,5.3,0
2026-08-22,night,S12,B,Saturday,0,2,1,2,7,2,0.13,5.3,0
2026-08-22,night,S13,C,Saturday,0,1,2,2,7,2,0.156,5.3,0
2026-08-22,night,S14,C,Saturday,0,1,3,2,7,2,0.156,5.3,0
2026-08-22,night,S15,C,Saturday,1,2,2,2,7,2,0.156,5.3,0
2026-08-22,night,S16,C,Saturday,0,2,2,2,7,2,0.156,5.3,0
2026-08-22,night,S17,C,Saturday,0,2,0,2,7,2,0.156,5.3,1
2026-08-22,night,S18,C,Saturday,1,2,0,2,7,2,0.156,5.3,0
2026-08-22,night,S19,D,Saturday,0,3,1,1,7,2,0.188,5.3,0
2026-08-22,night,S20,D,Saturday,0,3,2,1,7,2,0.188,5.3,0
2026-08-22,night,S21,D,Saturday,0,1,1,1,7,2,0.188,5.3,0
2026-08-22,night,S22,D,Saturday,0,3,1,1,7,2,0.188,5.3,0
2026-08-22,night,S23,D,Saturday,0,2,2,1,7,2,0.188,5.3,0
2026-08-22,night,S24,D,Saturday,0,2,1,1,7,2,0.188,5.3,0
2026-08-24,early,S01,A,Monday,0,2,0,1,5,2,0.161,4.2,0
2026-08-24,early,S02,A,Monday,0,2,2,1,5,2,0.161,4.2,0
2026-08-24,early,S03,A,Monday,0,2,2,1,5,2,0.161,4.2,0
2026-08-24,early,S04,A,Monday,0,1,1,1,5,2,0.161,4.2,0
2026-08-24,early,S05,A,Monday,0,2,2,1,5,2,0.161,4.2,0
2026-08-24,early,S06,A,Monday,0,2,1,1,5,2,0.161,4.2,0
2026-08-24,early,S07,B,Monday,0,2,3,0,5,2,0.203,4.2,0
2026-08-24,early,S08,B,Monday,0,2,2,0,5,2,0.203,4.2,0
2026-08-24,early,S09,B,Monday,0,2,2,0,5,2,0.203,4.2,0
2026-08-24,early,S10,B,Monday,0,2,2,0,5,2,0.203,4.2,0
2026-08-24,early,S11,B,Monday,0,3,1,0,5,2,0.203,4.2,0
2026-08-24,early,S12,B,Monday,0,2,1,0,5,2,0.203,4.2,0
2026-08-24,early,S13,C,Monday,0,2,2,1,5,2,0.109,4.2,0
2026-08-24,early,S14,C,Monday,0,1,1,1,5,2,0.109,4.2,1
2026-08-24,early,S15,C,Monday,1,3,2,1,5,2,0.109,4.2,0
2026-08-24,early,S16,C,Monday,0,2,1,1,5,2,0.109,4.2,1
2026-08-24,early,S17,C,Monday,0,2,1,1,5,2,0.109,4.2,0
2026-08-24,early,S18,C,Monday,1,2,3,1,5,2,0.109,4.2,0
2026-08-24,early,S19,D,Monday,0,1,3,3,5,2,0.141,4.2,1
2026-08-24,early,S20,D,Monday,0,1,2,3,5,2,0.141,4.2,1
2026-08-24,early,S21,D,Monday,0,2,1,3,5,2,0.141,4.2,0
2026-08-24,early,S22,D,Monday,0,1,2,3,5,2,0.141,4.2,0
2026-08-24,early,S23,D,Monday,0,2,1,3,5,2,0.141,4.2,0
2026-08-24,early,S24,D,Monday,0,2,2,3,5,2,0.141,4.2,0
2026-08-25,early,S01,A,Tuesday,0,2,0,1,5,2,0.156,4.2,1
2026-08-25,early,S02,A,Tuesday,0,2,2,1,5,2,0.156,4.2,0
2026-08-25,early,S03,A,Tuesday,0,2,2,1,5,2,0.156,4.2,0
2026-08-25,early,S04,A,Tuesday,0,1,1,1,5,2,0.156,4.2,0
2026-08-25,early,S05,A,Tuesday,0,2,2,1,5,2,0.156,4.2,0
2026-08-25,early,S06,A,Tuesday,0,2,1,1,5,2,0.156,4.2,0
2026-08-25,early,S07,B,Tuesday,0,2,3,0,5,2,0.198,4.2,0
2026-08-25,early,S08,B,Tuesday,0,2,2,0,5,2,0.198,4.2,0
2026-08-25,early,S09,B,Tuesday,0,2,2,0,5,2,0.198,4.2,0
2026-08-25,early,S10,B,Tuesday,0,2,2,0,5,2,0.198,4.2,0
2026-08-25,early,S11,B,Tuesday,0,3,1,0,5,2,0.198,4.2,1
2026-08-25,early,S12,B,Tuesday,0,2,1,0,5,2,0.198,4.2,0
2026-08-25,early,S13,C,Tuesday,0,2,2,1,5,2,0.115,4.2,0
2026-08-25,early,S14,C,Tuesday,0,1,1,1,5,2,0.115,4.2,1
2026-08-25,early,S15,C,Tuesday,1,3,2,1,5,2,0.115,4.2,0
2026-08-25,early,S16,C,Tuesday,0,2,1,1,5,2,0.115,4.2,0
2026-08-25,early,S17,C,Tuesday,0,2,1,1,5,2,0.115,4.2,0
2026-08-25,early,S18,C,Tuesday,1,2,3,1,5,2,0.115,4.2,0
2026-08-25,early,S19,D,Tuesday,0,1,3,3,5,2,0.135,4.2,0
2026-08-25,early,S20,D,Tuesday,0,1,2,3,5,2,0.135,4.2,1
2026-08-25,early,S21,D,Tuesday,0,2,1,3,5,2,0.135,4.2,0
2026-08-25,early,S22,D,Tuesday,0,1,2,3,5,2,0.135,4.2,0
2026-08-25,early,S23,D,Tuesday,0,2,1,3,5,2,0.135,4.2,0
2026-08-25,early,S24,D,Tuesday,0,2,2,3,5,2,0.135,4.2,0
2026-08-26,early,S01,A,Wednesday,0,2,0,1,5,2,0.146,4.2,0
2026-08-26,early,S02,A,Wednesday,0,2,2,1,5,2,0.146,4.2,0
2026-08-26,early,S03,A,Wednesday,0,2,2,1,5,2,0.146,4.2,0
2026-08-26,early,S04,A,Wednesday,0,1,1,1,5,2,0.146,4.2,0
2026-08-26,early,S05,A,Wednesday,0,2,2,1,5,2,0.146,4.2,0
2026-08-26,early,S06,A,Wednesday,0,2,1,1,5,2,0.146,4.2,0
2026-08-26,early,S07,B,Wednesday,0,2,3,0,5,2,0.208,4.2,0
2026-08-26,early,S08,B,Wednesday,0,2,2,0,5,2,0.208,4.2,0
2026-08-26,early,S09,B,Wednesday,0,2,2,0,5,2,0.208,4.2,0
2026-08-26,early,S10,B,Wednesday,0,2,2,0,5,2,0.208,4.2,0
2026-08-26,early,S11,B,Wednesday,0,3,1,0,5,2,0.208,4.2,0
2026-08-26,early,S12,B,Wednesday,0,2,1,0,5,2,0.208,4.2,0
2026-08-26,early,S13,C,Wednesday,0,2,2,1,5,2,0.109,4.2,0
2026-08-26,early,S14,C,Wednesday,0,1,1,1,5,2,0.109,4.2,0
2026-08-26,early,S15,C,Wednesday,1,3,2,1,5,2,0.109,4.2,0
2026-08-26,early,S16,C,Wednesday,0,2,1,1,5,2,0.109,4.2,0
2026-08-26,early,S17,C,Wednesday,0,2,1,1,5,2,0.109,4.2,1
2026-08-26,early,S18,C,Wednesday,1,2,3,1,5,2,0.109,4.2,0
2026-08-26,early,S19,D,Wednesday,0,1,3,3,5,2,0.135,4.2,1
2026-08-26,early,S20,D,Wednesday,0,1,2,3,5,2,0.135,4.2,1
2026-08-26,early,S21,D,Wednesday,0,2,1,3,5,2,0.135,4.2,0
2026-08-26,early,S22,D,Wednesday,0,1,2,3,5,2,0.135,4.2,0
2026-08-26,early,S23,D,Wednesday,0,2,1,3,5,2,0.135,4.2,0
2026-08-26,early,S24,D,Wednesday,0,2,2,3,5,2,0.135,4.2,0
2026-08-27,early,S01,A,Thursday,0,2,0,1,5,2,0.135,4.2,0
2026-08-27,early,S02,A,Thursday,0,2,2,1,5,2,0.135,4.2,0
2026-08-27,early,S03,A,Thursday,0,2,2,1,5,2,0.135,4.2,0
2026-08-27,early,S04,A,Thursday,0,1,1,1,5,2,0.135,4.2,0
2026-08-27,early,S05,A,Thursday,0,2,2,1,5,2,0.135,4.2,0
2026-08-27,early,S06,A,Thursday,0,2,1,1,5,2,0.135,4.2,0
2026-08-27,early,S07,B,Thursday,0,2,3,0,5,2,0.198,4.2,0
2026-08-27,early,S08,B,Thursday,0,2,2,0,5,2,0.198,4.2,0
2026-08-27,early,S09,B,Thursday,0,2,2,0,5,2,0.198,4.2,0
2026-08-27,early,S10,B,Thursday,0,2,2,0,5,2,0.198,4.2,0
2026-08-27,early,S11,B,Thursday,0,3,1,0,5,2,0.198,4.2,0
2026-08-27,early,S12,B,Thursday,0,2,1,0,5,2,0.198,4.2,0
2026-08-27,early,S13,C,Thursday,0,2,2,1,5,2,0.12,4.2,0
2026-08-27,early,S14,C,Thursday,0,1,1,1,5,2,0.12,4.2,1
2026-08-27,early,S15,C,Thursday,1,3,2,1,5,2,0.12,4.2,0
2026-08-27,early,S16,C,Thursday,0,2,1,1,5,2,0.12,4.2,0
2026-08-27,early,S17,C,Thursday,0,2,1,1,5,2,0.12,4.2,0
2026-08-27,early,S18,C,Thursday,1,2,3,1,5,2,0.12,4.2,0
2026-08-27,early,S19,D,Thursday,0,1,3,3,5,2,0.13,4.2,1
2026-08-27,early,S20,D,Thursday,0,1,2,3,5,2,0.13,4.2,1
2026-08-27,early,S21,D,Thursday,0,2,1,3,5,2,0.13,4.2,0
2026-08-27,early,S22,D,Thursday,0,1,2,3,5,2,0.13,4.2,0
2026-08-27,early,S23,D,Thursday,0,2,1,3,5,2,0.13,4.2,0
2026-08-27,early,S24,D,Thursday,0,2,2,3,5,2,0.13,4.2,0
2026-08-28,early,S01,A,Friday,0,2,0,1,5,2,0.125,4.2,0
2026-08-28,early,S02,A,Friday,0,2,2,1,5,2,0.125,4.2,0
2026-08-28,early,S03,A,Friday,0,2,2,1,5,2,0.125,4.2,0
2026-08-28,early,S04,A,Friday,0,1,1,1,5,2,0.125,4.2,1
2026-08-28,early,S05,A,Friday,0,2,2,1,5,2,0.125,4.2,0
2026-08-28,early,S06,A,Friday,0,2,1,1,5,2,0.125,4.2,0
2026-08-28,early,S07,B,Friday,0,2,3,0,5,2,0.193,4.2,0
2026-08-28,early,S08,B,Friday,0,2,2,0,5,2,0.193,4.2,0
2026-08-28,early,S09,B,Friday,0,2,2,0,5,2,0.193,4.2,0
2026-08-28,early,S10,B,Friday,0,2,2,0,5,2,0.193,4.2,0
2026-08-28,early,S11,B,Friday,0,3,1,0,5,2,0.193,4.2,0
2026-08-28,early,S12,B,Friday,0,2,1,0,5,2,0.193,4.2,0
2026-08-28,early,S13,C,Friday,0,2,2,1,5,2,0.12,4.2,0
2026-08-28,early,S14,C,Friday,0,1,1,1,5,2,0.12,4.2,1
2026-08-28,early,S15,C,Friday,1,3,2,1,5,2,0.12,4.2,1
2026-08-28,early,S16,C,Friday,0,2,1,1,5,2,0.12,4.2,0
2026-08-28,early,S17,C,Friday,0,2,1,1,5,2,0.12,4.2,1
2026-08-28,early,S18,C,Friday,1,2,3,1,5,2,0.12,4.2,0
2026-08-28,early,S19,D,Friday,0,1,3,3,5,2,0.135,4.2,1
2026-08-28,early,S20,D,Friday,0,1,2,3,5,2,0.135,4.2,1
2026-08-28,early,S21,D,Friday,0,2,1,3,5,2,0.135,4.2,0
2026-08-28,early,S22,D,Friday,0,1,2,3,5,2,0.135,4.2,0
2026-08-28,early,S23,D,Friday,0,2,1,3,5,2,0.135,4.2,0
2026-08-28,early,S24,D,Friday,0,2,2,3,5,2,0.135,4.2,0
2026-08-29,early,S01,A,Saturday,0,2,0,1,5,2,0.13,4.2,1
2026-08-29,early,S02,A,Saturday,0,2,2,1,5,2,0.13,4.2,0
2026-08-29,early,S03,A,Saturday,0,2,2,1,5,2,0.13,4.2,0
2026-08-29,early,S04,A,Saturday,0,1,1,1,5,2,0.13,4.2,0
2026-08-29,early,S05,A,Saturday,0,2,2,1,5,2,0.13,4.2,0
2026-08-29,early,S06,A,Saturday,0,2,1,1,5,2,0.13,4.2,0
2026-08-29,early,S07,B,Saturday,0,2,3,0,5,2,0.193,4.2,0
2026-08-29,early,S08,B,Saturday,0,2,2,0,5,2,0.193,4.2,0
2026-08-29,early,S09,B,Saturday,0,2,2,0,5,2,0.193,4.2,0
2026-08-29,early,S10,B,Saturday,0,2,2,0,5,2,0.193,4.2,0
2026-08-29,early,S11,B,Saturday,0,3,1,0,5,2,0.193,4.2,0
2026-08-29,early,S12,B,Saturday,0,2,1,0,5,2,0.193,4.2,0
2026-08-29,early,S13,C,Saturday,0,2,2,1,5,2,0.125,4.2,0
2026-08-29,early,S14,C,Saturday,0,1,1,1,5,2,0.125,4.2,0
2026-08-29,early,S15,C,Saturday,1,3,2,1,5,2,0.125,4.2,0
2026-08-29,early,S16,C,Saturday,0,2,1,1,5,2,0.125,4.2,0
2026-08-29,early,S17,C,Saturday,0,2,1,1,5,2,0.125,4.2,0
2026-08-29,early,S18,C,Saturday,1,2,3,1,5,2,0.125,4.2,0
2026-08-29,early,S19,D,Saturday,0,1,3,3,5,2,0.135,4.2,1
2026-08-29,early,S20,D,Saturday,0,1,2,3,5,2,0.135,4.2,0
2026-08-29,early,S21,D,Saturday,0,2,1,3,5,2,0.135,4.2,0
2026-08-29,early,S22,D,Saturday,0,1,2,3,5,2,0.135,4.2,1
2026-08-29,early,S23,D,Saturday,0,2,1,3,5,2,0.135,4.2,0
2026-08-29,early,S24,D,Saturday,0,2,2,3,5,2,0.135,4.2,0
2026-08-24,late,S01,A,Monday,0,2,2,2,4,2,0.182,4.6,0
2026-08-24,late,S02,A,Monday,0,2,2,2,4,2,0.182,4.6,0
2026-08-24,late,S03,A,Monday,0,1,3,2,4,2,0.182,4.6,0
2026-08-24,late,S04,A,Monday,0,3,1,2,4,2,0.182,4.6,0
2026-08-24,late,S05,A,Monday,0,3,3,2,4,2,0.182,4.6,0
2026-08-24,late,S06,A,Monday,0,1,0,2,4,2,0.182,4.6,1
2026-08-24,late,S07,B,Monday,0,3,2,0,4,2,0.13,4.6,0
2026-08-24,late,S08,B,Monday,0,2,1,0,4,2,0.13,4.6,0
2026-08-24,late,S09,B,Monday,0,3,1,0,4,2,0.13,4.6,0
2026-08-24,late,S10,B,Monday,0,2,1,0,4,2,0.13,4.6,0
2026-08-24,late,S11,B,Monday,0,2,2,0,4,2,0.13,4.6,0
2026-08-24,late,S12,B,Monday,0,2,1,0,4,2,0.13,4.6,0
2026-08-24,late,S13,C,Monday,0,1,1,2,4,2,0.188,4.6,0
2026-08-24,late,S14,C,Monday,0,2,2,2,4,2,0.188,4.6,0
2026-08-24,late,S15,C,Monday,1,2,2,2,4,2,0.188,4.6,0
2026-08-24,late,S16,C,Monday,0,1,2,2,4,2,0.188,4.6,0
2026-08-24,late,S17,C,Monday,0,2,2,2,4,2,0.188,4.6,0
2026-08-24,late,S18,C,Monday,1,2,0,2,4,2,0.188,4.6,0
2026-08-24,late,S19,D,Monday,0,2,1,0,4,2,0.141,4.6,0
2026-08-24,late,S20,D,Monday,0,2,2,0,4,2,0.141,4.6,0
2026-08-24,late,S21,D,Monday,0,2,2,0,4,2,0.141,4.6,0
2026-08-24,late,S22,D,Monday,0,3,2,0,4,2,0.141,4.6,0
2026-08-24,late,S23,D,Monday,0,2,2,0,4,2,0.141,4.6,0
2026-08-24,late,S24,D,Monday,0,2,3,0,4,2,0.141,4.6,0
2026-08-25,late,S01,A,Tuesday,0,2,2,2,4,2,0.167,4.6,0
2026-08-25,late,S02,A,Tuesday,0,2,2,2,4,2,0.167,4.6,0
2026-08-25,late,S03,A,Tuesday,0,1,3,2,4,2,0.167,4.6,1
2026-08-25,late,S04,A,Tuesday,0,3,1,2,4,2,0.167,4.6,0
2026-08-25,late,S05,A,Tuesday,0,3,3,2,4,2,0.167,4.6,0
2026-08-25,late,S06,A,Tuesday,0,1,0,2,4,2,0.167,4.6,1
2026-08-25,late,S07,B,Tuesday,0,3,2,0,4,2,0.13,4.6,0
2026-08-25,late,S08,B,Tuesday,0,2,1,0,4,2,0.13,4.6,0
2026-08-25,late,S09,B,Tuesday,0,3,1,0,4,2,0.13,4.6,0
2026-08-25,late,S10,B,Tuesday,0,2,1,0,4,2,0.13,4.6,0
2026-08-25,late,S11,B,Tuesday,0,2,2,0,4,2,0.13,4.6,0
2026-08-25,late,S12,B,Tuesday,0,2,1,0,4,2,0.13,4.6,0
2026-08-25,late,S13,C,Tuesday,0,1,1,2,4,2,0.182,4.6,0
2026-08-25,late,S14,C,Tuesday,0,2,2,2,4,2,0.182,4.6,0
2026-08-25,late,S15,C,Tuesday,1,2,2,2,4,2,0.182,4.6,0
2026-08-25,late,S16,C,Tuesday,0,1,2,2,4,2,0.182,4.6,0
2026-08-25,late,S17,C,Tuesday,0,2,2,2,4,2,0.182,4.6,0
2026-08-25,late,S18,C,Tuesday,1,2,0,2,4,2,0.182,4.6,1
2026-08-25,late,S19,D,Tuesday,0,2,1,0,4,2,0.135,4.6,0
2026-08-25,late,S20,D,Tuesday,0,2,2,0,4,2,0.135,4.6,0
2026-08-25,late,S21,D,Tuesday,0,2,2,0,4,2,0.135,4.6,0
2026-08-25,late,S22,D,Tuesday,0,3,2,0,4,2,0.135,4.6,0
2026-08-25,late,S23,D,Tuesday,0,2,2,0,4,2,0.135,4.6,0
2026-08-25,late,S24,D,Tuesday,0,2,3,0,4,2,0.135,4.6,0
2026-08-26,late,S01,A,Wednesday,0,2,2,2,4,2,0.167,4.6,0
2026-08-26,late,S02,A,Wednesday,0,2,2,2,4,2,0.167,4.6,0
2026-08-26,late,S03,A,Wednesday,0,1,3,2,4,2,0.167,4.6,0
2026-08-26,late,S04,A,Wednesday,0,3,1,2,4,2,0.167,4.6,0
2026-08-26,late,S05,A,Wednesday,0,3,3,2,4,2,0.167,4.6,0
2026-08-26,late,S06,A,Wednesday,0,1,0,2,4,2,0.167,4.6,1
2026-08-26,late,S07,B,Wednesday,0,3,2,0,4,2,0.125,4.6,0
2026-08-26,late,S08,B,Wednesday,0,2,1,0,4,2,0.125,4.6,0
2026-08-26,late,S09,B,Wednesday,0,3,1,0,4,2,0.125,4.6,0
2026-08-26,late,S10,B,Wednesday,0,2,1,0,4,2,0.125,4.6,0
2026-08-26,late,S11,B,Wednesday,0,2,2,0,4,2,0.125,4.6,0
2026-08-26,late,S12,B,Wednesday,0,2,1,0,4,2,0.125,4.6,0
2026-08-26,late,S13,C,Wednesday,0,1,1,2,4,2,0.177,4.6,0
2026-08-26,late,S14,C,Wednesday,0,2,2,2,4,2,0.177,4.6,0
2026-08-26,late,S15,C,Wednesday,1,2,2,2,4,2,0.177,4.6,0
2026-08-26,late,S16,C,Wednesday,0,1,2,2,4,2,0.177,4.6,0
2026-08-26,late,S17,C,Wednesday,0,2,2,2,4,2,0.177,4.6,0
2026-08-26,late,S18,C,Wednesday,1,2,0,2,4,2,0.177,4.6,1
2026-08-26,late,S19,D,Wednesday,0,2,1,0,4,2,0.141,4.6,0
2026-08-26,late,S20,D,Wednesday,0,2,2,0,4,2,0.141,4.6,0
2026-08-26,late,S21,D,Wednesday,0,2,2,0,4,2,0.141,4.6,0
2026-08-26,late,S22,D,Wednesday,0,3,2,0,4,2,0.141,4.6,0
2026-08-26,late,S23,D,Wednesday,0,2,2,0,4,2,0.141,4.6,0
2026-08-26,late,S24,D,Wednesday,0,2,3,0,4,2,0.141,4.6,0
2026-08-27,late,S01,A,Thursday,0,2,2,2,4,2,0.161,4.6,0
2026-08-27,late,S02,A,Thursday,0,2,2,2,4,2,0.161,4.6,0
2026-08-27,late,S03,A,Thursday,0,1,3,2,4,2,0.161,4.6,1
2026-08-27,late,S04,A,Thursday,0,3,1,2,4,2,0.161,4.6,0
2026-08-27,late,S05,A,Thursday,0,3,3,2,4,2,0.161,4.6,0
2026-08-27,late,S06,A,Thursday,0,1,0,2,4,2,0.161,4.6,1
2026-08-27,late,S07,B,Thursday,0,3,2,0,4,2,0.13,4.6,0
2026-08-27,late,S08,B,Thursday,0,2,1,0,4,2,0.13,4.6,0
2026-08-27,late,S09,B,Thursday,0,3,1,0,4,2,0.13,4.6,0
2026-08-27,late,S10,B,Thursday,0,2,1,0,4,2,0.13,4.6,0
2026-08-27,late,S11,B,Thursday,0,2,2,0,4,2,0.13,4.6,0
2026-08-27,late,S12,B,Thursday,0,2,1,0,4,2,0.13,4.6,0
2026-08-27,late,S13,C,Thursday,0,1,1,2,4,2,0.182,4.6,0
2026-08-27,late,S14,C,Thursday,0,2,2,2,4,2,0.182,4.6,0
2026-08-27,late,S15,C,Thursday,1,2,2,2,4,2,0.182,4.6,0
2026-08-27,late,S16,C,Thursday,0,1,2,2,4,2,0.182,4.6,0
2026-08-27,late,S17,C,Thursday,0,2,2,2,4,2,0.182,4.6,0
2026-08-27,late,S18,C,Thursday,1,2,0,2,4,2,0.182,4.6,1
2026-08-27,late,S19,D,Thursday,0,2,1,0,4,2,0.135,4.6,0
2026-08-27,late,S20,D,Thursday,0,2,2,0,4,2,0.135,4.6,0
2026-08-27,late,S21,D,Thursday,0,2,2,0,4,2,0.135,4.6,0
2026-08-27,late,S22,D,Thursday,0,3,2,0,4,2,0.135,4.6,0
2026-08-27,late,S23,D,Thursday,0,2,2,0,4,2,0.135,4.6,0
2026-08-27,late,S24,D,Thursday,0,2,3,0,4,2,0.135,4.6,0
2026-08-28,late,S01,A,Friday,0,2,2,2,4,2,0.161,4.6,0
2026-08-28,late,S02,A,Friday,0,2,2,2,4,2,0.161,4.6,0
2026-08-28,late,S03,A,Friday,0,1,3,2,4,2,0.161,4.6,0
2026-08-28,late,S04,A,Friday,0,3,1,2,4,2,0.161,4.6,0
2026-08-28,late,S05,A,Friday,0,3,3,2,4,2,0.161,4.6,0
2026-08-28,late,S06,A,Friday,0,1,0,2,4,2,0.161,4.6,1
2026-08-28,late,S07,B,Friday,0,3,2,0,4,2,0.13,4.6,0
2026-08-28,late,S08,B,Friday,0,2,1,0,4,2,0.13,4.6,0
2026-08-28,late,S09,B,Friday,0,3,1,0,4,2,0.13,4.6,0
2026-08-28,late,S10,B,Friday,0,2,1,0,4,2,0.13,4.6,0
2026-08-28,late,S11,B,Friday,0,2,2,0,4,2,0.13,4.6,0
2026-08-28,late,S12,B,Friday,0,2,1,0,4,2,0.13,4.6,0
2026-08-28,late,S13,C,Friday,0,1,1,2,4,2,0.177,4.6,0
2026-08-28,late,S14,C,Friday,0,2,2,2,4,2,0.177,4.6,0
2026-08-28,late,S15,C,Friday,1,2,2,2,4,2,0.177,4.6,0
2026-08-28,late,S16,C,Friday,0,1,2,2,4,2,0.177,4.6,0
2026-08-28,late,S17,C,Friday,0,2,2,2,4,2,0.177,4.6,0
2026-08-28,late,S18,C,Friday,1,2,0,2,4,2,0.177,4.6,0
2026-08-28,late,S19,D,Friday,0,2,1,0,4,2,0.125,4.6,0
2026-08-28,late,S20,D,Friday,0,2,2,0,4,2,0.125,4.6,0
2026-08-28,late,S21,D,Friday,0,2,2,0,4,2,0.125,4.6,0
2026-08-28,late,S22,D,Friday,0,3,2,0,4,2,0.125,4.6,0
2026-08-28,late,S23,D,Friday,0,2,2,0,4,2,0.125,4.6,0
2026-08-28,late,S24,D,Friday,0,2,3,0,4,2,0.125,4.6,0
2026-08-29,late,S01,A,Saturday,0,2,2,2,4,2,0.151,4.6,0
2026-08-29,late,S02,A,Saturday,0,2,2,2,4,2,0.151,4.6,0
2026-08-29,late,S03,A,Saturday,0,1,3,2,4,2,0.151,4.6,0
2026-08-29,late,S04,A,Saturday,0,3,1,2,4,2,0.151,4.6,0
2026-08-29,late,S05,A,Saturday,0,3,3,2,4,2,0.151,4.6,0
2026-08-29,late,S06,A,Saturday,0,1,0,2,4,2,0.151,4.6,1
2026-08-29,late,S07,B,Saturday,0,3,2,0,4,2,0.12,4.6,0
2026-08-29,late,S08,B,Saturday,0,2,1,0,4,2,0.12,4.6,1
2026-08-29,late,S09,B,Saturday,0,3,1,0,4,2,0.12,4.6,0
2026-08-29,late,S10,B,Saturday,0,2,1,0,4,2,0.12,4.6,0
2026-08-29,late,S11,B,Saturday,0,2,2,0,4,2,0.12,4.6,0
2026-08-29,late,S12,B,Saturday,0,2,1,0,4,2,0.12,4.6,0
2026-08-29,late,S13,C,Saturday,0,1,1,2,4,2,0.167,4.6,1
2026-08-29,late,S14,C,Saturday,0,2,2,2,4,2,0.167,4.6,0
2026-08-29,late,S15,C,Saturday,1,2,2,2,4,2,0.167,4.6,0
2026-08-29,late,S16,C,Saturday,0,1,2,2,4,2,0.167,4.6,0
2026-08-29,late,S17,C,Saturday,0,2,2,2,4,2,0.167,4.6,0
2026-08-29,late,S18,C,Saturday,1,2,0,2,4,2,0.167,4.6,0
2026-08-29,late,S19,D,Saturday,0,2,1,0,4,2,0.12,4.6,0
2026-08-29,late,S20,D,Saturday,0,2,2,0,4,2,0.12,4.6,0
2026-08-29,late,S21,D,Saturday,0,2,2,0,4,2,0.12,4.6,0
2026-08-29,late,S22,D,Saturday,0,3,2,0,4,2,0.12,4.6,0
2026-08-29,late,S23,D,Saturday,0,2,2,0,4,2,0.12,4.6,0
2026-08-29,late,S24,D,Saturday,0,2,3,0,4,2,0.12,4.6,0
2026-08-24,night,S01,A,Monday,0,1,1,3,8,2,0.224,5.1,1
2026-08-24,night,S02,A,Monday,0,2,2,3,8,2,0.224,5.1,0
2026-08-24,night,S03,A,Monday,0,1,3,3,8,2,0.224,5.1,0
2026-08-24,night,S04,A,Monday,0,1,1,3,8,2,0.224,5.1,1
2026-08-24,night,S05,A,Monday,0,2,3,3,8,2,0.224,5.1,0
2026-08-24,night,S06,A,Monday,0,2,2,3,8,2,0.224,5.1,0
2026-08-24,night,S07,B,Monday,0,2,1,2,8,2,0.125,5.1,0
2026-08-24,night,S08,B,Monday,0,1,2,2,8,2,0.125,5.1,0
2026-08-24,night,S09,B,Monday,0,2,3,2,8,2,0.125,5.1,0
2026-08-24,night,S10,B,Monday,0,1,3,2,8,2,0.125,5.1,0
2026-08-24,night,S11,B,Monday,0,2,1,2,8,2,0.125,5.1,0
2026-08-24,night,S12,B,Monday,0,2,1,2,8,2,0.125,5.1,0
2026-08-24,night,S13,C,Monday,0,1,2,2,8,2,0.156,5.1,0
2026-08-24,night,S14,C,Monday,0,1,3,2,8,2,0.156,5.1,0
2026-08-24,night,S15,C,Monday,1,2,2,2,8,2,0.156,5.1,0
2026-08-24,night,S16,C,Monday,0,2,2,2,8,2,0.156,5.1,0
2026-08-24,night,S17,C,Monday,0,2,0,2,8,2,0.156,5.1,0
2026-08-24,night,S18,C,Monday,1,2,0,2,8,2,0.156,5.1,0
2026-08-24,night,S19,D,Monday,0,3,1,1,8,2,0.177,5.1,0
2026-08-24,night,S20,D,Monday,0,3,2,1,8,2,0.177,5.1,0
2026-08-24,night,S21,D,Monday,0,1,1,1,8,2,0.177,5.1,1
2026-08-24,night,S22,D,Monday,0,3,1,1,8,2,0.177,5.1,0
2026-08-24,night,S23,D,Monday,0,2,2,1,8,2,0.177,5.1,0
2026-08-24,night,S24,D,Monday,0,2,1,1,8,2,0.177,5.1,0
2026-08-25,night,S01,A,Tuesday,0,1,1,3,8,2,0.224,5.1,0
2026-08-25,night,S02,A,Tuesday,0,2,2,3,8,2,0.224,5.1,0
2026-08-25,night,S03,A,Tuesday,0,1,3,3,8,2,0.224,5.1,0
2026-08-25,night,S04,A,Tuesday,0,1,1,3,8,2,0.224,5.1,0
2026-08-25,night,S05,A,Tuesday,0,2,3,3,8,2,0.224,5.1,0
2026-08-25,night,S06,A,Tuesday,0,2,2,3,8,2,0.224,5.1,0
2026-08-25,night,S07,B,Tuesday,0,2,1,2,8,2,0.13,5.1,0
2026-08-25,night,S08,B,Tuesday,0,1,2,2,8,2,0.13,5.1,1
2026-08-25,night,S09,B,Tuesday,0,2,3,2,8,2,0.13,5.1,0
2026-08-25,night,S10,B,Tuesday,0,1,3,2,8,2,0.13,5.1,0
2026-08-25,night,S11,B,Tuesday,0,2,1,2,8,2,0.13,5.1,0
2026-08-25,night,S12,B,Tuesday,0,2,1,2,8,2,0.13,5.1,0
2026-08-25,night,S13,C,Tuesday,0,1,2,2,8,2,0.146,5.1,1
2026-08-25,night,S14,C,Tuesday,0,1,3,2,8,2,0.146,5.1,0
2026-08-25,night,S15,C,Tuesday,1,2,2,2,8,2,0.146,5.1,0
2026-08-25,night,S16,C,Tuesday,0,2,2,2,8,2,0.146,5.1,0
2026-08-25,night,S17,C,Tuesday,0,2,0,2,8,2,0.146,5.1,0
2026-08-25,night,S18,C,Tuesday,1,2,0,2,8,2,0.146,5.1,0
2026-08-25,night,S19,D,Tuesday,0,3,1,1,8,2,0.172,5.1,0
2026-08-25,night,S20,D,Tuesday,0,3,2,1,8,2,0.172,5.1,0
2026-08-25,night,S21,D,Tuesday,0,1,1,1,8,2,0.172,5.1,0
2026-08-25,night,S22,D,Tuesday,0,3,1,1,8,2,0.172,5.1,0
2026-08-25,night,S23,D,Tuesday,0,2,2,1,8,2,0.172,5.1,0
2026-08-25,night,S24,D,Tuesday,0,2,1,1,8,2,0.172,5.1,0
2026-08-26,night,S01,A,Wednesday,0,1,1,3,8,2,0.219,5.1,1
2026-08-26,night,S02,A,Wednesday,0,2,2,3,8,2,0.219,5.1,0
2026-08-26,night,S03,A,Wednesday,0,1,3,3,8,2,0.219,5.1,0
2026-08-26,night,S04,A,Wednesday,0,1,1,3,8,2,0.219,5.1,1
2026-08-26,night,S05,A,Wednesday,0,2,3,3,8,2,0.219,5.1,0
2026-08-26,night,S06,A,Wednesday,0,2,2,3,8,2,0.219,5.1,0
2026-08-26,night,S07,B,Wednesday,0,2,1,2,8,2,0.135,5.1,0
2026-08-26,night,S08,B,Wednesday,0,1,2,2,8,2,0.135,5.1,0
2026-08-26,night,S09,B,Wednesday,0,2,3,2,8,2,0.135,5.1,0
2026-08-26,night,S10,B,Wednesday,0,1,3,2,8,2,0.135,5.1,1
2026-08-26,night,S11,B,Wednesday,0,2,1,2,8,2,0.135,5.1,0
2026-08-26,night,S12,B,Wednesday,0,2,1,2,8,2,0.135,5.1,0
2026-08-26,night,S13,C,Wednesday,0,1,2,2,8,2,0.141,5.1,0
2026-08-26,night,S14,C,Wednesday,0,1,3,2,8,2,0.141,5.1,0
2026-08-26,night,S15,C,Wednesday,1,2,2,2,8,2,0.141,5.1,0
2026-08-26,night,S16,C,Wednesday,0,2,2,2,8,2,0.141,5.1,0
2026-08-26,night,S17,C,Wednesday,0,2,0,2,8,2,0.141,5.1,0
2026-08-26,night,S18,C,Wednesday,1,2,0,2,8,2,0.141,5.1,0
2026-08-26,night,S19,D,Wednesday,0,3,1,1,8,2,0.172,5.1,0
2026-08-26,night,S20,D,Wednesday,0,3,2,1,8,2,0.172,5.1,0
2026-08-26,night,S21,D,Wednesday,0,1,1,1,8,2,0.172,5.1,1
2026-08-26,night,S22,D,Wednesday,0,3,1,1,8,2,0.172,5.1,0
2026-08-26,night,S23,D,Wednesday,0,2,2,1,8,2,0.172,5.1,0
2026-08-26,night,S24,D,Wednesday,0,2,1,1,8,2,0.172,5.1,1
2026-08-27,night,S01,A,Thursday,0,1,1,3,8,2,0.198,5.1,0
2026-08-27,night,S02,A,Thursday,0,2,2,3,8,2,0.198,5.1,0
2026-08-27,night,S03,A,Thursday,0,1,3,3,8,2,0.198,5.1,1
2026-08-27,night,S04,A,Thursday,0,1,1,3,8,2,0.198,5.1,1
2026-08-27,night,S05,A,Thursday,0,2,3,3,8,2,0.198,5.1,0
2026-08-27,night,S06,A,Thursday,0,2,2,3,8,2,0.198,5.1,0
2026-08-27,night,S07,B,Thursday,0,2,1,2,8,2,0.146,5.1,0
2026-08-27,night,S08,B,Thursday,0,1,2,2,8,2,0.146,5.1,1
2026-08-27,night,S09,B,Thursday,0,2,3,2,8,2,0.146,5.1,0
2026-08-27,night,S10,B,Thursday,0,1,3,2,8,2,0.146,5.1,1
2026-08-27,night,S11,B,Thursday,0,2,1,2,8,2,0.146,5.1,0
2026-08-27,night,S12,B,Thursday,0,2,1,2,8,2,0.146,5.1,0
2026-08-27,night,S13,C,Thursday,0,1,2,2,8,2,0.135,5.1,0
2026-08-27,night,S14,C,Thursday,0,1,3,2,8,2,0.135,5.1,0
2026-08-27,night,S15,C,Thursday,1,2,2,2,8,2,0.135,5.1,0
2026-08-27,night,S16,C,Thursday,0,2,2,2,8,2,0.135,5.1,0
2026-08-27,night,S17,C,Thursday,0,2,0,2,8,2,0.135,5.1,0
2026-08-27,night,S18,C,Thursday,1,2,0,2,8,2,0.135,5.1,0
2026-08-27,night,S19,D,Thursday,0,3,1,1,8,2,0.182,5.1,1
2026-08-27,night,S20,D,Thursday,0,3,2,1,8,2,0.182,5.1,0
2026-08-27,night,S21,D,Thursday,0,1,1,1,8,2,0.182,5.1,0
2026-08-27,night,S22,D,Thursday,0,3,1,1,8,2,0.182,5.1,0
2026-08-27,night,S23,D,Thursday,0,2,2,1,8,2,0.182,5.1,0
2026-08-27,night,S24,D,Thursday,0,2,1,1,8,2,0.182,5.1,0
2026-08-28,night,S01,A,Friday,0,1,1,3,8,2,0.198,5.1,1
2026-08-28,night,S02,A,Friday,0,2,2,3,8,2,0.198,5.1,0
2026-08-28,night,S03,A,Friday,0,1,3,3,8,2,0.198,5.1,0
2026-08-28,night,S04,A,Friday,0,1,1,3,8,2,0.198,5.1,1
2026-08-28,night,S05,A,Friday,0,2,3,3,8,2,0.198,5.1,0
2026-08-28,night,S06,A,Friday,0,2,2,3,8,2,0.198,5.1,0
2026-08-28,night,S07,B,Friday,0,2,1,2,8,2,0.146,5.1,0
2026-08-28,night,S08,B,Friday,0,1,2,2,8,2,0.146,5.1,1
2026-08-28,night,S09,B,Friday,0,2,3,2,8,2,0.146,5.1,0
2026-08-28,night,S10,B,Friday,0,1,3,2,8,2,0.146,5.1,0
2026-08-28,night,S11,B,Friday,0,2,1,2,8,2,0.146,5.1,0
2026-08-28,night,S12,B,Friday,0,2,1,2,8,2,0.146,5.1,0
2026-08-28,night,S13,C,Friday,0,1,2,2,8,2,0.135,5.1,0
2026-08-28,night,S14,C,Friday,0,1,3,2,8,2,0.135,5.1,1
2026-08-28,night,S15,C,Friday,1,2,2,2,8,2,0.135,5.1,0
2026-08-28,night,S16,C,Friday,0,2,2,2,8,2,0.135,5.1,0
2026-08-28,night,S17,C,Friday,0,2,0,2,8,2,0.135,5.1,0
2026-08-28,night,S18,C,Friday,1,2,0,2,8,2,0.135,5.1,0
2026-08-28,night,S19,D,Friday,0,3,1,1,8,2,0.188,5.1,0
2026-08-28,night,S20,D,Friday,0,3,2,1,8,2,0.188,5.1,0
2026-08-28,night,S21,D,Friday,0,1,1,1,8,2,0.188,5.1,1
2026-08-28,night,S22,D,Friday,0,3,1,1,8,2,0.188,5.1,0
2026-08-28,night,S23,D,Friday,0,2,2,1,8,2,0.188,5.1,0
2026-08-28,night,S24,D,Friday,0,2,1,1,8,2,0.188,5.1,0
2026-08-29,night,S01,A,Saturday,0,1,1,3,8,2,0.188,5.1,1
2026-08-29,night,S02,A,Saturday,0,2,2,3,8,2,0.188,5.1,0
2026-08-29,night,S03,A,Saturday,0,1,3,3,8,2,0.188,5.1,1
2026-08-29,night,S04,A,Saturday,0,1,1,3,8,2,0.188,5.1,0
2026-08-29,night,S05,A,Saturday,0,2,3,3,8,2,0.188,5.1,0
2026-08-29,night,S06,A,Saturday,0,2,2,3,8,2,0.188,5.1,0
2026-08-29,night,S07,B,Saturday,0,2,1,2,8,2,0.135,5.1,0
2026-08-29,night,S08,B,Saturday,0,1,2,2,8,2,0.135,5.1,1
2026-08-29,night,S09,B,Saturday,0,2,3,2,8,2,0.135,5.1,0
2026-08-29,night,S10,B,Saturday,0,1,3,2,8,2,0.135,5.1,0
2026-08-29,night,S11,B,Saturday,0,2,1,2,8,2,0.135,5.1,0
2026-08-29,night,S12,B,Saturday,0,2,1,2,8,2,0.135,5.1,0
2026-08-29,night,S13,C,Saturday,0,1,2,2,8,2,0.13,5.1,1
2026-08-29,night,S14,C,Saturday,0,1,3,2,8,2,0.13,5.1,1
2026-08-29,night,S15,C,Saturday,1,2,2,2,8,2,0.13,5.1,0
2026-08-29,night,S16,C,Saturday,0,2,2,2,8,2,0.13,5.1,0
2026-08-29,night,S17,C,Saturday,0,2,0,2,8,2,0.13,5.1,1
2026-08-29,night,S18,C,Saturday,1,2,0,2,8,2,0.13,5.1,0
2026-08-29,night,S19,D,Saturday,0,3,1,1,8,2,0.188,5.1,0
2026-08-29,night,S20,D,Saturday,0,3,2,1,8,2,0.188,5.1,0
2026-08-29,night,S21,D,Saturday,0,1,1,1,8,2,0.188,5.1,0
2026-08-29,night,S22,D,Saturday,0,3,1,1,8,2,0.188,5.1,0
2026-08-29,night,S23,D,Saturday,0,2,2,1,8,2,0.188,5.1,0
2026-08-29,night,S24,D,Saturday,0,2,1,1,8,2,0.188,5.1,0
2026-08-31,early,S01,A,Monday,0,2,0,1,7,2,0.135,5.0,0
2026-08-31,early,S02,A,Monday,0,2,2,1,7,2,0.135,5.0,0
2026-08-31,early,S03,A,Monday,0,2,2,1,7,2,0.135,5.0,0
2026-08-31,early,S04,A,Monday,0,1,1,1,7,2,0.135,5.0,0
2026-08-31,early,S05,A,Monday,0,2,2,1,7,2,0.135,5.0,0
2026-08-31,early,S06,A,Monday,0,2,1,1,7,2,0.135,5.0,0
2026-08-31,early,S07,B,Monday,0,2,3,1,7,2,0.188,5.0,0
2026-08-31,early,S08,B,Monday,0,2,2,1,7,2,0.188,5.0,0
2026-08-31,early,S09,B,Monday,0,2,2,1,7,2,0.188,5.0,0
2026-08-31,early,S10,B,Monday,0,2,2,1,7,2,0.188,5.0,0
2026-08-31,early,S11,B,Monday,0,1,1,1,7,2,0.188,5.0,0
2026-08-31,early,S12,B,Monday,0,2,1,1,7,2,0.188,5.0,0
2026-08-31,early,S13,C,Monday,0,1,2,2,7,2,0.13,5.0,0
2026-08-31,early,S14,C,Monday,0,1,1,2,7,2,0.13,5.0,1
2026-08-31,early,S15,C,Monday,1,3,2,2,7,2,0.13,5.0,0
2026-08-31,early,S16,C,Monday,0,2,1,2,7,2,0.13,5.0,0
2026-08-31,early,S17,C,Monday,0,2,1,2,7,2,0.13,5.0,0
2026-08-31,early,S18,C,Monday,1,2,3,2,7,2,0.13,5.0,0
2026-08-31,early,S19,D,Monday,0,1,3,3,7,2,0.141,5.0,1
2026-08-31,early,S20,D,Monday,0,1,2,3,7,2,0.141,5.0,1
2026-08-31,early,S21,D,Monday,0,2,1,3,7,2,0.141,5.0,0
2026-08-31,early,S22,D,Monday,0,1,2,3,7,2,0.141,5.0,0
2026-08-31,early,S23,D,Monday,0,2,1,3,7,2,0.141,5.0,0
2026-08-31,early,S24,D,Monday,0,2,2,3,7,2,0.141,5.0,0
2026-09-01,early,S01,A,Tuesday,0,2,0,1,7,2,0.125,5.0,0
2026-09-01,early,S02,A,Tuesday,0,2,2,1,7,2,0.125,5.0,0
2026-09-01,early,S03,A,Tuesday,0,2,2,1,7,2,0.125,5.0,0
2026-09-01,early,S04,A,Tuesday,0,1,1,1,7,2,0.125,5.0,1
2026-09-01,early,S05,A,Tuesday,0,2,2,1,7,2,0.125,5.0,0
2026-09-01,early,S06,A,Tuesday,0,2,1,1,7,2,0.125,5.0,0
2026-09-01,early,S07,B,Tuesday,0,2,3,1,7,2,0.188,5.0,0
2026-09-01,early,S08,B,Tuesday,0,2,2,1,7,2,0.188,5.0,0
2026-09-01,early,S09,B,Tuesday,0,2,2,1,7,2,0.188,5.0,0
2026-09-01,early,S10,B,Tuesday,0,2,2,1,7,2,0.188,5.0,1
2026-09-01,early,S11,B,Tuesday,0,1,1,1,7,2,0.188,5.0,1
2026-09-01,early,S12,B,Tuesday,0,2,1,1,7,2,0.188,5.0,0
2026-09-01,early,S13,C,Tuesday,0,1,2,2,7,2,0.135,5.0,0
2026-09-01,early,S14,C,Tuesday,0,1,1,2,7,2,0.135,5.0,1
2026-09-01,early,S15,C,Tuesday,1,3,2,2,7,2,0.135,5.0,0
2026-09-01,early,S16,C,Tuesday,0,2,1,2,7,2,0.135,5.0,0
2026-09-01,early,S17,C,Tuesday,0,2,1,2,7,2,0.135,5.0,0
2026-09-01,early,S18,C,Tuesday,1,2,3,2,7,2,0.135,5.0,0
2026-09-01,early,S19,D,Tuesday,0,1,3,3,7,2,0.141,5.0,0
2026-09-01,early,S20,D,Tuesday,0,1,2,3,7,2,0.141,5.0,0
2026-09-01,early,S21,D,Tuesday,0,2,1,3,7,2,0.141,5.0,0
2026-09-01,early,S22,D,Tuesday,0,1,2,3,7,2,0.141,5.0,1
2026-09-01,early,S23,D,Tuesday,0,2,1,3,7,2,0.141,5.0,0
2026-09-01,early,S24,D,Tuesday,0,2,2,3,7,2,0.141,5.0,0
2026-09-02,early,S01,A,Wednesday,0,2,0,1,7,2,0.125,5.0,0
2026-09-02,early,S02,A,Wednesday,0,2,2,1,7,2,0.125,5.0,0
2026-09-02,early,S03,A,Wednesday,0,2,2,1,7,2,0.125,5.0,1
2026-09-02,early,S04,A,Wednesday,0,1,1,1,7,2,0.125,5.0,0
2026-09-02,early,S05,A,Wednesday,0,2,2,1,7,2,0.125,5.0,0
2026-09-02,early,S06,A,Wednesday,0,2,1,1,7,2,0.125,5.0,0
2026-09-02,early,S07,B,Wednesday,0,2,3,1,7,2,0.193,5.0,0
2026-09-02,early,S08,B,Wednesday,0,2,2,1,7,2,0.193,5.0,0
2026-09-02,early,S09,B,Wednesday,0,2,2,1,7,2,0.193,5.0,0
2026-09-02,early,S10,B,Wednesday,0,2,2,1,7,2,0.193,5.0,0
2026-09-02,early,S11,B,Wednesday,0,1,1,1,7,2,0.193,5.0,0
2026-09-02,early,S12,B,Wednesday,0,2,1,1,7,2,0.193,5.0,0
2026-09-02,early,S13,C,Wednesday,0,1,2,2,7,2,0.141,5.0,0
2026-09-02,early,S14,C,Wednesday,0,1,1,2,7,2,0.141,5.0,1
2026-09-02,early,S15,C,Wednesday,1,3,2,2,7,2,0.141,5.0,0
2026-09-02,early,S16,C,Wednesday,0,2,1,2,7,2,0.141,5.0,0
2026-09-02,early,S17,C,Wednesday,0,2,1,2,7,2,0.141,5.0,0
2026-09-02,early,S18,C,Wednesday,1,2,3,2,7,2,0.141,5.0,0
2026-09-02,early,S19,D,Wednesday,0,1,3,3,7,2,0.146,5.0,0
2026-09-02,early,S20,D,Wednesday,0,1,2,3,7,2,0.146,5.0,0
2026-09-02,early,S21,D,Wednesday,0,2,1,3,7,2,0.146,5.0,0
2026-09-02,early,S22,D,Wednesday,0,1,2,3,7,2,0.146,5.0,1
2026-09-02,early,S23,D,Wednesday,0,2,1,3,7,2,0.146,5.0,0
2026-09-02,early,S24,D,Wednesday,0,2,2,3,7,2,0.146,5.0,0
2026-09-03,early,S01,A,Thursday,0,2,0,1,7,2,0.13,5.0,0
2026-09-03,early,S02,A,Thursday,0,2,2,1,7,2,0.13,5.0,0
2026-09-03,early,S03,A,Thursday,0,2,2,1,7,2,0.13,5.0,0
2026-09-03,early,S04,A,Thursday,0,1,1,1,7,2,0.13,5.0,1
2026-09-03,early,S05,A,Thursday,0,2,2,1,7,2,0.13,5.0,0
2026-09-03,early,S06,A,Thursday,0,2,1,1,7,2,0.13,5.0,0
2026-09-03,early,S07,B,Thursday,0,2,3,1,7,2,0.193,5.0,0
2026-09-03,early,S08,B,Thursday,0,2,2,1,7,2,0.193,5.0,0
2026-09-03,early,S09,B,Thursday,0,2,2,1,7,2,0.193,5.0,1
2026-09-03,early,S10,B,Thursday,0,2,2,1,7,2,0.193,5.0,0
2026-09-03,early,S11,B,Thursday,0,1,1,1,7,2,0.193,5.0,0
2026-09-03,early,S12,B,Thursday,0,2,1,1,7,2,0.193,5.0,0
2026-09-03,early,S13,C,Thursday,0,1,2,2,7,2,0.146,5.0,0
2026-09-03,early,S14,C,Thursday,0,1,1,2,7,2,0.146,5.0,1
2026-09-03,early,S15,C,Thursday,1,3,2,2,7,2,0.146,5.0,0
2026-09-03,early,S16,C,Thursday,0,2,1,2,7,2,0.146,5.0,0
2026-09-03,early,S17,C,Thursday,0,2,1,2,7,2,0.146,5.0,0
2026-09-03,early,S18,C,Thursday,1,2,3,2,7,2,0.146,5.0,0
2026-09-03,early,S19,D,Thursday,0,1,3,3,7,2,0.146,5.0,0
2026-09-03,early,S20,D,Thursday,0,1,2,3,7,2,0.146,5.0,1
2026-09-03,early,S21,D,Thursday,0,2,1,3,7,2,0.146,5.0,0
2026-09-03,early,S22,D,Thursday,0,1,2,3,7,2,0.146,5.0,0
2026-09-03,early,S23,D,Thursday,0,2,1,3,7,2,0.146,5.0,0
2026-09-03,early,S24,D,Thursday,0,2,2,3,7,2,0.146,5.0,0
2026-09-04,early,S01,A,Friday,0,2,0,1,7,2,0.141,5.0,0
2026-09-04,early,S02,A,Friday,0,2,2,1,7,2,0.141,5.0,0
2026-09-04,early,S03,A,Friday,0,2,2,1,7,2,0.141,5.0,0
2026-09-04,early,S04,A,Friday,0,1,1,1,7,2,0.141,5.0,1
2026-09-04,early,S05,A,Friday,0,2,2,1,7,2,0.141,5.0,0
2026-09-04,early,S06,A,Friday,0,2,1,1,7,2,0.141,5.0,0
2026-09-04,early,S07,B,Friday,0,2,3,1,7,2,0.198,5.0,0
2026-09-04,early,S08,B,Friday,0,2,2,1,7,2,0.198,5.0,0
2026-09-04,early,S09,B,Friday,0,2,2,1,7,2,0.198,5.0,0
2026-09-04,early,S10,B,Friday,0,2,2,1,7,2,0.198,5.0,0
2026-09-04,early,S11,B,Friday,0,1,1,1,7,2,0.198,5.0,0
2026-09-04,early,S12,B,Friday,0,2,1,1,7,2,0.198,5.0,0
2026-09-04,early,S13,C,Friday,0,1,2,2,7,2,0.146,5.0,0
2026-09-04,early,S14,C,Friday,0,1,1,2,7,2,0.146,5.0,0
2026-09-04,early,S15,C,Friday,1,3,2,2,7,2,0.146,5.0,0
2026-09-04,early,S16,C,Friday,0,2,1,2,7,2,0.146,5.0,0
2026-09-04,early,S17,C,Friday,0,2,1,2,7,2,0.146,5.0,0
2026-09-04,early,S18,C,Friday,1,2,3,2,7,2,0.146,5.0,0
2026-09-04,early,S19,D,Friday,0,1,3,3,7,2,0.146,5.0,1
2026-09-04,early,S20,D,Friday,0,1,2,3,7,2,0.146,5.0,0
2026-09-04,early,S21,D,Friday,0,2,1,3,7,2,0.146,5.0,0
2026-09-04,early,S22,D,Friday,0,1,2,3,7,2,0.146,5.0,0
2026-09-04,early,S23,D,Friday,0,2,1,3,7,2,0.146,5.0,0
2026-09-04,early,S24,D,Friday,0,2,2,3,7,2,0.146,5.0,0
2026-09-05,early,S01,A,Saturday,0,2,0,1,7,2,0.146,5.0,0
2026-09-05,early,S02,A,Saturday,0,2,2,1,7,2,0.146,5.0,0
2026-09-05,early,S03,A,Saturday,0,2,2,1,7,2,0.146,5.0,0
2026-09-05,early,S04,A,Saturday,0,1,1,1,7,2,0.146,5.0,1
2026-09-05,early,S05,A,Saturday,0,2,2,1,7,2,0.146,5.0,0
2026-09-05,early,S06,A,Saturday,0,2,1,1,7,2,0.146,5.0,0
2026-09-05,early,S07,B,Saturday,0,2,3,1,7,2,0.188,5.0,0
2026-09-05,early,S08,B,Saturday,0,2,2,1,7,2,0.188,5.0,0
2026-09-05,early,S09,B,Saturday,0,2,2,1,7,2,0.188,5.0,0
2026-09-05,early,S10,B,Saturday,0,2,2,1,7,2,0.188,5.0,0
2026-09-05,early,S11,B,Saturday,0,1,1,1,7,2,0.188,5.0,0
2026-09-05,early,S12,B,Saturday,0,2,1,1,7,2,0.188,5.0,0
2026-09-05,early,S13,C,Saturday,0,1,2,2,7,2,0.151,5.0,1
2026-09-05,early,S14,C,Saturday,0,1,1,2,7,2,0.151,5.0,0
2026-09-05,early,S15,C,Saturday,1,3,2,2,7,2,0.151,5.0,0
2026-09-05,early,S16,C,Saturday,0,2,1,2,7,2,0.151,5.0,0
2026-09-05,early,S17,C,Saturday,0,2,1,2,7,2,0.151,5.0,0
2026-09-05,early,S18,C,Saturday,1,2,3,2,7,2,0.151,5.0,0
2026-09-05,early,S19,D,Saturday,0,1,3,3,7,2,0.13,5.0,0
2026-09-05,early,S20,D,Saturday,0,1,2,3,7,2,0.13,5.0,0
2026-09-05,early,S21,D,Saturday,0,2,1,3,7,2,0.13,5.0,0
2026-09-05,early,S22,D,Saturday,0,1,2,3,7,2,0.13,5.0,1
2026-09-05,early,S23,D,Saturday,0,2,1,3,7,2,0.13,5.0,0
2026-09-05,early,S24,D,Saturday,0,2,2,3,7,2,0.13,5.0,0
2026-08-31,late,S01,A,Monday,0,2,2,2,6,2,0.135,4.5,0
2026-08-31,late,S02,A,Monday,0,2,2,2,6,2,0.135,4.5,0
2026-08-31,late,S03,A,Monday,0,1,3,2,6,2,0.135,4.5,0
2026-08-31,late,S04,A,Monday,0,3,1,2,6,2,0.135,4.5,0
2026-08-31,late,S05,A,Monday,0,3,3,2,6,2,0.135,4.5,0
2026-08-31,late,S06,A,Monday,0,1,0,2,6,2,0.135,4.5,1
2026-08-31,late,S07,B,Monday,0,3,2,0,6,2,0.12,4.5,0
2026-08-31,late,S08,B,Monday,0,2,1,0,6,2,0.12,4.5,0
2026-08-31,late,S09,B,Monday,0,3,1,0,6,2,0.12,4.5,0
2026-08-31,late,S10,B,Monday,0,2,1,0,6,2,0.12,4.5,0
2026-08-31,late,S11,B,Monday,0,2,2,0,6,2,0.12,4.5,0
2026-08-31,late,S12,B,Monday,0,2,1,0,6,2,0.12,4.5,0
2026-08-31,late,S13,C,Monday,0,1,1,2,6,2,0.161,4.5,0
2026-08-31,late,S14,C,Monday,0,2,2,2,6,2,0.161,4.5,0
2026-08-31,late,S15,C,Monday,1,2,2,2,6,2,0.161,4.5,0
2026-08-31,late,S16,C,Monday,0,1,2,2,6,2,0.161,4.5,0
2026-08-31,late,S17,C,Monday,0,2,2,2,6,2,0.161,4.5,0
2026-08-31,late,S18,C,Monday,1,2,0,2,6,2,0.161,4.5,0
2026-08-31,late,S19,D,Monday,0,2,1,2,6,2,0.12,4.5,0
2026-08-31,late,S20,D,Monday,0,2,2,2,6,2,0.12,4.5,0
2026-08-31,late,S21,D,Monday,0,1,2,2,6,2,0.12,4.5,0
2026-08-31,late,S22,D,Monday,0,3,2,2,6,2,0.12,4.5,0
2026-08-31,late,S23,D,Monday,0,1,2,2,6,2,0.12,4.5,1
2026-08-31,late,S24,D,Monday,0,2,3,2,6,2,0.12,4.5,0
2026-09-01,late,S01,A,Tuesday,0,2,2,2,6,2,0.135,4.5,0
2026-09-01,late,S02,A,Tuesday,0,2,2,2,6,2,0.135,4.5,0
2026-09-01,late,S03,A,Tuesday,0,1,3,2,6,2,0.135,4.5,1
2026-09-01,late,S04,A,Tuesday,0,3,1,2,6,2,0.135,4.5,0
2026-09-01,late,S05,A,Tuesday,0,3,3,2,6,2,0.135,4.5,0
2026-09-01,late,S06,A,Tuesday,0,1,0,2,6,2,0.135,4.5,1
2026-09-01,late,S07,B,Tuesday,0,3,2,0,6,2,0.125,4.5,0
2026-09-01,late,S08,B,Tuesday,0,2,1,0,6,2,0.125,4.5,0
2026-09-01,late,S09,B,Tuesday,0,3,1,0,6,2,0.125,4.5,0
2026-09-01,late,S10,B,Tuesday,0,2,1,0,6,2,0.125,4.5,0
2026-09-01,late,S11,B,Tuesday,0,2,2,0,6,2,0.125,4.5,0
2026-09-01,late,S12,B,Tuesday,0,2,1,0,6,2,0.125,4.5,1
2026-09-01,late,S13,C,Tuesday,0,1,1,2,6,2,0.135,4.5,1
2026-09-01,late,S14,C,Tuesday,0,2,2,2,6,2,0.135,4.5,0
2026-09-01,late,S15,C,Tuesday,1,2,2,2,6,2,0.135,4.5,0
2026-09-01,late,S16,C,Tuesday,0,1,2,2,6,2,0.135,4.5,1
2026-09-01,late,S17,C,Tuesday,0,2,2,2,6,2,0.135,4.5,0
2026-09-01,late,S18,C,Tuesday,1,2,0,2,6,2,0.135,4.5,0
2026-09-01,late,S19,D,Tuesday,0,2,1,2,6,2,0.125,4.5,0
2026-09-01,late,S20,D,Tuesday,0,2,2,2,6,2,0.125,4.5,0
2026-09-01,late,S21,D,Tuesday,0,1,2,2,6,2,0.125,4.5,0
2026-09-01,late,S22,D,Tuesday,0,3,2,2,6,2,0.125,4.5,0
2026-09-01,late,S23,D,Tuesday,0,1,2,2,6,2,0.125,4.5,0
2026-09-01,late,S24,D,Tuesday,0,2,3,2,6,2,0.125,4.5,0
2026-09-02,late,S01,A,Wednesday,0,2,2,2,6,2,0.141,4.5,0
2026-09-02,late,S02,A,Wednesday,0,2,2,2,6,2,0.141,4.5,0
2026-09-02,late,S03,A,Wednesday,0,1,3,2,6,2,0.141,4.5,0
2026-09-02,late,S04,A,Wednesday,0,3,1,2,6,2,0.141,4.5,0
2026-09-02,late,S05,A,Wednesday,0,3,3,2,6,2,0.141,4.5,0
2026-09-02,late,S06,A,Wednesday,0,1,0,2,6,2,0.141,4.5,1
2026-09-02,late,S07,B,Wednesday,0,3,2,0,6,2,0.125,4.5,0
2026-09-02,late,S08,B,Wednesday,0,2,1,0,6,2,0.125,4.5,0
2026-09-02,late,S09,B,Wednesday,0,3,1,0,6,2,0.125,4.5,0
2026-09-02,late,S10,B,Wednesday,0,2,1,0,6,2,0.125,4.5,0
2026-09-02,late,S11,B,Wednesday,0,2,2,0,6,2,0.125,4.5,0
2026-09-02,late,S12,B,Wednesday,0,2,1,0,6,2,0.125,4.5,0
2026-09-02,late,S13,C,Wednesday,0,1,1,2,6,2,0.141,4.5,0
2026-09-02,late,S14,C,Wednesday,0,2,2,2,6,2,0.141,4.5,0
2026-09-02,late,S15,C,Wednesday,1,2,2,2,6,2,0.141,4.5,0
2026-09-02,late,S16,C,Wednesday,0,1,2,2,6,2,0.141,4.5,1
2026-09-02,late,S17,C,Wednesday,0,2,2,2,6,2,0.141,4.5,0
2026-09-02,late,S18,C,Wednesday,1,2,0,2,6,2,0.141,4.5,1
2026-09-02,late,S19,D,Wednesday,0,2,1,2,6,2,0.125,4.5,0
2026-09-02,late,S20,D,Wednesday,0,2,2,2,6,2,0.125,4.5,0
2026-09-02,late,S21,D,Wednesday,0,1,2,2,6,2,0.125,4.5,0
2026-09-02,late,S22,D,Wednesday,0,3,2,2,6,2,0.125,4.5,0
2026-09-02,late,S23,D,Wednesday,0,1,2,2,6,2,0.125,4.5,0
2026-09-02,late,S24,D,Wednesday,0,2,3,2,6,2,0.125,4.5,0
2026-09-03,late,S01,A,Thursday,0,2,2,2,6,2,0.13,4.5,0
2026-09-03,late,S02,A,Thursday,0,2,2,2,6,2,0.13,4.5,0
2026-09-03,late,S03,A,Thursday,0,1,3,2,6,2,0.13,4.5,1
2026-09-03,late,S04,A,Thursday,0,3,1,2,6,2,0.13,4.5,0
2026-09-03,late,S05,A,Thursday,0,3,3,2,6,2,0.13,4.5,0
2026-09-03,late,S06,A,Thursday,0,1,0,2,6,2,0.13,4.5,1
2026-09-03,late,S07,B,Thursday,0,3,2,0,6,2,0.125,4.5,0
2026-09-03,late,S08,B,Thursday,0,2,1,0,6,2,0.125,4.5,0
2026-09-03,late,S09,B,Thursday,0,3,1,0,6,2,0.125,4.5,0
2026-09-03,late,S10,B,Thursday,0,2,1,0,6,2,0.125,4.5,0
2026-09-03,late,S11,B,Thursday,0,2,2,0,6,2,0.125,4.5,0
2026-09-03,late,S12,B,Thursday,0,2,1,0,6,2,0.125,4.5,0
2026-09-03,late,S13,C,Thursday,0,1,1,2,6,2,0.141,4.5,1
2026-09-03,late,S14,C,Thursday,0,2,2,2,6,2,0.141,4.5,0
2026-09-03,late,S15,C,Thursday,1,2,2,2,6,2,0.141,4.5,0
2026-09-03,late,S16,C,Thursday,0,1,2,2,6,2,0.141,4.5,0
2026-09-03,late,S17,C,Thursday,0,2,2,2,6,2,0.141,4.5,0
2026-09-03,late,S18,C,Thursday,1,2,0,2,6,2,0.141,4.5,1
2026-09-03,late,S19,D,Thursday,0,2,1,2,6,2,0.13,4.5,0
2026-09-03,late,S20,D,Thursday,0,2,2,2,6,2,0.13,4.5,0
2026-09-03,late,S21,D,Thursday,0,1,2,2,6,2,0.13,4.5,0
2026-09-03,late,S22,D,Thursday,0,3,2,2,6,2,0.13,4.5,0
2026-09-03,late,S23,D,Thursday,0,1,2,2,6,2,0.13,4.5,0
2026-09-03,late,S24,D,Thursday,0,2,3,2,6,2,0.13,4.5,0
2026-09-04,late,S01,A,Friday,0,2,2,2,6,2,0.13,4.5,0
2026-09-04,late,S02,A,Friday,0,2,2,2,6,2,0.13,4.5,0
2026-09-04,late,S03,A,Friday,0,1,3,2,6,2,0.13,4.5,0
2026-09-04,late,S04,A,Friday,0,3,1,2,6,2,0.13,4.5,0
2026-09-04,late,S05,A,Friday,0,3,3,2,6,2,0.13,4.5,0
2026-09-04,late,S06,A,Friday,0,1,0,2,6,2,0.13,4.5,1
2026-09-04,late,S07,B,Friday,0,3,2,0,6,2,0.13,4.5,0
2026-09-04,late,S08,B,Friday,0,2,1,0,6,2,0.13,4.5,0
2026-09-04,late,S09,B,Friday,0,3,1,0,6,2,0.13,4.5,0
2026-09-04,late,S10,B,Friday,0,2,1,0,6,2,0.13,4.5,0
2026-09-04,late,S11,B,Friday,0,2,2,0,6,2,0.13,4.5,0
2026-09-04,late,S12,B,Friday,0,2,1,0,6,2,0.13,4.5,0
2026-09-04,late,S13,C,Friday,0,1,1,2,6,2,0.156,4.5,0
2026-09-04,late,S14,C,Friday,0,2,2,2,6,2,0.156,4.5,0
2026-09-04,late,S15,C,Friday,1,2,2,2,6,2,0.156,4.5,0
2026-09-04,late,S16,C,Friday,0,1,2,2,6,2,0.156,4.5,0
2026-09-04,late,S17,C,Friday,0,2,2,2,6,2,0.156,4.5,0
2026-09-04,late,S18,C,Friday,1,2,0,2,6,2,0.156,4.5,0
2026-09-04,late,S19,D,Friday,0,2,1,2,6,2,0.13,4.5,0
2026-09-04,late,S20,D,Friday,0,2,2,2,6,2,0.13,4.5,0
2026-09-04,late,S21,D,Friday,0,1,2,2,6,2,0.13,4.5,0
2026-09-04,late,S22,D,Friday,0,3,2,2,6,2,0.13,4.5,0
2026-09-04,late,S23,D,Friday,0,1,2,2,6,2,0.13,4.5,0
2026-09-04,late,S24,D,Friday,0,2,3,2,6,2,0.13,4.5,0
2026-09-05,late,S01,A,Saturday,0,2,2,2,6,2,0.135,4.5,0
2026-09-05,late,S02,A,Saturday,0,2,2,2,6,2,0.135,4.5,0
2026-09-05,late,S03,A,Saturday,0,1,3,2,6,2,0.135,4.5,0
2026-09-05,late,S04,A,Saturday,0,3,1,2,6,2,0.135,4.5,0
2026-09-05,late,S05,A,Saturday,0,3,3,2,6,2,0.135,4.5,0
2026-09-05,late,S06,A,Saturday,0,1,0,2,6,2,0.135,4.5,1
2026-09-05,late,S07,B,Saturday,0,3,2,0,6,2,0.135,4.5,0
2026-09-05,late,S08,B,Saturday,0,2,1,0,6,2,0.135,4.5,0
2026-09-05,late,S09,B,Saturday,0,3,1,0,6,2,0.135,4.5,0
2026-09-05,late,S10,B,Saturday,0,2,1,0,6,2,0.135,4.5,0
2026-09-05,late,S11,B,Saturday,0,2,2,0,6,2,0.135,4.5,0
2026-09-05,late,S12,B,Saturday,0,2,1,0,6,2,0.135,4.5,0
2026-09-05,late,S13,C,Saturday,0,1,1,2,6,2,0.146,4.5,1
2026-09-05,late,S14,C,Saturday,0,2,2,2,6,2,0.146,4.5,0
2026-09-05,late,S15,C,Saturday,1,2,2,2,6,2,0.146,4.5,0
2026-09-05,late,S16,C,Saturday,0,1,2,2,6,2,0.146,4.5,1
2026-09-05,late,S17,C,Saturday,0,2,2,2,6,2,0.146,4.5,0
2026-09-05,late,S18,C,Saturday,1,2,0,2,6,2,0.146,4.5,0
2026-09-05,late,S19,D,Saturday,0,2,1,2,6,2,0.125,4.5,0
2026-09-05,late,S20,D,Saturday,0,2,2,2,6,2,0.125,4.5,0
2026-09-05,late,S21,D,Saturday,0,1,2,2,6,2,0.125,4.5,0
2026-09-05,late,S22,D,Saturday,0,3,2,2,6,2,0.125,4.5,0
2026-09-05,late,S23,D,Saturday,0,1,2,2,6,2,0.125,4.5,1
2026-09-05,late,S24,D,Saturday,0,2,3,2,6,2,0.125,4.5,0
2026-08-31,night,S01,A,Monday,0,1,1,3,7,2,0.188,3.1,0
2026-08-31,night,S02,A,Monday,0,2,2,3,7,2,0.188,3.1,0
2026-08-31,night,S03,A,Monday,0,1,3,3,7,2,0.188,3.1,1
2026-08-31,night,S04,A,Monday,0,1,1,3,7,2,0.188,3.1,0
2026-08-31,night,S05,A,Monday,0,2,3,3,7,2,0.188,3.1,0
2026-08-31,night,S06,A,Monday,0,2,2,3,7,2,0.188,3.1,0
2026-08-31,night,S07,B,Monday,0,2,1,1,7,2,0.135,3.1,0
2026-08-31,night,S08,B,Monday,0,2,2,1,7,2,0.135,3.1,0
2026-08-31,night,S09,B,Monday,0,2,3,1,7,2,0.135,3.1,0
2026-08-31,night,S10,B,Monday,0,1,3,1,7,2,0.135,3.1,1
2026-08-31,night,S11,B,Monday,0,2,1,1,7,2,0.135,3.1,0
2026-08-31,night,S12,B,Monday,0,2,1,1,7,2,0.135,3.1,0
2026-08-31,night,S13,C,Monday,0,1,2,2,7,2,0.146,3.1,1
2026-08-31,night,S14,C,Monday,0,2,3,2,7,2,0.146,3.1,0
2026-08-31,night,S15,C,Monday,1,1,2,2,7,2,0.146,3.1,0
2026-08-31,night,S16,C,Monday,0,2,2,2,7,2,0.146,3.1,0
2026-08-31,night,S17,C,Monday,0,2,0,2,7,2,0.146,3.1,0
2026-08-31,night,S18,C,Monday,1,2,0,2,7,2,0.146,3.1,0
2026-08-31,night,S19,D,Monday,0,3,1,1,7,2,0.193,3.1,0
2026-08-31,night,S20,D,Monday,0,3,2,1,7,2,0.193,3.1,0
2026-08-31,night,S21,D,Monday,0,1,1,1,7,2,0.193,3.1,0
2026-08-31,night,S22,D,Monday,0,3,1,1,7,2,0.193,3.1,0
2026-08-31,night,S23,D,Monday,0,2,2,1,7,2,0.193,3.1,0
2026-08-31,night,S24,D,Monday,0,2,1,1,7,2,0.193,3.1,0
2026-09-01,night,S01,A,Tuesday,0,1,1,3,7,2,0.198,3.1,0
2026-09-01,night,S02,A,Tuesday,0,2,2,3,7,2,0.198,3.1,0
2026-09-01,night,S03,A,Tuesday,0,1,3,3,7,2,0.198,3.1,1
2026-09-01,night,S04,A,Tuesday,0,1,1,3,7,2,0.198,3.1,1
2026-09-01,night,S05,A,Tuesday,0,2,3,3,7,2,0.198,3.1,0
2026-09-01,night,S06,A,Tuesday,0,2,2,3,7,2,0.198,3.1,0
2026-09-01,night,S07,B,Tuesday,0,2,1,1,7,2,0.135,3.1,0
2026-09-01,night,S08,B,Tuesday,0,2,2,1,7,2,0.135,3.1,0
2026-09-01,night,S09,B,Tuesday,0,2,3,1,7,2,0.135,3.1,0
2026-09-01,night,S10,B,Tuesday,0,1,3,1,7,2,0.135,3.1,0
2026-09-01,night,S11,B,Tuesday,0,2,1,1,7,2,0.135,3.1,0
2026-09-01,night,S12,B,Tuesday,0,2,1,1,7,2,0.135,3.1,0
2026-09-01,night,S13,C,Tuesday,0,1,2,2,7,2,0.151,3.1,1
2026-09-01,night,S14,C,Tuesday,0,2,3,2,7,2,0.151,3.1,0
2026-09-01,night,S15,C,Tuesday,1,1,2,2,7,2,0.151,3.1,0
2026-09-01,night,S16,C,Tuesday,0,2,2,2,7,2,0.151,3.1,0
2026-09-01,night,S17,C,Tuesday,0,2,0,2,7,2,0.151,3.1,0
2026-09-01,night,S18,C,Tuesday,1,2,0,2,7,2,0.151,3.1,0
2026-09-01,night,S19,D,Tuesday,0,3,1,1,7,2,0.193,3.1,0
2026-09-01,night,S20,D,Tuesday,0,3,2,1,7,2,0.193,3.1,0
2026-09-01,night,S21,D,Tuesday,0,1,1,1,7,2,0.193,3.1,1
2026-09-01,night,S22,D,Tuesday,0,3,1,1,7,2,0.193,3.1,0
2026-09-01,night,S23,D,Tuesday,0,2,2,1,7,2,0.193,3.1,0
2026-09-01,night,S24,D,Tuesday,0,2,1,1,7,2,0.193,3.1,0
2026-09-02,night,S01,A,Wednesday,0,1,1,3,7,2,0.203,3.1,1
2026-09-02,night,S02,A,Wednesday,0,2,2,3,7,2,0.203,3.1,0
2026-09-02,night,S03,A,Wednesday,0,1,3,3,7,2,0.203,3.1,1
2026-09-02,night,S04,A,Wednesday,0,1,1,3,7,2,0.203,3.1,0
2026-09-02,night,S05,A,Wednesday,0,2,3,3,7,2,0.203,3.1,0
2026-09-02,night,S06,A,Wednesday,0,2,2,3,7,2,0.203,3.1,0
2026-09-02,night,S07,B,Wednesday,0,2,1,1,7,2,0.135,3.1,0
2026-09-02,night,S08,B,Wednesday,0,2,2,1,7,2,0.135,3.1,0
2026-09-02,night,S09,B,Wednesday,0,2,3,1,7,2,0.135,3.1,0
2026-09-02,night,S10,B,Wednesday,0,1,3,1,7,2,0.135,3.1,0
2026-09-02,night,S11,B,Wednesday,0,2,1,1,7,2,0.135,3.1,0
2026-09-02,night,S12,B,Wednesday,0,2,1,1,7,2,0.135,3.1,0
2026-09-02,night,S13,C,Wednesday,0,1,2,2,7,2,0.156,3.1,1
2026-09-02,night,S14,C,Wednesday,0,2,3,2,7,2,0.156,3.1,0
2026-09-02,night,S15,C,Wednesday,1,1,2,2,7,2,0.156,3.1,0
2026-09-02,night,S16,C,Wednesday,0,2,2,2,7,2,0.156,3.1,0
2026-09-02,night,S17,C,Wednesday,0,2,0,2,7,2,0.156,3.1,0
2026-09-02,night,S18,C,Wednesday,1,2,0,2,7,2,0.156,3.1,0
2026-09-02,night,S19,D,Wednesday,0,3,1,1,7,2,0.188,3.1,0
2026-09-02,night,S20,D,Wednesday,0,3,2,1,7,2,0.188,3.1,0
2026-09-02,night,S21,D,Wednesday,0,1,1,1,7,2,0.188,3.1,0
2026-09-02,night,S22,D,Wednesday,0,3,1,1,7,2,0.188,3.1,0
2026-09-02,night,S23,D,Wednesday,0,2,2,1,7,2,0.188,3.1,0
2026-09-02,night,S24,D,Wednesday,0,2,1,1,7,2,0.188,3.1,0
2026-09-03,night,S01,A,Thursday,0,1,1,3,7,2,0.203,3.1,0
2026-09-03,night,S02,A,Thursday,0,2,2,3,7,2,0.203,3.1,0
2026-09-03,night,S03,A,Thursday,0,1,3,3,7,2,0.203,3.1,1
2026-09-03,night,S04,A,Thursday,0,1,1,3,7,2,0.203,3.1,0
2026-09-03,night,S05,A,Thursday,0,2,3,3,7,2,0.203,3.1,0
2026-09-03,night,S06,A,Thursday,0,2,2,3,7,2,0.203,3.1,0
2026-09-03,night,S07,B,Thursday,0,2,1,1,7,2,0.13,3.1,0
2026-09-03,night,S08,B,Thursday,0,2,2,1,7,2,0.13,3.1,0
2026-09-03,night,S09,B,Thursday,0,2,3,1,7,2,0.13,3.1,0
2026-09-03,night,S10,B,Thursday,0,1,3,1,7,2,0.13,3.1,0
2026-09-03,night,S11,B,Thursday,0,2,1,1,7,2,0.13,3.1,0
2026-09-03,night,S12,B,Thursday,0,2,1,1,7,2,0.13,3.1,0
2026-09-03,night,S13,C,Thursday,0,1,2,2,7,2,0.167,3.1,1
2026-09-03,night,S14,C,Thursday,0,2,3,2,7,2,0.167,3.1,0
2026-09-03,night,S15,C,Thursday,1,1,2,2,7,2,0.167,3.1,0
2026-09-03,night,S16,C,Thursday,0,2,2,2,7,2,0.167,3.1,0
2026-09-03,night,S17,C,Thursday,0,2,0,2,7,2,0.167,3.1,1
2026-09-03,night,S18,C,Thursday,1,2,0,2,7,2,0.167,3.1,1
2026-09-03,night,S19,D,Thursday,0,3,1,1,7,2,0.188,3.1,1
2026-09-03,night,S20,D,Thursday,0,3,2,1,7,2,0.188,3.1,0
2026-09-03,night,S21,D,Thursday,0,1,1,1,7,2,0.188,3.1,1
2026-09-03,night,S22,D,Thursday,0,3,1,1,7,2,0.188,3.1,0
2026-09-03,night,S23,D,Thursday,0,2,2,1,7,2,0.188,3.1,0
2026-09-03,night,S24,D,Thursday,0,2,1,1,7,2,0.188,3.1,0
2026-09-04,night,S01,A,Friday,0,1,1,3,7,2,0.188,3.1,1
2026-09-04,night,S02,A,Friday,0,2,2,3,7,2,0.188,3.1,0
2026-09-04,night,S03,A,Friday,0,1,3,3,7,2,0.188,3.1,0
2026-09-04,night,S04,A,Friday,0,1,1,3,7,2,0.188,3.1,1
2026-09-04,night,S05,A,Friday,0,2,3,3,7,2,0.188,3.1,0
2026-09-04,night,S06,A,Friday,0,2,2,3,7,2,0.188,3.1,0
2026-09-04,night,S07,B,Friday,0,2,1,1,7,2,0.125,3.1,0
2026-09-04,night,S08,B,Friday,0,2,2,1,7,2,0.125,3.1,0
2026-09-04,night,S09,B,Friday,0,2,3,1,7,2,0.125,3.1,0
2026-09-04,night,S10,B,Friday,0,1,3,1,7,2,0.125,3.1,1
2026-09-04,night,S11,B,Friday,0,2,1,1,7,2,0.125,3.1,0
2026-09-04,night,S12,B,Friday,0,2,1,1,7,2,0.125,3.1,0
2026-09-04,night,S13,C,Friday,0,1,2,2,7,2,0.177,3.1,0
2026-09-04,night,S14,C,Friday,0,2,3,2,7,2,0.177,3.1,0
2026-09-04,night,S15,C,Friday,1,1,2,2,7,2,0.177,3.1,0
2026-09-04,night,S16,C,Friday,0,2,2,2,7,2,0.177,3.1,0
2026-09-04,night,S17,C,Friday,0,2,0,2,7,2,0.177,3.1,1
2026-09-04,night,S18,C,Friday,1,2,0,2,7,2,0.177,3.1,0
2026-09-04,night,S19,D,Friday,0,3,1,1,7,2,0.203,3.1,0
2026-09-04,night,S20,D,Friday,0,3,2,1,7,2,0.203,3.1,0
2026-09-04,night,S21,D,Friday,0,1,1,1,7,2,0.203,3.1,0
2026-09-04,night,S22,D,Friday,0,3,1,1,7,2,0.203,3.1,0
2026-09-04,night,S23,D,Friday,0,2,2,1,7,2,0.203,3.1,0
2026-09-04,night,S24,D,Friday,0,2,1,1,7,2,0.203,3.1,0
2026-09-05,night,S01,A,Saturday,0,1,1,3,7,2,0.188,3.1,0
2026-09-05,night,S02,A,Saturday,0,2,2,3,7,2,0.188,3.1,0
2026-09-05,night,S03,A,Saturday,0,1,3,3,7,2,0.188,3.1,1
2026-09-05,night,S04,A,Saturday,0,1,1,3,7,2,0.188,3.1,0
2026-09-05,night,S05,A,Saturday,0,2,3,3,7,2,0.188,3.1,0
2026-09-05,night,S06,A,Saturday,0,2,2,3,7,2,0.188,3.1,0
2026-09-05,night,S07,B,Saturday,0,2,1,1,7,2,0.115,3.1,0
2026-09-05,night,S08,B,Saturday,0,2,2,1,7,2,0.115,3.1,0
2026-09-05,night,S09,B,Saturday,0,2,3,1,7,2,0.115,3.1,0
2026-09-05,night,S10,B,Saturday,0,1,3,1,7,2,0.115,3.1,0
2026-09-05,night,S11,B,Saturday,0,2,1,1,7,2,0.115,3.1,0
2026-09-05,night,S12,B,Saturday,0,2,1,1,7,2,0.115,3.1,0
2026-09-05,night,S13,C,Saturday,0,1,2,2,7,2,0.172,3.1,1
2026-09-05,night,S14,C,Saturday,0,2,3,2,7,2,0.172,3.1,0
2026-09-05,night,S15,C,Saturday,1,1,2,2,7,2,0.172,3.1,0
2026-09-05,night,S16,C,Saturday,0,2,2,2,7,2,0.172,3.1,0
2026-09-05,night,S17,C,Saturday,0,2,0,2,7,2,0.172,3.1,0
2026-09-05,night,S18,C,Saturday,1,2,0,2,7,2,0.172,3.1,0
2026-09-05,night,S19,D,Saturday,0,3,1,1,7,2,0.198,3.1,1
2026-09-05,night,S20,D,Saturday,0,3,2,1,7,2,0.198,3.1,0
2026-09-05,night,S21,D,Saturday,0,1,1,1,7,2,0.198,3.1,0
2026-09-05,night,S22,D,Saturday,0,3,1,1,7,2,0.198,3.1,0
2026-09-05,night,S23,D,Saturday,0,2,2,1,7,2,0.198,3.1,0
2026-09-05,night,S24,D,Saturday,0,2,1,1,7,2,0.198,3.1,0
2026-09-07,early,S01,A,Monday,0,2,0,1,8,2,0.135,5.2,0
2026-09-07,early,S02,A,Monday,0,2,2,1,8,2,0.135,5.2,0
2026-09-07,early,S03,A,Monday,0,2,2,1,8,2,0.135,5.2,0
2026-09-07,early,S04,A,Monday,0,1,1,1,8,2,0.135,5.2,0
2026-09-07,early,S05,A,Monday,0,2,2,1,8,2,0.135,5.2,0
2026-09-07,early,S06,A,Monday,0,2,1,1,8,2,0.135,5.2,0
2026-09-07,early,S07,B,Monday,0,2,3,1,8,2,0.172,5.2,0
2026-09-07,early,S08,B,Monday,0,2,2,1,8,2,0.172,5.2,0
2026-09-07,early,S09,B,Monday,0,2,2,1,8,2,0.172,5.2,0
2026-09-07,early,S10,B,Monday,0,2,2,1,8,2,0.172,5.2,0
2026-09-07,early,S11,B,Monday,0,1,1,1,8,2,0.172,5.2,0
2026-09-07,early,S12,B,Monday,0,2,1,1,8,2,0.172,5.2,0
2026-09-07,early,S13,C,Monday,0,1,2,3,8,2,0.161,5.2,0
2026-09-07,early,S14,C,Monday,0,1,1,3,8,2,0.161,5.2,1
2026-09-07,early,S15,C,Monday,1,3,2,3,8,2,0.161,5.2,0
2026-09-07,early,S16,C,Monday,0,2,1,3,8,2,0.161,5.2,0
2026-09-07,early,S17,C,Monday,0,1,1,3,8,2,0.161,5.2,0
2026-09-07,early,S18,C,Monday,1,2,3,3,8,2,0.161,5.2,0
2026-09-07,early,S19,D,Monday,0,1,3,3,8,2,0.125,5.2,1
2026-09-07,early,S20,D,Monday,0,1,2,3,8,2,0.125,5.2,0
2026-09-07,early,S21,D,Monday,0,2,1,3,8,2,0.125,5.2,0
2026-09-07,early,S22,D,Monday,0,1,2,3,8,2,0.125,5.2,0
2026-09-07,early,S23,D,Monday,0,2,1,3,8,2,0.125,5.2,0
2026-09-07,early,S24,D,Monday,0,2,2,3,8,2,0.125,5.2,0
2026-09-08,early,S01,A,Tuesday,0,2,0,1,8,2,0.13,5.2,0
2026-09-08,early,S02,A,Tuesday,0,2,2,1,8,2,0.13,5.2,0
2026-09-08,early,S03,A,Tuesday,0,2,2,1,8,2,0.13,5.2,0
2026-09-08,early,S04,A,Tuesday,0,1,1,1,8,2,0.13,5.2,0
2026-09-08,early,S05,A,Tuesday,0,2,2,1,8,2,0.13,5.2,0
2026-09-08,early,S06,A,Tuesday,0,2,1,1,8,2,0.13,5.2,0
2026-09-08,early,S07,B,Tuesday,0,2,3,1,8,2,0.177,5.2,0
2026-09-08,early,S08,B,Tuesday,0,2,2,1,8,2,0.177,5.2,0
2026-09-08,early,S09,B,Tuesday,0,2,2,1,8,2,0.177,5.2,0
2026-09-08,early,S10,B,Tuesday,0,2,2,1,8,2,0.177,5.2,0
2026-09-08,early,S11,B,Tuesday,0,1,1,1,8,2,0.177,5.2,1
2026-09-08,early,S12,B,Tuesday,0,2,1,1,8,2,0.177,5.2,0
2026-09-08,early,S13,C,Tuesday,0,1,2,3,8,2,0.156,5.2,1
2026-09-08,early,S14,C,Tuesday,0,1,1,3,8,2,0.156,5.2,1
2026-09-08,early,S15,C,Tuesday,1,3,2,3,8,2,0.156,5.2,0
2026-09-08,early,S16,C,Tuesday,0,2,1,3,8,2,0.156,5.2,0
2026-09-08,early,S17,C,Tuesday,0,1,1,3,8,2,0.156,5.2,0
2026-09-08,early,S18,C,Tuesday,1,2,3,3,8,2,0.156,5.2,0
2026-09-08,early,S19,D,Tuesday,0,1,3,3,8,2,0.12,5.2,1
2026-09-08,early,S20,D,Tuesday,0,1,2,3,8,2,0.12,5.2,1
2026-09-08,early,S21,D,Tuesday,0,2,1,3,8,2,0.12,5.2,0
2026-09-08,early,S22,D,Tuesday,0,1,2,3,8,2,0.12,5.2,0
2026-09-08,early,S23,D,Tuesday,0,2,1,3,8,2,0.12,5.2,0
2026-09-08,early,S24,D,Tuesday,0,2,2,3,8,2,0.12,5.2,0
2026-09-09,early,S01,A,Wednesday,0,2,0,1,8,2,0.12,5.2,0
2026-09-09,early,S02,A,Wednesday,0,2,2,1,8,2,0.12,5.2,0
2026-09-09,early,S03,A,Wednesday,0,2,2,1,8,2,0.12,5.2,0
2026-09-09,early,S04,A,Wednesday,0,1,1,1,8,2,0.12,5.2,1
2026-09-09,early,S05,A,Wednesday,0,2,2,1,8,2,0.12,5.2,0
2026-09-09,early,S06,A,Wednesday,0,2,1,1,8,2,0.12,5.2,0
2026-09-09,early,S07,B,Wednesday,0,2,3,1,8,2,0.167,5.2,0
2026-09-09,early,S08,B,Wednesday,0,2,2,1,8,2,0.167,5.2,0
2026-09-09,early,S09,B,Wednesday,0,2,2,1,8,2,0.167,5.2,0
2026-09-09,early,S10,B,Wednesday,0,2,2,1,8,2,0.167,5.2,1
2026-09-09,early,S11,B,Wednesday,0,1,1,1,8,2,0.167,5.2,0
2026-09-09,early,S12,B,Wednesday,0,2,1,1,8,2,0.167,5.2,0
2026-09-09,early,S13,C,Wednesday,0,1,2,3,8,2,0.156,5.2,0
2026-09-09,early,S14,C,Wednesday,0,1,1,3,8,2,0.156,5.2,1
2026-09-09,early,S15,C,Wednesday,1,3,2,3,8,2,0.156,5.2,0
2026-09-09,early,S16,C,Wednesday,0,2,1,3,8,2,0.156,5.2,0
2026-09-09,early,S17,C,Wednesday,0,1,1,3,8,2,0.156,5.2,1
2026-09-09,early,S18,C,Wednesday,1,2,3,3,8,2,0.156,5.2,0
2026-09-09,early,S19,D,Wednesday,0,1,3,3,8,2,0.12,5.2,0
2026-09-09,early,S20,D,Wednesday,0,1,2,3,8,2,0.12,5.2,1
2026-09-09,early,S21,D,Wednesday,0,2,1,3,8,2,0.12,5.2,0
2026-09-09,early,S22,D,Wednesday,0,1,2,3,8,2,0.12,5.2,0
2026-09-09,early,S23,D,Wednesday,0,2,1,3,8,2,0.12,5.2,0
2026-09-09,early,S24,D,Wednesday,0,2,2,3,8,2,0.12,5.2,0
2026-09-10,early,S01,A,Thursday,0,2,0,1,8,2,0.115,5.2,1
2026-09-10,early,S02,A,Thursday,0,2,2,1,8,2,0.115,5.2,0
2026-09-10,early,S03,A,Thursday,0,2,2,1,8,2,0.115,5.2,0
2026-09-10,early,S04,A,Thursday,0,1,1,1,8,2,0.115,5.2,0
2026-09-10,early,S05,A,Thursday,0,2,2,1,8,2,0.115,5.2,0
2026-09-10,early,S06,A,Thursday,0,2,1,1,8,2,0.115,5.2,0
2026-09-10,early,S07,B,Thursday,0,2,3,1,8,2,0.177,5.2,0
2026-09-10,early,S08,B,Thursday,0,2,2,1,8,2,0.177,5.2,0
2026-09-10,early,S09,B,Thursday,0,2,2,1,8,2,0.177,5.2,0
2026-09-10,early,S10,B,Thursday,0,2,2,1,8,2,0.177,5.2,0
2026-09-10,early,S11,B,Thursday,0,1,1,1,8,2,0.177,5.2,0
2026-09-10,early,S12,B,Thursday,0,2,1,1,8,2,0.177,5.2,0
2026-09-10,early,S13,C,Thursday,0,1,2,3,8,2,0.151,5.2,0
2026-09-10,early,S14,C,Thursday,0,1,1,3,8,2,0.151,5.2,0
2026-09-10,early,S15,C,Thursday,1,3,2,3,8,2,0.151,5.2,0
2026-09-10,early,S16,C,Thursday,0,2,1,3,8,2,0.151,5.2,0
2026-09-10,early,S17,C,Thursday,0,1,1,3,8,2,0.151,5.2,1
2026-09-10,early,S18,C,Thursday,1,2,3,3,8,2,0.151,5.2,0
2026-09-10,early,S19,D,Thursday,0,1,3,3,8,2,0.115,5.2,0
2026-09-10,early,S20,D,Thursday,0,1,2,3,8,2,0.115,5.2,1
2026-09-10,early,S21,D,Thursday,0,2,1,3,8,2,0.115,5.2,0
2026-09-10,early,S22,D,Thursday,0,1,2,3,8,2,0.115,5.2,1
2026-09-10,early,S23,D,Thursday,0,2,1,3,8,2,0.115,5.2,0
2026-09-10,early,S24,D,Thursday,0,2,2,3,8,2,0.115,5.2,0
2026-09-11,early,S01,A,Friday,0,2,0,1,8,2,0.12,5.2,0
2026-09-11,early,S02,A,Friday,0,2,2,1,8,2,0.12,5.2,0
2026-09-11,early,S03,A,Friday,0,2,2,1,8,2,0.12,5.2,0
2026-09-11,early,S04,A,Friday,0,1,1,1,8,2,0.12,5.2,1
2026-09-11,early,S05,A,Friday,0,2,2,1,8,2,0.12,5.2,0
2026-09-11,early,S06,A,Friday,0,2,1,1,8,2,0.12,5.2,0
2026-09-11,early,S07,B,Friday,0,2,3,1,8,2,0.172,5.2,0
2026-09-11,early,S08,B,Friday,0,2,2,1,8,2,0.172,5.2,0
2026-09-11,early,S09,B,Friday,0,2,2,1,8,2,0.172,5.2,0
2026-09-11,early,S10,B,Friday,0,2,2,1,8,2,0.172,5.2,0
2026-09-11,early,S11,B,Friday,0,1,1,1,8,2,0.172,5.2,0
2026-09-11,early,S12,B,Friday,0,2,1,1,8,2,0.172,5.2,0
2026-09-11,early,S13,C,Friday,0,1,2,3,8,2,0.156,5.2,0
2026-09-11,early,S14,C,Friday,0,1,1,3,8,2,0.156,5.2,1
2026-09-11,early,S15,C,Friday,1,3,2,3,8,2,0.156,5.2,0
2026-09-11,early,S16,C,Friday,0,2,1,3,8,2,0.156,5.2,0
2026-09-11,early,S17,C,Friday,0,1,1,3,8,2,0.156,5.2,0
2026-09-11,early,S18,C,Friday,1,2,3,3,8,2,0.156,5.2,0
2026-09-11,early,S19,D,Friday,0,1,3,3,8,2,0.12,5.2,1
2026-09-11,early,S20,D,Friday,0,1,2,3,8,2,0.12,5.2,0
2026-09-11,early,S21,D,Friday,0,2,1,3,8,2,0.12,5.2,0
2026-09-11,early,S22,D,Friday,0,1,2,3,8,2,0.12,5.2,0
2026-09-11,early,S23,D,Friday,0,2,1,3,8,2,0.12,5.2,0
2026-09-11,early,S24,D,Friday,0,2,2,3,8,2,0.12,5.2,0
2026-09-12,early,S01,A,Saturday,0,2,0,1,8,2,0.109,5.2,0
2026-09-12,early,S02,A,Saturday,0,2,2,1,8,2,0.109,5.2,0
2026-09-12,early,S03,A,Saturday,0,2,2,1,8,2,0.109,5.2,0
2026-09-12,early,S04,A,Saturday,0,1,1,1,8,2,0.109,5.2,1
2026-09-12,early,S05,A,Saturday,0,2,2,1,8,2,0.109,5.2,0
2026-09-12,early,S06,A,Saturday,0,2,1,1,8,2,0.109,5.2,0
2026-09-12,early,S07,B,Saturday,0,2,3,1,8,2,0.172,5.2,0
2026-09-12,early,S08,B,Saturday,0,2,2,1,8,2,0.172,5.2,0
2026-09-12,early,S09,B,Saturday,0,2,2,1,8,2,0.172,5.2,0
2026-09-12,early,S10,B,Saturday,0,2,2,1,8,2,0.172,5.2,0
2026-09-12,early,S11,B,Saturday,0,1,1,1,8,2,0.172,5.2,0
2026-09-12,early,S12,B,Saturday,0,2,1,1,8,2,0.172,5.2,0
2026-09-12,early,S13,C,Saturday,0,1,2,3,8,2,0.156,5.2,0
2026-09-12,early,S14,C,Saturday,0,1,1,3,8,2,0.156,5.2,0
2026-09-12,early,S15,C,Saturday,1,3,2,3,8,2,0.156,5.2,0
2026-09-12,early,S16,C,Saturday,0,2,1,3,8,2,0.156,5.2,0
2026-09-12,early,S17,C,Saturday,0,1,1,3,8,2,0.156,5.2,1
2026-09-12,early,S18,C,Saturday,1,2,3,3,8,2,0.156,5.2,0
2026-09-12,early,S19,D,Saturday,0,1,3,3,8,2,0.12,5.2,1
2026-09-12,early,S20,D,Saturday,0,1,2,3,8,2,0.12,5.2,0
2026-09-12,early,S21,D,Saturday,0,2,1,3,8,2,0.12,5.2,0
2026-09-12,early,S22,D,Saturday,0,1,2,3,8,2,0.12,5.2,1
2026-09-12,early,S23,D,Saturday,0,2,1,3,8,2,0.12,5.2,0
2026-09-12,early,S24,D,Saturday,0,2,2,3,8,2,0.12,5.2,0
2026-09-07,late,S01,A,Monday,0,2,2,1,4,2,0.135,5.0,0
2026-09-07,late,S02,A,Monday,0,2,2,1,4,2,0.135,5.0,1
2026-09-07,late,S03,A,Monday,0,2,3,1,4,2,0.135,5.0,0
2026-09-07,late,S04,A,Monday,0,3,1,1,4,2,0.135,5.0,0
2026-09-07,late,S05,A,Monday,0,3,3,1,4,2,0.135,5.0,0
2026-09-07,late,S06,A,Monday,0,1,0,1,4,2,0.135,5.0,1
2026-09-07,late,S07,B,Monday,0,3,2,0,4,2,0.13,5.0,0
2026-09-07,late,S08,B,Monday,0,2,1,0,4,2,0.13,5.0,0
2026-09-07,late,S09,B,Monday,0,3,1,0,4,2,0.13,5.0,0
2026-09-07,late,S10,B,Monday,0,2,1,0,4,2,0.13,5.0,0
2026-09-07,late,S11,B,Monday,0,2,2,0,4,2,0.13,5.0,0
2026-09-07,late,S12,B,Monday,0,2,1,0,4,2,0.13,5.0,0
2026-09-07,late,S13,C,Monday,0,2,1,1,4,2,0.151,5.0,0
2026-09-07,late,S14,C,Monday,0,2,2,1,4,2,0.151,5.0,0
2026-09-07,late,S15,C,Monday,1,2,2,1,4,2,0.151,5.0,0
2026-09-07,late,S16,C,Monday,0,1,2,1,4,2,0.151,5.0,1
2026-09-07,late,S17,C,Monday,0,2,2,1,4,2,0.151,5.0,0
2026-09-07,late,S18,C,Monday,1,2,0,1,4,2,0.151,5.0,1
2026-09-07,late,S19,D,Monday,0,2,1,2,4,2,0.125,5.0,0
2026-09-07,late,S20,D,Monday,0,2,2,2,4,2,0.125,5.0,0
2026-09-07,late,S21,D,Monday,0,1,2,2,4,2,0.125,5.0,0
2026-09-07,late,S22,D,Monday,0,3,2,2,4,2,0.125,5.0,0
2026-09-07,late,S23,D,Monday,0,1,2,2,4,2,0.125,5.0,1
2026-09-07,late,S24,D,Monday,0,2,3,2,4,2,0.125,5.0,0
2026-09-08,late,S01,A,Tuesday,0,2,2,1,4,2,0.151,5.0,0
2026-09-08,late,S02,A,Tuesday,0,2,2,1,4,2,0.151,5.0,0
2026-09-08,late,S03,A,Tuesday,0,2,3,1,4,2,0.151,5.0,0
2026-09-08,late,S04,A,Tuesday,0,3,1,1,4,2,0.151,5.0,0
2026-09-08,late,S05,A,Tuesday,0,3,3,1,4,2,0.151,5.0,0
2026-09-08,late,S06,A,Tuesday,0,1,0,1,4,2,0.151,5.0,1
2026-09-08,late,S07,B,Tuesday,0,3,2,0,4,2,0.125,5.0,0
2026-09-08,late,S08,B,Tuesday,0,2,1,0,4,2,0.125,5.0,0
2026-09-08,late,S09,B,Tuesday,0,3,1,0,4,2,0.125,5.0,0
2026-09-08,late,S10,B,Tuesday,0,2,1,0,4,2,0.125,5.0,0
2026-09-08,late,S11,B,Tuesday,0,2,2,0,4,2,0.125,5.0,0
2026-09-08,late,S12,B,Tuesday,0,2,1,0,4,2,0.125,5.0,0
2026-09-08,late,S13,C,Tuesday,0,2,1,1,4,2,0.156,5.0,1
2026-09-08,late,S14,C,Tuesday,0,2,2,1,4,2,0.156,5.0,0
2026-09-08,late,S15,C,Tuesday,1,2,2,1,4,2,0.156,5.0,0
2026-09-08,late,S16,C,Tuesday,0,1,2,1,4,2,0.156,5.0,0
2026-09-08,late,S17,C,Tuesday,0,2,2,1,4,2,0.156,5.0,0
2026-09-08,late,S18,C,Tuesday,1,2,0,1,4,2,0.156,5.0,1
2026-09-08,late,S19,D,Tuesday,0,2,1,2,4,2,0.13,5.0,0
2026-09-08,late,S20,D,Tuesday,0,2,2,2,4,2,0.13,5.0,0
2026-09-08,late,S21,D,Tuesday,0,1,2,2,4,2,0.13,5.0,0
2026-09-08,late,S22,D,Tuesday,0,3,2,2,4,2,0.13,5.0,0
2026-09-08,late,S23,D,Tuesday,0,1,2,2,4,2,0.13,5.0,0
2026-09-08,late,S24,D,Tuesday,0,2,3,2,4,2,0.13,5.0,0
2026-09-09,late,S01,A,Wednesday,0,2,2,1,4,2,0.135,5.0,0
2026-09-09,late,S02,A,Wednesday,0,2,2,1,4,2,0.135,5.0,0
2026-09-09,late,S03,A,Wednesday,0,2,3,1,4,2,0.135,5.0,0
2026-09-09,late,S04,A,Wednesday,0,3,1,1,4,2,0.135,5.0,0
2026-09-09,late,S05,A,Wednesday,0,3,3,1,4,2,0.135,5.0,0
2026-09-09,late,S06,A,Wednesday,0,1,0,1,4,2,0.135,5.0,1
2026-09-09,late,S07,B,Wednesday,0,3,2,0,4,2,0.125,5.0,0
2026-09-09,late,S08,B,Wednesday,0,2,1,0,4,2,0.125,5.0,0
2026-09-09,late,S09,B,Wednesday,0,3,1,0,4,2,0.125,5.0,0
2026-09-09,late,S10,B,Wednesday,0,2,1,0,4,2,0.125,5.0,0
2026-09-09,late,S11,B,Wednesday,0,2,2,0,4,2,0.125,5.0,0
2026-09-09,late,S12,B,Wednesday,0,2,1,0,4,2,0.125,5.0,0
2026-09-09,late,S13,C,Wednesday,0,2,1,1,4,2,0.161,5.0,0
2026-09-09,late,S14,C,Wednesday,0,2,2,1,4,2,0.161,5.0,0
2026-09-09,late,S15,C,Wednesday,1,2,2,1,4,2,0.161,5.0,0
2026-09-09,late,S16,C,Wednesday,0,1,2,1,4,2,0.161,5.0,0
2026-09-09,late,S17,C,Wednesday,0,2,2,1,4,2,0.161,5.0,0
2026-09-09,late,S18,C,Wednesday,1,2,0,1,4,2,0.161,5.0,0
2026-09-09,late,S19,D,Wednesday,0,2,1,2,4,2,0.125,5.0,0
2026-09-09,late,S20,D,Wednesday,0,2,2,2,4,2,0.125,5.0,0
2026-09-09,late,S21,D,Wednesday,0,1,2,2,4,2,0.125,5.0,0
2026-09-09,late,S22,D,Wednesday,0,3,2,2,4,2,0.125,5.0,0
2026-09-09,late,S23,D,Wednesday,0,1,2,2,4,2,0.125,5.0,1
2026-09-09,late,S24,D,Wednesday,0,2,3,2,4,2,0.125,5.0,0
2026-09-10,late,S01,A,Thursday,0,2,2,1,4,2,0.13,5.0,0
2026-09-10,late,S02,A,Thursday,0,2,2,1,4,2,0.13,5.0,0
2026-09-10,late,S03,A,Thursday,0,2,3,1,4,2,0.13,5.0,0
2026-09-10,late,S04,A,Thursday,0,3,1,1,4,2,0.13,5.0,0
2026-09-10,late,S05,A,Thursday,0,3,3,1,4,2,0.13,5.0,0
2026-09-10,late,S06,A,Thursday,0,1,0,1,4,2,0.13,5.0,1
2026-09-10,late,S07,B,Thursday,0,3,2,0,4,2,0.125,5.0,0
2026-09-10,late,S08,B,Thursday,0,2,1,0,4,2,0.125,5.0,0
2026-09-10,late,S09,B,Thursday,0,3,1,0,4,2,0.125,5.0,0
2026-09-10,late,S10,B,Thursday,0,2,1,0,4,2,0.125,5.0,0
2026-09-10,late,S11,B,Thursday,0,2,2,0,4,2,0.125,5.0,0
2026-09-10,late,S12,B,Thursday,0,2,1,0,4,2,0.125,5.0,0
2026-09-10,late,S13,C,Thursday,0,2,1,1,4,2,0.146,5.0,0
2026-09-10,late,S14,C,Thursday,0,2,2,1,4,2,0.146,5.0,0
2026-09-10,late,S15,C,Thursday,1,2,2,1,4,2,0.146,5.0,0
2026-09-10,late,S16,C,Thursday,0,1,2,1,4,2,0.146,5.0,0
2026-09-10,late,S17,C,Thursday,0,2,2,1,4,2,0.146,5.0,0
2026-09-10,late,S18,C,Thursday,1,2,0,1,4,2,0.146,5.0,1
2026-09-10,late,S19,D,Thursday,0,2,1,2,4,2,0.13,5.0,0
2026-09-10,late,S20,D,Thursday,0,2,2,2,4,2,0.13,5.0,0
2026-09-10,late,S21,D,Thursday,0,1,2,2,4,2,0.13,5.0,1
2026-09-10,late,S22,D,Thursday,0,3,2,2,4,2,0.13,5.0,1
2026-09-10,late,S23,D,Thursday,0,1,2,2,4,2,0.13,5.0,0
2026-09-10,late,S24,D,Thursday,0,2,3,2,4,2,0.13,5.0,0
2026-09-11,late,S01,A,Friday,0,2,2,1,4,2,0.125,5.0,0
2026-09-11,late,S02,A,Friday,0,2,2,1,4,2,0.125,5.0,0
2026-09-11,late,S03,A,Friday,0,2,3,1,4,2,0.125,5.0,0
2026-09-11,late,S04,A,Friday,0,3,1,1,4,2,0.125,5.0,0
2026-09-11,late,S05,A,Friday,0,3,3,1,4,2,0.125,5.0,0
2026-09-11,late,S06,A,Friday,0,1,0,1,4,2,0.125,5.0,1
2026-09-11,late,S07,B,Friday,0,3,2,0,4,2,0.12,5.0,0
2026-09-11,late,S08,B,Friday,0,2,1,0,4,2,0.12,5.0,0
2026-09-11,late,S09,B,Friday,0,3,1,0,4,2,0.12,5.0,0
2026-09-11,late,S10,B,Friday,0,2,1,0,4,2,0.12,5.0,0
2026-09-11,late,S11,B,Friday,0,2,2,0,4,2,0.12,5.0,0
2026-09-11,late,S12,B,Friday,0,2,1,0,4,2,0.12,5.0,0
2026-09-11,late,S13,C,Friday,0,2,1,1,4,2,0.151,5.0,0
2026-09-11,late,S14,C,Friday,0,2,2,1,4,2,0.151,5.0,0
2026-09-11,late,S15,C,Friday,1,2,2,1,4,2,0.151,5.0,0
2026-09-11,late,S16,C,Friday,0,1,2,1,4,2,0.151,5.0,1
2026-09-11,late,S17,C,Friday,0,2,2,1,4,2,0.151,5.0,0
2026-09-11,late,S18,C,Friday,1,2,0,1,4,2,0.151,5.0,1
2026-09-11,late,S19,D,Friday,0,2,1,2,4,2,0.135,5.0,0
2026-09-11,late,S20,D,Friday,0,2,2,2,4,2,0.135,5.0,0
2026-09-11,late,S21,D,Friday,0,1,2,2,4,2,0.135,5.0,0
2026-09-11,late,S22,D,Friday,0,3,2,2,4,2,0.135,5.0,0
2026-09-11,late,S23,D,Friday,0,1,2,2,4,2,0.135,5.0,0
2026-09-11,late,S24,D,Friday,0,2,3,2,4,2,0.135,5.0,0
2026-09-12,late,S01,A,Saturday,0,2,2,1,4,2,0.135,5.0,0
2026-09-12,late,S02,A,Saturday,0,2,2,1,4,2,0.135,5.0,0
2026-09-12,late,S03,A,Saturday,0,2,3,1,4,2,0.135,5.0,0
2026-09-12,late,S04,A,Saturday,0,3,1,1,4,2,0.135,5.0,0
2026-09-12,late,S05,A,Saturday,0,3,3,1,4,2,0.135,5.0,0
2026-09-12,late,S06,A,Saturday,0,1,0,1,4,2,0.135,5.0,1
2026-09-12,late,S07,B,Saturday,0,3,2,0,4,2,0.115,5.0,0
2026-09-12,late,S08,B,Saturday,0,2,1,0,4,2,0.115,5.0,0
2026-09-12,late,S09,B,Saturday,0,3,1,0,4,2,0.115,5.0,0
2026-09-12,late,S10,B,Saturday,0,2,1,0,4,2,0.115,5.0,0
2026-09-12,late,S11,B,Saturday,0,2,2,0,4,2,0.115,5.0,0
2026-09-12,late,S12,B,Saturday,0,2,1,0,4,2,0.115,5.0,0
2026-09-12,late,S13,C,Saturday,0,2,1,1,4,2,0.161,5.0,0
2026-09-12,late,S14,C,Saturday,0,2,2,1,4,2,0.161,5.0,0
2026-09-12,late,S15,C,Saturday,1,2,2,1,4,2,0.161,5.0,0
2026-09-12,late,S16,C,Saturday,0,1,2,1,4,2,0.161,5.0,0
2026-09-12,late,S17,C,Saturday,0,2,2,1,4,2,0.161,5.0,0
2026-09-12,late,S18,C,Saturday,1,2,0,1,4,2,0.161,5.0,0
2026-09-12,late,S19,D,Saturday,0,2,1,2,4,2,0.141,5.0,0
2026-09-12,late,S20,D,Saturday,0,2,2,2,4,2,0.141,5.0,0
2026-09-12,late,S21,D,Saturday,0,1,2,2,4,2,0.141,5.0,0
2026-09-12,late,S22,D,Saturday,0,3,2,2,4,2,0.141,5.0,0
2026-09-12,late,S23,D,Saturday,0,1,2,2,4,2,0.141,5.0,1
2026-09-12,late,S24,D,Saturday,0,2,3,2,4,2,0.141,5.0,0
2026-09-07,night,S01,A,Monday,0,1,1,3,8,2,0.193,6.9,1
2026-09-07,night,S02,A,Monday,0,2,2,3,8,2,0.193,6.9,1
2026-09-07,night,S03,A,Monday,0,1,3,3,8,2,0.193,6.9,1
2026-09-07,night,S04,A,Monday,0,1,1,3,8,2,0.193,6.9,1
2026-09-07,night,S05,A,Monday,0,2,3,3,8,2,0.193,6.9,0
2026-09-07,night,S06,A,Monday,0,2,2,3,8,2,0.193,6.9,0
2026-09-07,night,S07,B,Monday,0,2,1,2,8,2,0.115,6.9,1
2026-09-07,night,S08,B,Monday,0,2,2,2,8,2,0.115,6.9,0
2026-09-07,night,S09,B,Monday,0,1,3,2,8,2,0.115,6.9,0
2026-09-07,night,S10,B,Monday,0,2,3,2,8,2,0.115,6.9,0
2026-09-07,night,S11,B,Monday,0,2,1,2,8,2,0.115,6.9,0
2026-09-07,night,S12,B,Monday,0,1,1,2,8,2,0.115,6.9,0
2026-09-07,night,S13,C,Monday,0,1,2,2,8,2,0.177,6.9,1
2026-09-07,night,S14,C,Monday,0,2,3,2,8,2,0.177,6.9,0
2026-09-07,night,S15,C,Monday,1,1,2,2,8,2,0.177,6.9,0
2026-09-07,night,S16,C,Monday,0,2,2,2,8,2,0.177,6.9,0
2026-09-07,night,S17,C,Monday,0,2,0,2,8,2,0.177,6.9,0
2026-09-07,night,S18,C,Monday,1,2,0,2,8,2,0.177,6.9,0
2026-09-07,night,S19,D,Monday,0,3,1,1,8,2,0.208,6.9,0
2026-09-07,night,S20,D,Monday,0,3,2,1,8,2,0.208,6.9,0
2026-09-07,night,S21,D,Monday,0,2,1,1,8,2,0.208,6.9,0
2026-09-07,night,S22,D,Monday,0,3,1,1,8,2,0.208,6.9,1
2026-09-07,night,S23,D,Monday,0,2,2,1,8,2,0.208,6.9,0
2026-09-07,night,S24,D,Monday,0,1,1,1,8,2,0.208,6.9,0
2026-09-08,night,S01,A,Tuesday,0,1,1,3,8,2,0.193,6.9,1
2026-09-08,night,S02,A,Tuesday,0,2,2,3,8,2,0.193,6.9,0
2026-09-08,night,S03,A,Tuesday,0,1,3,3,8,2,0.193,6.9,0
2026-09-08,night,S04,A,Tuesday,0,1,1,3,8,2,0.193,6.9,1
2026-09-08,night,S05,A,Tuesday,0,2,3,3,8,2,0.193,6.9,0
2026-09-08,night,S06,A,Tuesday,0,2,2,3,8,2,0.193,6.9,0
2026-09-08,night,S07,B,Tuesday,0,2,1,2,8,2,0.13,6.9,0
2026-09-08,night,S08,B,Tuesday,0,2,2,2,8,2,0.13,6.9,1
2026-09-08,night,S09,B,Tuesday,0,1,3,2,8,2,0.13,6.9,0
2026-09-08,night,S10,B,Tuesday,0,2,3,2,8,2,0.13,6.9,0
2026-09-08,night,S11,B,Tuesday,0,2,1,2,8,2,0.13,6.9,1
2026-09-08,night,S12,B,Tuesday,0,1,1,2,8,2,0.13,6.9,1
2026-09-08,night,S13,C,Tuesday,0,1,2,2,8,2,0.177,6.9,0
2026-09-08,night,S14,C,Tuesday,0,2,3,2,8,2,0.177,6.9,0
2026-09-08,night,S15,C,Tuesday,1,1,2,2,8,2,0.177,6.9,0
2026-09-08,night,S16,C,Tuesday,0,2,2,2,8,2,0.177,6.9,0
2026-09-08,night,S17,C,Tuesday,0,2,0,2,8,2,0.177,6.9,0
2026-09-08,night,S18,C,Tuesday,1,2,0,2,8,2,0.177,6.9,0
2026-09-08,night,S19,D,Tuesday,0,3,1,1,8,2,0.219,6.9,0
2026-09-08,night,S20,D,Tuesday,0,3,2,1,8,2,0.219,6.9,0
2026-09-08,night,S21,D,Tuesday,0,2,1,1,8,2,0.219,6.9,0
2026-09-08,night,S22,D,Tuesday,0,3,1,1,8,2,0.219,6.9,0
2026-09-08,night,S23,D,Tuesday,0,2,2,1,8,2,0.219,6.9,0
2026-09-08,night,S24,D,Tuesday,0,1,1,1,8,2,0.219,6.9,1
2026-09-09,night,S01,A,Wednesday,0,1,1,3,8,2,0.182,6.9,1
2026-09-09,night,S02,A,Wednesday,0,2,2,3,8,2,0.182,6.9,0
2026-09-09,night,S03,A,Wednesday,0,1,3,3,8,2,0.182,6.9,0
2026-09-09,night,S04,A,Wednesday,0,1,1,3,8,2,0.182,6.9,0
2026-09-09,night,S05,A,Wednesday,0,2,3,3,8,2,0.182,6.9,0
2026-09-09,night,S06,A,Wednesday,0,2,2,3,8,2,0.182,6.9,0
2026-09-09,night,S07,B,Wednesday,0,2,1,2,8,2,0.156,6.9,0
2026-09-09,night,S08,B,Wednesday,0,2,2,2,8,2,0.156,6.9,0
2026-09-09,night,S09,B,Wednesday,0,1,3,2,8,2,0.156,6.9,0
2026-09-09,night,S10,B,Wednesday,0,2,3,2,8,2,0.156,6.9,0
2026-09-09,night,S11,B,Wednesday,0,2,1,2,8,2,0.156,6.9,1
2026-09-09,night,S12,B,Wednesday,0,1,1,2,8,2,0.156,6.9,0
2026-09-09,night,S13,C,Wednesday,0,1,2,2,8,2,0.177,6.9,1
2026-09-09,night,S14,C,Wednesday,0,2,3,2,8,2,0.177,6.9,0
2026-09-09,night,S15,C,Wednesday,1,1,2,2,8,2,0.177,6.9,0
2026-09-09,night,S16,C,Wednesday,0,2,2,2,8,2,0.177,6.9,0
2026-09-09,night,S17,C,Wednesday,0,2,0,2,8,2,0.177,6.9,0
2026-09-09,night,S18,C,Wednesday,1,2,0,2,8,2,0.177,6.9,0
2026-09-09,night,S19,D,Wednesday,0,3,1,1,8,2,0.219,6.9,0
2026-09-09,night,S20,D,Wednesday,0,3,2,1,8,2,0.219,6.9,0
2026-09-09,night,S21,D,Wednesday,0,2,1,1,8,2,0.219,6.9,0
2026-09-09,night,S22,D,Wednesday,0,3,1,1,8,2,0.219,6.9,0
2026-09-09,night,S23,D,Wednesday,0,2,2,1,8,2,0.219,6.9,0
2026-09-09,night,S24,D,Wednesday,0,1,1,1,8,2,0.219,6.9,1
2026-09-10,night,S01,A,Thursday,0,1,1,3,8,2,0.177,6.9,1
2026-09-10,night,S02,A,Thursday,0,2,2,3,8,2,0.177,6.9,0
2026-09-10,night,S03,A,Thursday,0,1,3,3,8,2,0.177,6.9,0
2026-09-10,night,S04,A,Thursday,0,1,1,3,8,2,0.177,6.9,0
2026-09-10,night,S05,A,Thursday,0,2,3,3,8,2,0.177,6.9,0
2026-09-10,night,S06,A,Thursday,0,2,2,3,8,2,0.177,6.9,0
2026-09-10,night,S07,B,Thursday,0,2,1,2,8,2,0.167,6.9,0
2026-09-10,night,S08,B,Thursday,0,2,2,2,8,2,0.167,6.9,0
2026-09-10,night,S09,B,Thursday,0,1,3,2,8,2,0.167,6.9,0
2026-09-10,night,S10,B,Thursday,0,2,3,2,8,2,0.167,6.9,0
2026-09-10,night,S11,B,Thursday,0,2,1,2,8,2,0.167,6.9,0
2026-09-10,night,S12,B,Thursday,0,1,1,2,8,2,0.167,6.9,0
2026-09-10,night,S13,C,Thursday,0,1,2,2,8,2,0.172,6.9,1
2026-09-10,night,S14,C,Thursday,0,2,3,2,8,2,0.172,6.9,0
2026-09-10,night,S15,C,Thursday,1,1,2,2,8,2,0.172,6.9,0
2026-09-10,night,S16,C,Thursday,0,2,2,2,8,2,0.172,6.9,0
2026-09-10,night,S17,C,Thursday,0,2,0,2,8,2,0.172,6.9,0
2026-09-10,night,S18,C,Thursday,1,2,0,2,8,2,0.172,6.9,0
2026-09-10,night,S19,D,Thursday,0,3,1,1,8,2,0.214,6.9,0
2026-09-10,night,S20,D,Thursday,0,3,2,1,8,2,0.214,6.9,0
2026-09-10,night,S21,D,Thursday,0,2,1,1,8,2,0.214,6.9,0
2026-09-10,night,S22,D,Thursday,0,3,1,1,8,2,0.214,6.9,0
2026-09-10,night,S23,D,Thursday,0,2,2,1,8,2,0.214,6.9,0
2026-09-10,night,S24,D,Thursday,0,1,1,1,8,2,0.214,6.9,1
2026-09-11,night,S01,A,Friday,0,1,1,3,8,2,0.172,6.9,1
2026-09-11,night,S02,A,Friday,0,2,2,3,8,2,0.172,6.9,0
2026-09-11,night,S03,A,Friday,0,1,3,3,8,2,0.172,6.9,0
2026-09-11,night,S04,A,Friday,0,1,1,3,8,2,0.172,6.9,1
2026-09-11,night,S05,A,Friday,0,2,3,3,8,2,0.172,6.9,0
2026-09-11,night,S06,A,Friday,0,2,2,3,8,2,0.172,6.9,0
2026-09-11,night,S07,B,Friday,0,2,1,2,8,2,0.172,6.9,0
2026-09-11,night,S08,B,Friday,0,2,2,2,8,2,0.172,6.9,0
2026-09-11,night,S09,B,Friday,0,1,3,2,8,2,0.172,6.9,0
2026-09-11,night,S10,B,Friday,0,2,3,2,8,2,0.172,6.9,0
2026-09-11,night,S11,B,Friday,0,2,1,2,8,2,0.172,6.9,0
2026-09-11,night,S12,B,Friday,0,1,1,2,8,2,0.172,6.9,1
2026-09-11,night,S13,C,Friday,0,1,2,2,8,2,0.167,6.9,0
2026-09-11,night,S14,C,Friday,0,2,3,2,8,2,0.167,6.9,0
2026-09-11,night,S15,C,Friday,1,1,2,2,8,2,0.167,6.9,0
2026-09-11,night,S16,C,Friday,0,2,2,2,8,2,0.167,6.9,0
2026-09-11,night,S17,C,Friday,0,2,0,2,8,2,0.167,6.9,0
2026-09-11,night,S18,C,Friday,1,2,0,2,8,2,0.167,6.9,0
2026-09-11,night,S19,D,Friday,0,3,1,1,8,2,0.219,6.9,0
2026-09-11,night,S20,D,Friday,0,3,2,1,8,2,0.219,6.9,0
2026-09-11,night,S21,D,Friday,0,2,1,1,8,2,0.219,6.9,0
2026-09-11,night,S22,D,Friday,0,3,1,1,8,2,0.219,6.9,0
2026-09-11,night,S23,D,Friday,0,2,2,1,8,2,0.219,6.9,0
2026-09-11,night,S24,D,Friday,0,1,1,1,8,2,0.219,6.9,0
2026-09-12,night,S01,A,Saturday,0,1,1,3,8,2,0.161,6.9,1
2026-09-12,night,S02,A,Saturday,0,2,2,3,8,2,0.161,6.9,0
2026-09-12,night,S03,A,Saturday,0,1,3,3,8,2,0.161,6.9,1
2026-09-12,night,S04,A,Saturday,0,1,1,3,8,2,0.161,6.9,0
2026-09-12,night,S05,A,Saturday,0,2,3,3,8,2,0.161,6.9,0
2026-09-12,night,S06,A,Saturday,0,2,2,3,8,2,0.161,6.9,0
2026-09-12,night,S07,B,Saturday,0,2,1,2,8,2,0.167,6.9,0
2026-09-12,night,S08,B,Saturday,0,2,2,2,8,2,0.167,6.9,0
2026-09-12,night,S09,B,Saturday,0,1,3,2,8,2,0.167,6.9,0
2026-09-12,night,S10,B,Saturday,0,2,3,2,8,2,0.167,6.9,0
2026-09-12,night,S11,B,Saturday,0,2,1,2,8,2,0.167,6.9,0
2026-09-12,night,S12,B,Saturday,0,1,1,2,8,2,0.167,6.9,0
2026-09-12,night,S13,C,Saturday,0,1,2,2,8,2,0.156,6.9,0
2026-09-12,night,S14,C,Saturday,0,2,3,2,8,2,0.156,6.9,0
2026-09-12,night,S15,C,Saturday,1,1,2,2,8,2,0.156,6.9,0
2026-09-12,night,S16,C,Saturday,0,2,2,2,8,2,0.156,6.9,0
2026-09-12,night,S17,C,Saturday,0,2,0,2,8,2,0.156,6.9,0
2026-09-12,night,S18,C,Saturday,1,2,0,2,8,2,0.156,6.9,0
2026-09-12,night,S19,D,Saturday,0,3,1,1,8,2,0.208,6.9,0
2026-09-12,night,S20,D,Saturday,0,3,2,1,8,2,0.208,6.9,0
2026-09-12,night,S21,D,Saturday,0,2,1,1,8,2,0.208,6.9,0
2026-09-12,night,S22,D,Saturday,0,3,1,1,8,2,0.208,6.9,0
2026-09-12,night,S23,D,Saturday,0,2,2,1,8,2,0.208,6.9,0
2026-09-12,night,S24,D,Saturday,0,1,1,1,8,2,0.208,6.9,1
2026-09-14,early,S01,A,Monday,0,2,0,0,7,2,0.109,6.3,1
2026-09-14,early,S02,A,Monday,0,2,2,0,7,2,0.109,6.3,0
2026-09-14,early,S03,A,Monday,0,2,2,0,7,2,0.109,6.3,0
2026-09-14,early,S04,A,Monday,0,2,1,0,7,2,0.109,6.3,0
2026-09-14,early,S05,A,Monday,0,2,2,0,7,2,0.109,6.3,0
2026-09-14,early,S06,A,Monday,0,2,1,0,7,2,0.109,6.3,0
2026-09-14,early,S07,B,Monday,0,2,3,1,7,2,0.161,6.3,0
2026-09-14,early,S08,B,Monday,0,2,2,1,7,2,0.161,6.3,0
2026-09-14,early,S09,B,Monday,0,2,2,1,7,2,0.161,6.3,0
2026-09-14,early,S10,B,Monday,0,2,2,1,7,2,0.161,6.3,0
2026-09-14,early,S11,B,Monday,0,1,1,1,7,2,0.161,6.3,1
2026-09-14,early,S12,B,Monday,0,2,1,1,7,2,0.161,6.3,0
2026-09-14,early,S13,C,Monday,0,1,2,3,7,2,0.146,6.3,0
2026-09-14,early,S14,C,Monday,0,1,1,3,7,2,0.146,6.3,1
2026-09-14,early,S15,C,Monday,1,3,2,3,7,2,0.146,6.3,0
2026-09-14,early,S16,C,Monday,0,2,1,3,7,2,0.146,6.3,0
2026-09-14,early,S17,C,Monday,0,1,1,3,7,2,0.146,6.3,1
2026-09-14,early,S18,C,Monday,1,2,3,3,7,2,0.146,6.3,0
2026-09-14,early,S19,D,Monday,0,1,3,3,7,2,0.13,6.3,0
2026-09-14,early,S20,D,Monday,0,1,2,3,7,2,0.13,6.3,0
2026-09-14,early,S21,D,Monday,0,2,1,3,7,2,0.13,6.3,0
2026-09-14,early,S22,D,Monday,0,1,2,3,7,2,0.13,6.3,1
2026-09-14,early,S23,D,Monday,0,2,1,3,7,2,0.13,6.3,0
2026-09-14,early,S24,D,Monday,0,2,2,3,7,2,0.13,6.3,0
2026-09-15,early,S01,A,Tuesday,0,2,0,0,7,2,0.115,6.3,0
2026-09-15,early,S02,A,Tuesday,0,2,2,0,7,2,0.115,6.3,0
2026-09-15,early,S03,A,Tuesday,0,2,2,0,7,2,0.115,6.3,0
2026-09-15,early,S04,A,Tuesday,0,2,1,0,7,2,0.115,6.3,0
2026-09-15,early,S05,A,Tuesday,0,2,2,0,7,2,0.115,6.3,0
2026-09-15,early,S06,A,Tuesday,0,2,1,0,7,2,0.115,6.3,0
2026-09-15,early,S07,B,Tuesday,0,2,3,1,7,2,0.172,6.3,0
2026-09-15,early,S08,B,Tuesday,0,2,2,1,7,2,0.172,6.3,0
2026-09-15,early,S09,B,Tuesday,0,2,2,1,7,2,0.172,6.3,1
2026-09-15,early,S10,B,Tuesday,0,2,2,1,7,2,0.172,6.3,0
2026-09-15,early,S11,B,Tuesday,0,1,1,1,7,2,0.172,6.3,1
2026-09-15,early,S12,B,Tuesday,0,2,1,1,7,2,0.172,6.3,0
2026-09-15,early,S13,C,Tuesday,0,1,2,3,7,2,0.151,6.3,0
2026-09-15,early,S14,C,Tuesday,0,1,1,3,7,2,0.151,6.3,0
2026-09-15,early,S15,C,Tuesday,1,3,2,3,7,2,0.151,6.3,0
2026-09-15,early,S16,C,Tuesday,0,2,1,3,7,2,0.151,6.3,0
2026-09-15,early,S17,C,Tuesday,0,1,1,3,7,2,0.151,6.3,1
2026-09-15,early,S18,C,Tuesday,1,2,3,3,7,2,0.151,6.3,0
2026-09-15,early,S19,D,Tuesday,0,1,3,3,7,2,0.13,6.3,1
2026-09-15,early,S20,D,Tuesday,0,1,2,3,7,2,0.13,6.3,0
2026-09-15,early,S21,D,Tuesday,0,2,1,3,7,2,0.13,6.3,0
2026-09-15,early,S22,D,Tuesday,0,1,2,3,7,2,0.13,6.3,1
2026-09-15,early,S23,D,Tuesday,0,2,1,3,7,2,0.13,6.3,0
2026-09-15,early,S24,D,Tuesday,0,2,2,3,7,2,0.13,6.3,0
2026-09-16,early,S01,A,Wednesday,0,2,0,0,7,2,0.115,6.3,0
2026-09-16,early,S02,A,Wednesday,0,2,2,0,7,2,0.115,6.3,0
2026-09-16,early,S03,A,Wednesday,0,2,2,0,7,2,0.115,6.3,0
2026-09-16,early,S04,A,Wednesday,0,2,1,0,7,2,0.115,6.3,0
2026-09-16,early,S05,A,Wednesday,0,2,2,0,7,2,0.115,6.3,0
2026-09-16,early,S06,A,Wednesday,0,2,1,0,7,2,0.115,6.3,0
2026-09-16,early,S07,B,Wednesday,0,2,3,1,7,2,0.172,6.3,0
2026-09-16,early,S08,B,Wednesday,0,2,2,1,7,2,0.172,6.3,0
2026-09-16,early,S09,B,Wednesday,0,2,2,1,7,2,0.172,6.3,0
2026-09-16,early,S10,B,Wednesday,0,2,2,1,7,2,0.172,6.3,0
2026-09-16,early,S11,B,Wednesday,0,1,1,1,7,2,0.172,6.3,0
2026-09-16,early,S12,B,Wednesday,0,2,1,1,7,2,0.172,6.3,0
2026-09-16,early,S13,C,Wednesday,0,1,2,3,7,2,0.151,6.3,0
2026-09-16,early,S14,C,Wednesday,0,1,1,3,7,2,0.151,6.3,0
2026-09-16,early,S15,C,Wednesday,1,3,2,3,7,2,0.151,6.3,0
2026-09-16,early,S16,C,Wednesday,0,2,1,3,7,2,0.151,6.3,0
2026-09-16,early,S17,C,Wednesday,0,1,1,3,7,2,0.151,6.3,1
2026-09-16,early,S18,C,Wednesday,1,2,3,3,7,2,0.151,6.3,0
2026-09-16,early,S19,D,Wednesday,0,1,3,3,7,2,0.141,6.3,0
2026-09-16,early,S20,D,Wednesday,0,1,2,3,7,2,0.141,6.3,1
2026-09-16,early,S21,D,Wednesday,0,2,1,3,7,2,0.141,6.3,0
2026-09-16,early,S22,D,Wednesday,0,1,2,3,7,2,0.141,6.3,1
2026-09-16,early,S23,D,Wednesday,0,2,1,3,7,2,0.141,6.3,0
2026-09-16,early,S24,D,Wednesday,0,2,2,3,7,2,0.141,6.3,0
2026-09-17,early,S01,A,Thursday,0,2,0,0,7,2,0.109,6.3,0
2026-09-17,early,S02,A,Thursday,0,2,2,0,7,2,0.109,6.3,0
2026-09-17,early,S03,A,Thursday,0,2,2,0,7,2,0.109,6.3,0
2026-09-17,early,S04,A,Thursday,0,2,1,0,7,2,0.109,6.3,0
2026-09-17,early,S05,A,Thursday,0,2,2,0,7,2,0.109,6.3,0
2026-09-17,early,S06,A,Thursday,0,2,1,0,7,2,0.109,6.3,0
2026-09-17,early,S07,B,Thursday,0,2,3,1,7,2,0.156,6.3,0
2026-09-17,early,S08,B,Thursday,0,2,2,1,7,2,0.156,6.3,0
2026-09-17,early,S09,B,Thursday,0,2,2,1,7,2,0.156,6.3,0
2026-09-17,early,S10,B,Thursday,0,2,2,1,7,2,0.156,6.3,1
2026-09-17,early,S11,B,Thursday,0,1,1,1,7,2,0.156,6.3,1
2026-09-17,early,S12,B,Thursday,0,2,1,1,7,2,0.156,6.3,0
2026-09-17,early,S13,C,Thursday,0,1,2,3,7,2,0.156,6.3,0
2026-09-17,early,S14,C,Thursday,0,1,1,3,7,2,0.156,6.3,1
2026-09-17,early,S15,C,Thursday,1,3,2,3,7,2,0.156,6.3,0
2026-09-17,early,S16,C,Thursday,0,2,1,3,7,2,0.156,6.3,0
2026-09-17,early,S17,C,Thursday,0,1,1,3,7,2,0.156,6.3,1
2026-09-17,early,S18,C,Thursday,1,2,3,3,7,2,0.156,6.3,0
2026-09-17,early,S19,D,Thursday,0,1,3,3,7,2,0.141,6.3,0
2026-09-17,early,S20,D,Thursday,0,1,2,3,7,2,0.141,6.3,1
2026-09-17,early,S21,D,Thursday,0,2,1,3,7,2,0.141,6.3,0
2026-09-17,early,S22,D,Thursday,0,1,2,3,7,2,0.141,6.3,1
2026-09-17,early,S23,D,Thursday,0,2,1,3,7,2,0.141,6.3,0
2026-09-17,early,S24,D,Thursday,0,2,2,3,7,2,0.141,6.3,0
2026-09-18,early,S01,A,Friday,0,2,0,0,7,2,0.115,6.3,1
2026-09-18,early,S02,A,Friday,0,2,2,0,7,2,0.115,6.3,0
2026-09-18,early,S03,A,Friday,0,2,2,0,7,2,0.115,6.3,0
2026-09-18,early,S04,A,Friday,0,2,1,0,7,2,0.115,6.3,0
2026-09-18,early,S05,A,Friday,0,2,2,0,7,2,0.115,6.3,0
2026-09-18,early,S06,A,Friday,0,2,1,0,7,2,0.115,6.3,0
2026-09-18,early,S07,B,Friday,0,2,3,1,7,2,0.161,6.3,0
2026-09-18,early,S08,B,Friday,0,2,2,1,7,2,0.161,6.3,0
2026-09-18,early,S09,B,Friday,0,2,2,1,7,2,0.161,6.3,0
2026-09-18,early,S10,B,Friday,0,2,2,1,7,2,0.161,6.3,0
2026-09-18,early,S11,B,Friday,0,1,1,1,7,2,0.161,6.3,0
2026-09-18,early,S12,B,Friday,0,2,1,1,7,2,0.161,6.3,0
2026-09-18,early,S13,C,Friday,0,1,2,3,7,2,0.161,6.3,1
2026-09-18,early,S14,C,Friday,0,1,1,3,7,2,0.161,6.3,1
2026-09-18,early,S15,C,Friday,1,3,2,3,7,2,0.161,6.3,0
2026-09-18,early,S16,C,Friday,0,2,1,3,7,2,0.161,6.3,0
2026-09-18,early,S17,C,Friday,0,1,1,3,7,2,0.161,6.3,0
2026-09-18,early,S18,C,Friday,1,2,3,3,7,2,0.161,6.3,0
2026-09-18,early,S19,D,Friday,0,1,3,3,7,2,0.141,6.3,0
2026-09-18,early,S20,D,Friday,0,1,2,3,7,2,0.141,6.3,0
2026-09-18,early,S21,D,Friday,0,2,1,3,7,2,0.141,6.3,0
2026-09-18,early,S22,D,Friday,0,1,2,3,7,2,0.141,6.3,0
2026-09-18,early,S23,D,Friday,0,2,1,3,7,2,0.141,6.3,0
2026-09-18,early,S24,D,Friday,0,2,2,3,7,2,0.141,6.3,0
2026-09-19,early,S01,A,Saturday,0,2,0,0,7,2,0.125,6.3,0
2026-09-19,early,S02,A,Saturday,0,2,2,0,7,2,0.125,6.3,0
2026-09-19,early,S03,A,Saturday,0,2,2,0,7,2,0.125,6.3,0
2026-09-19,early,S04,A,Saturday,0,2,1,0,7,2,0.125,6.3,0
2026-09-19,early,S05,A,Saturday,0,2,2,0,7,2,0.125,6.3,0
2026-09-19,early,S06,A,Saturday,0,2,1,0,7,2,0.125,6.3,0
2026-09-19,early,S07,B,Saturday,0,2,3,1,7,2,0.161,6.3,0
2026-09-19,early,S08,B,Saturday,0,2,2,1,7,2,0.161,6.3,0
2026-09-19,early,S09,B,Saturday,0,2,2,1,7,2,0.161,6.3,0
2026-09-19,early,S10,B,Saturday,0,2,2,1,7,2,0.161,6.3,0
2026-09-19,early,S11,B,Saturday,0,1,1,1,7,2,0.161,6.3,0
2026-09-19,early,S12,B,Saturday,0,2,1,1,7,2,0.161,6.3,0
2026-09-19,early,S13,C,Saturday,0,1,2,3,7,2,0.167,6.3,1
2026-09-19,early,S14,C,Saturday,0,1,1,3,7,2,0.167,6.3,1
2026-09-19,early,S15,C,Saturday,1,3,2,3,7,2,0.167,6.3,0
2026-09-19,early,S16,C,Saturday,0,2,1,3,7,2,0.167,6.3,0
2026-09-19,early,S17,C,Saturday,0,1,1,3,7,2,0.167,6.3,1
2026-09-19,early,S18,C,Saturday,1,2,3,3,7,2,0.167,6.3,0
2026-09-19,early,S19,D,Saturday,0,1,3,3,7,2,0.125,6.3,1
2026-09-19,early,S20,D,Saturday,0,1,2,3,7,2,0.125,6.3,0
2026-09-19,early,S21,D,Saturday,0,2,1,3,7,2,0.125,6.3,0
2026-09-19,early,S22,D,Saturday,0,1,2,3,7,2,0.125,6.3,1
2026-09-19,early,S23,D,Saturday,0,2,1,3,7,2,0.125,6.3,0
2026-09-19,early,S24,D,Saturday,0,2,2,3,7,2,0.125,6.3,0
2026-09-14,late,S01,A,Monday,0,2,2,1,6,2,0.141,4.7,0
2026-09-14,late,S02,A,Monday,0,2,2,1,6,2,0.141,4.7,0
2026-09-14,late,S03,A,Monday,0,2,3,1,6,2,0.141,4.7,0
2026-09-14,late,S04,A,Monday,0,3,1,1,6,2,0.141,4.7,0
2026-09-14,late,S05,A,Monday,0,3,3,1,6,2,0.141,4.7,0
2026-09-14,late,S06,A,Monday,0,1,0,1,6,2,0.141,4.7,1
2026-09-14,late,S07,B,Monday,0,3,2,1,6,2,0.115,4.7,0
2026-09-14,late,S08,B,Monday,0,2,1,1,6,2,0.115,4.7,0
2026-09-14,late,S09,B,Monday,0,1,1,1,6,2,0.115,4.7,0
2026-09-14,late,S10,B,Monday,0,2,1,1,6,2,0.115,4.7,0
2026-09-14,late,S11,B,Monday,0,2,2,1,6,2,0.115,4.7,0
2026-09-14,late,S12,B,Monday,0,2,1,1,6,2,0.115,4.7,0
2026-09-14,late,S13,C,Monday,0,2,1,0,6,2,0.156,4.7,0
2026-09-14,late,S14,C,Monday,0,2,2,0,6,2,0.156,4.7,0
2026-09-14,late,S15,C,Monday,1,2,2,0,6,2,0.156,4.7,0
2026-09-14,late,S16,C,Monday,0,2,2,0,6,2,0.156,4.7,0
2026-09-14,late,S17,C,Monday,0,2,2,0,6,2,0.156,4.7,0
2026-09-14,late,S18,C,Monday,1,2,0,0,6,2,0.156,4.7,0
2026-09-14,late,S19,D,Monday,0,1,1,4,6,2,0.141,4.7,1
2026-09-14,late,S20,D,Monday,0,2,2,4,6,2,0.141,4.7,0
2026-09-14,late,S21,D,Monday,0,1,2,4,6,2,0.141,4.7,1
2026-09-14,late,S22,D,Monday,0,1,2,4,6,2,0.141,4.7,1
2026-09-14,late,S23,D,Monday,0,1,2,4,6,2,0.141,4.7,1
2026-09-14,late,S24,D,Monday,0,2,3,4,6,2,0.141,4.7,0
2026-09-15,late,S01,A,Tuesday,0,2,2,1,6,2,0.141,4.7,0
2026-09-15,late,S02,A,Tuesday,0,2,2,1,6,2,0.141,4.7,0
2026-09-15,late,S03,A,Tuesday,0,2,3,1,6,2,0.141,4.7,0
2026-09-15,late,S04,A,Tuesday,0,3,1,1,6,2,0.141,4.7,0
2026-09-15,late,S05,A,Tuesday,0,3,3,1,6,2,0.141,4.7,0
2026-09-15,late,S06,A,Tuesday,0,1,0,1,6,2,0.141,4.7,1
2026-09-15,late,S07,B,Tuesday,0,3,2,1,6,2,0.109,4.7,0
2026-09-15,late,S08,B,Tuesday,0,2,1,1,6,2,0.109,4.7,0
2026-09-15,late,S09,B,Tuesday,0,1,1,1,6,2,0.109,4.7,0
2026-09-15,late,S10,B,Tuesday,0,2,1,1,6,2,0.109,4.7,0
2026-09-15,late,S11,B,Tuesday,0,2,2,1,6,2,0.109,4.7,0
2026-09-15,late,S12,B,Tuesday,0,2,1,1,6,2,0.109,4.7,0
2026-09-15,late,S13,C,Tuesday,0,2,1,0,6,2,0.161,4.7,0
2026-09-15,late,S14,C,Tuesday,0,2,2,0,6,2,0.161,4.7,0
2026-09-15,late,S15,C,Tuesday,1,2,2,0,6,2,0.161,4.7,0
2026-09-15,late,S16,C,Tuesday,0,2,2,0,6,2,0.161,4.7,0
2026-09-15,late,S17,C,Tuesday,0,2,2,0,6,2,0.161,4.7,0
2026-09-15,late,S18,C,Tuesday,1,2,0,0,6,2,0.161,4.7,0
2026-09-15,late,S19,D,Tuesday,0,1,1,4,6,2,0.151,4.7,0
2026-09-15,late,S20,D,Tuesday,0,2,2,4,6,2,0.151,4.7,0
2026-09-15,late,S21,D,Tuesday,0,1,2,4,6,2,0.151,4.7,1
2026-09-15,late,S22,D,Tuesday,0,1,2,4,6,2,0.151,4.7,1
2026-09-15,late,S23,D,Tuesday,0,1,2,4,6,2,0.151,4.7,0
2026-09-15,late,S24,D,Tuesday,0,2,3,4,6,2,0.151,4.7,0
2026-09-16,late,S01,A,Wednesday,0,2,2,1,6,2,0.141,4.7,0
2026-09-16,late,S02,A,Wednesday,0,2,2,1,6,2,0.141,4.7,0
2026-09-16,late,S03,A,Wednesday,0,2,3,1,6,2,0.141,4.7,0
2026-09-16,late,S04,A,Wednesday,0,3,1,1,6,2,0.141,4.7,0
2026-09-16,late,S05,A,Wednesday,0,3,3,1,6,2,0.141,4.7,0
2026-09-16,late,S06,A,Wednesday,0,1,0,1,6,2,0.141,4.7,1
2026-09-16,late,S07,B,Wednesday,0,3,2,1,6,2,0.109,4.7,0
2026-09-16,late,S08,B,Wednesday,0,2,1,1,6,2,0.109,4.7,0
2026-09-16,late,S09,B,Wednesday,0,1,1,1,6,2,0.109,4.7,0
2026-09-16,late,S10,B,Wednesday,0,2,1,1,6,2,0.109,4.7,0
2026-09-16,late,S11,B,Wednesday,0,2,2,1,6,2,0.109,4.7,0
2026-09-16,late,S12,B,Wednesday,0,2,1,1,6,2,0.109,4.7,0
2026-09-16,late,S13,C,Wednesday,0,2,1,0,6,2,0.161,4.7,0
2026-09-16,late,S14,C,Wednesday,0,2,2,0,6,2,0.161,4.7,0
2026-09-16,late,S15,C,Wednesday,1,2,2,0,6,2,0.161,4.7,0
2026-09-16,late,S16,C,Wednesday,0,2,2,0,6,2,0.161,4.7,0
2026-09-16,late,S17,C,Wednesday,0,2,2,0,6,2,0.161,4.7,0
2026-09-16,late,S18,C,Wednesday,1,2,0,0,6,2,0.161,4.7,0
2026-09-16,late,S19,D,Wednesday,0,1,1,4,6,2,0.161,4.7,1
2026-09-16,late,S20,D,Wednesday,0,2,2,4,6,2,0.161,4.7,0
2026-09-16,late,S21,D,Wednesday,0,1,2,4,6,2,0.161,4.7,0
2026-09-16,late,S22,D,Wednesday,0,1,2,4,6,2,0.161,4.7,1
2026-09-16,late,S23,D,Wednesday,0,1,2,4,6,2,0.161,4.7,1
2026-09-16,late,S24,D,Wednesday,0,2,3,4,6,2,0.161,4.7,0
2026-09-17,late,S01,A,Thursday,0,2,2,1,6,2,0.141,4.7,0
2026-09-17,late,S02,A,Thursday,0,2,2,1,6,2,0.141,4.7,0
2026-09-17,late,S03,A,Thursday,0,2,3,1,6,2,0.141,4.7,0
2026-09-17,late,S04,A,Thursday,0,3,1,1,6,2,0.141,4.7,0
2026-09-17,late,S05,A,Thursday,0,3,3,1,6,2,0.141,4.7,0
2026-09-17,late,S06,A,Thursday,0,1,0,1,6,2,0.141,4.7,1
2026-09-17,late,S07,B,Thursday,0,3,2,1,6,2,0.104,4.7,0
2026-09-17,late,S08,B,Thursday,0,2,1,1,6,2,0.104,4.7,0
2026-09-17,late,S09,B,Thursday,0,1,1,1,6,2,0.104,4.7,0
2026-09-17,late,S10,B,Thursday,0,2,1,1,6,2,0.104,4.7,0
2026-09-17,late,S11,B,Thursday,0,2,2,1,6,2,0.104,4.7,0
2026-09-17,late,S12,B,Thursday,0,2,1,1,6,2,0.104,4.7,0
2026-09-17,late,S13,C,Thursday,0,2,1,0,6,2,0.161,4.7,0
2026-09-17,late,S14,C,Thursday,0,2,2,0,6,2,0.161,4.7,0
2026-09-17,late,S15,C,Thursday,1,2,2,0,6,2,0.161,4.7,0
2026-09-17,late,S16,C,Thursday,0,2,2,0,6,2,0.161,4.7,0
2026-09-17,late,S17,C,Thursday,0,2,2,0,6,2,0.161,4.7,0
2026-09-17,late,S18,C,Thursday,1,2,0,0,6,2,0.161,4.7,0
2026-09-17,late,S19,D,Thursday,0,1,1,4,6,2,0.156,4.7,0
2026-09-17,late,S20,D,Thursday,0,2,2,4,6,2,0.156,4.7,0
2026-09-17,late,S21,D,Thursday,0,1,2,4,6,2,0.156,4.7,1
2026-09-17,late,S22,D,Thursday,0,1,2,4,6,2,0.156,4.7,1
2026-09-17,late,S23,D,Thursday,0,1,2,4,6,2,0.156,4.7,0
2026-09-17,late,S24,D,Thursday,0,2,3,4,6,2,0.156,4.7,0
2026-09-18,late,S01,A,Friday,0,2,2,1,6,2,0.135,4.7,0
2026-09-18,late,S02,A,Friday,0,2,2,1,6,2,0.135,4.7,0
2026-09-18,late,S03,A,Friday,0,2,3,1,6,2,0.135,4.7,0
2026-09-18,late,S04,A,Friday,0,3,1,1,6,2,0.135,4.7,0
2026-09-18,late,S05,A,Friday,0,3,3,1,6,2,0.135,4.7,0
2026-09-18,late,S06,A,Friday,0,1,0,1,6,2,0.135,4.7,1
2026-09-18,late,S07,B,Friday,0,3,2,1,6,2,0.109,4.7,0
2026-09-18,late,S08,B,Friday,0,2,1,1,6,2,0.109,4.7,0
2026-09-18,late,S09,B,Friday,0,1,1,1,6,2,0.109,4.7,1
2026-09-18,late,S10,B,Friday,0,2,1,1,6,2,0.109,4.7,0
2026-09-18,late,S11,B,Friday,0,2,2,1,6,2,0.109,4.7,0
2026-09-18,late,S12,B,Friday,0,2,1,1,6,2,0.109,4.7,0
2026-09-18,late,S13,C,Friday,0,2,1,0,6,2,0.156,4.7,0
2026-09-18,late,S14,C,Friday,0,2,2,0,6,2,0.156,4.7,0
2026-09-18,late,S15,C,Friday,1,2,2,0,6,2,0.156,4.7,0
2026-09-18,late,S16,C,Friday,0,2,2,0,6,2,0.156,4.7,0
2026-09-18,late,S17,C,Friday,0,2,2,0,6,2,0.156,4.7,0
2026-09-18,late,S18,C,Friday,1,2,0,0,6,2,0.156,4.7,0
2026-09-18,late,S19,D,Friday,0,1,1,4,6,2,0.161,4.7,1
2026-09-18,late,S20,D,Friday,0,2,2,4,6,2,0.161,4.7,0
2026-09-18,late,S21,D,Friday,0,1,2,4,6,2,0.161,4.7,0
2026-09-18,late,S22,D,Friday,0,1,2,4,6,2,0.161,4.7,1
2026-09-18,late,S23,D,Friday,0,1,2,4,6,2,0.161,4.7,1
2026-09-18,late,S24,D,Friday,0,2,3,4,6,2,0.161,4.7,0
2026-09-19,late,S01,A,Saturday,0,2,2,1,6,2,0.13,4.7,0
2026-09-19,late,S02,A,Saturday,0,2,2,1,6,2,0.13,4.7,0
2026-09-19,late,S03,A,Saturday,0,2,3,1,6,2,0.13,4.7,0
2026-09-19,late,S04,A,Saturday,0,3,1,1,6,2,0.13,4.7,0
2026-09-19,late,S05,A,Saturday,0,3,3,1,6,2,0.13,4.7,0
2026-09-19,late,S06,A,Saturday,0,1,0,1,6,2,0.13,4.7,1
2026-09-19,late,S07,B,Saturday,0,3,2,1,6,2,0.12,4.7,0
2026-09-19,late,S08,B,Saturday,0,2,1,1,6,2,0.12,4.7,0
2026-09-19,late,S09,B,Saturday,0,1,1,1,6,2,0.12,4.7,0
2026-09-19,late,S10,B,Saturday,0,2,1,1,6,2,0.12,4.7,0
2026-09-19,late,S11,B,Saturday,0,2,2,1,6,2,0.12,4.7,0
2026-09-19,late,S12,B,Saturday,0,2,1,1,6,2,0.12,4.7,0
2026-09-19,late,S13,C,Saturday,0,2,1,0,6,2,0.161,4.7,0
2026-09-19,late,S14,C,Saturday,0,2,2,0,6,2,0.161,4.7,0
2026-09-19,late,S15,C,Saturday,1,2,2,0,6,2,0.161,4.7,0
2026-09-19,late,S16,C,Saturday,0,2,2,0,6,2,0.161,4.7,0
2026-09-19,late,S17,C,Saturday,0,2,2,0,6,2,0.161,4.7,0
2026-09-19,late,S18,C,Saturday,1,2,0,0,6,2,0.161,4.7,0
2026-09-19,late,S19,D,Saturday,0,1,1,4,6,2,0.151,4.7,1
2026-09-19,late,S20,D,Saturday,0,2,2,4,6,2,0.151,4.7,0
2026-09-19,late,S21,D,Saturday,0,1,2,4,6,2,0.151,4.7,1
2026-09-19,late,S22,D,Saturday,0,1,2,4,6,2,0.151,4.7,0
2026-09-19,late,S23,D,Saturday,0,1,2,4,6,2,0.151,4.7,0
2026-09-19,late,S24,D,Saturday,0,2,3,4,6,2,0.151,4.7,0
2026-09-14,night,S01,A,Monday,0,2,1,1,6,2,0.161,6.4,0
2026-09-14,night,S02,A,Monday,0,2,2,1,6,2,0.161,6.4,0
2026-09-14,night,S03,A,Monday,0,2,3,1,6,2,0.161,6.4,0
2026-09-14,night,S04,A,Monday,0,1,1,1,6,2,0.161,6.4,1
2026-09-14,night,S05,A,Monday,0,2,3,1,6,2,0.161,6.4,0
2026-09-14,night,S06,A,Monday,0,2,2,1,6,2,0.161,6.4,0
2026-09-14,night,S07,B,Monday,0,2,1,2,6,2,0.167,6.4,1
2026-09-14,night,S08,B,Monday,0,2,2,2,6,2,0.167,6.4,1
2026-09-14,night,S09,B,Monday,0,1,3,2,6,2,0.167,6.4,0
2026-09-14,night,S10,B,Monday,0,2,3,2,6,2,0.167,6.4,0
2026-09-14,night,S11,B,Monday,0,2,1,2,6,2,0.167,6.4,0
2026-09-14,night,S12,B,Monday,0,1,1,2,6,2,0.167,6.4,1
2026-09-14,night,S13,C,Monday,0,1,2,2,6,2,0.156,6.4,1
2026-09-14,night,S14,C,Monday,0,2,3,2,6,2,0.156,6.4,0
2026-09-14,night,S15,C,Monday,1,1,2,2,6,2,0.156,6.4,0
2026-09-14,night,S16,C,Monday,0,2,2,2,6,2,0.156,6.4,1
2026-09-14,night,S17,C,Monday,0,2,0,2,6,2,0.156,6.4,0
2026-09-14,night,S18,C,Monday,1,2,0,2,6,2,0.156,6.4,0
2026-09-14,night,S19,D,Monday,0,3,1,1,6,2,0.214,6.4,0
2026-09-14,night,S20,D,Monday,0,3,2,1,6,2,0.214,6.4,0
2026-09-14,night,S21,D,Monday,0,2,1,1,6,2,0.214,6.4,0
2026-09-14,night,S22,D,Monday,0,3,1,1,6,2,0.214,6.4,0
2026-09-14,night,S23,D,Monday,0,2,2,1,6,2,0.214,6.4,0
2026-09-14,night,S24,D,Monday,0,1,1,1,6,2,0.214,6.4,0
2026-09-15,night,S01,A,Tuesday,0,2,1,1,6,2,0.156,6.4,0
2026-09-15,night,S02,A,Tuesday,0,2,2,1,6,2,0.156,6.4,0
2026-09-15,night,S03,A,Tuesday,0,2,3,1,6,2,0.156,6.4,0
2026-09-15,night,S04,A,Tuesday,0,1,1,1,6,2,0.156,6.4,0
2026-09-15,night,S05,A,Tuesday,0,2,3,1,6,2,0.156,6.4,0
2026-09-15,night,S06,A,Tuesday,0,2,2,1,6,2,0.156,6.4,0
2026-09-15,night,S07,B,Tuesday,0,2,1,2,6,2,0.182,6.4,1
2026-09-15,night,S08,B,Tuesday,0,2,2,2,6,2,0.182,6.4,0
2026-09-15,night,S09,B,Tuesday,0,1,3,2,6,2,0.182,6.4,1
2026-09-15,night,S10,B,Tuesday,0,2,3,2,6,2,0.182,6.4,0
2026-09-15,night,S11,B,Tuesday,0,2,1,2,6,2,0.182,6.4,1
2026-09-15,night,S12,B,Tuesday,0,1,1,2,6,2,0.182,6.4,1
2026-09-15,night,S13,C,Tuesday,0,1,2,2,6,2,0.161,6.4,1
2026-09-15,night,S14,C,Tuesday,0,2,3,2,6,2,0.161,6.4,0
2026-09-15,night,S15,C,Tuesday,1,1,2,2,6,2,0.161,6.4,0
2026-09-15,night,S16,C,Tuesday,0,2,2,2,6,2,0.161,6.4,0
2026-09-15,night,S17,C,Tuesday,0,2,0,2,6,2,0.161,6.4,0
2026-09-15,night,S18,C,Tuesday,1,2,0,2,6,2,0.161,6.4,0
2026-09-15,night,S19,D,Tuesday,0,3,1,1,6,2,0.208,6.4,0
2026-09-15,night,S20,D,Tuesday,0,3,2,1,6,2,0.208,6.4,0
2026-09-15,night,S21,D,Tuesday,0,2,1,1,6,2,0.208,6.4,1
2026-09-15,night,S22,D,Tuesday,0,3,1,1,6,2,0.208,6.4,0
2026-09-15,night,S23,D,Tuesday,0,2,2,1,6,2,0.208,6.4,0
2026-09-15,night,S24,D,Tuesday,0,1,1,1,6,2,0.208,6.4,1
2026-09-16,night,S01,A,Wednesday,0,2,1,1,6,2,0.161,6.4,0
2026-09-16,night,S02,A,Wednesday,0,2,2,1,6,2,0.161,6.4,0
2026-09-16,night,S03,A,Wednesday,0,2,3,1,6,2,0.161,6.4,0
2026-09-16,night,S04,A,Wednesday,0,1,1,1,6,2,0.161,6.4,1
2026-09-16,night,S05,A,Wednesday,0,2,3,1,6,2,0.161,6.4,0
2026-09-16,night,S06,A,Wednesday,0,2,2,1,6,2,0.161,6.4,1
2026-09-16,night,S07,B,Wednesday,0,2,1,2,6,2,0.193,6.4,0
2026-09-16,night,S08,B,Wednesday,0,2,2,2,6,2,0.193,6.4,0
2026-09-16,night,S09,B,Wednesday,0,1,3,2,6,2,0.193,6.4,0
2026-09-16,night,S10,B,Wednesday,0,2,3,2,6,2,0.193,6.4,0
2026-09-16,night,S11,B,Wednesday,0,2,1,2,6,2,0.193,6.4,0
2026-09-16,night,S12,B,Wednesday,0,1,1,2,6,2,0.193,6.4,1
2026-09-16,night,S13,C,Wednesday,0,1,2,2,6,2,0.167,6.4,1
2026-09-16,night,S14,C,Wednesday,0,2,3,2,6,2,0.167,6.4,0
2026-09-16,night,S15,C,Wednesday,1,1,2,2,6,2,0.167,6.4,0
2026-09-16,night,S16,C,Wednesday,0,2,2,2,6,2,0.167,6.4,0
2026-09-16,night,S17,C,Wednesday,0,2,0,2,6,2,0.167,6.4,0
2026-09-16,night,S18,C,Wednesday,1,2,0,2,6,2,0.167,6.4,0
2026-09-16,night,S19,D,Wednesday,0,3,1,1,6,2,0.219,6.4,1
2026-09-16,night,S20,D,Wednesday,0,3,2,1,6,2,0.219,6.4,0
2026-09-16,night,S21,D,Wednesday,0,2,1,1,6,2,0.219,6.4,0
2026-09-16,night,S22,D,Wednesday,0,3,1,1,6,2,0.219,6.4,0
2026-09-16,night,S23,D,Wednesday,0,2,2,1,6,2,0.219,6.4,0
2026-09-16,night,S24,D,Wednesday,0,1,1,1,6,2,0.219,6.4,1
2026-09-17,night,S01,A,Thursday,0,2,1,1,6,2,0.161,6.4,0
2026-09-17,night,S02,A,Thursday,0,2,2,1,6,2,0.161,6.4,0
2026-09-17,night,S03,A,Thursday,0,2,3,1,6,2,0.161,6.4,0
2026-09-17,night,S04,A,Thursday,0,1,1,1,6,2,0.161,6.4,1
2026-09-17,night,S05,A,Thursday,0,2,3,1,6,2,0.161,6.4,0
2026-09-17,night,S06,A,Thursday,0,2,2,1,6,2,0.161,6.4,0
2026-09-17,night,S07,B,Thursday,0,2,1,2,6,2,0.208,6.4,0
2026-09-17,night,S08,B,Thursday,0,2,2,2,6,2,0.208,6.4,0
2026-09-17,night,S09,B,Thursday,0,1,3,2,6,2,0.208,6.4,0
2026-09-17,night,S10,B,Thursday,0,2,3,2,6,2,0.208,6.4,0
2026-09-17,night,S11,B,Thursday,0,2,1,2,6,2,0.208,6.4,0
2026-09-17,night,S12,B,Thursday,0,1,1,2,6,2,0.208,6.4,0
2026-09-17,night,S13,C,Thursday,0,1,2,2,6,2,0.156,6.4,1
2026-09-17,night,S14,C,Thursday,0,2,3,2,6,2,0.156,6.4,0
2026-09-17,night,S15,C,Thursday,1,1,2,2,6,2,0.156,6.4,0
2026-09-17,night,S16,C,Thursday,0,2,2,2,6,2,0.156,6.4,0
2026-09-17,night,S17,C,Thursday,0,2,0,2,6,2,0.156,6.4,0
2026-09-17,night,S18,C,Thursday,1,2,0,2,6,2,0.156,6.4,0
2026-09-17,night,S19,D,Thursday,0,3,1,1,6,2,0.219,6.4,1
2026-09-17,night,S20,D,Thursday,0,3,2,1,6,2,0.219,6.4,0
2026-09-17,night,S21,D,Thursday,0,2,1,1,6,2,0.219,6.4,0
2026-09-17,night,S22,D,Thursday,0,3,1,1,6,2,0.219,6.4,0
2026-09-17,night,S23,D,Thursday,0,2,2,1,6,2,0.219,6.4,0
2026-09-17,night,S24,D,Thursday,0,1,1,1,6,2,0.219,6.4,0
2026-09-18,night,S01,A,Friday,0,2,1,1,6,2,0.161,6.4,0
2026-09-18,night,S02,A,Friday,0,2,2,1,6,2,0.161,6.4,0
2026-09-18,night,S03,A,Friday,0,2,3,1,6,2,0.161,6.4,0
2026-09-18,night,S04,A,Friday,0,1,1,1,6,2,0.161,6.4,1
2026-09-18,night,S05,A,Friday,0,2,3,1,6,2,0.161,6.4,0
2026-09-18,night,S06,A,Friday,0,2,2,1,6,2,0.161,6.4,0
2026-09-18,night,S07,B,Friday,0,2,1,2,6,2,0.198,6.4,0
2026-09-18,night,S08,B,Friday,0,2,2,2,6,2,0.198,6.4,1
2026-09-18,night,S09,B,Friday,0,1,3,2,6,2,0.198,6.4,0
2026-09-18,night,S10,B,Friday,0,2,3,2,6,2,0.198,6.4,0
2026-09-18,night,S11,B,Friday,0,2,1,2,6,2,0.198,6.4,0
2026-09-18,night,S12,B,Friday,0,1,1,2,6,2,0.198,6.4,0
2026-09-18,night,S13,C,Friday,0,1,2,2,6,2,0.156,6.4,1
2026-09-18,night,S14,C,Friday,0,2,3,2,6,2,0.156,6.4,0
2026-09-18,night,S15,C,Friday,1,1,2,2,6,2,0.156,6.4,0
2026-09-18,night,S16,C,Friday,0,2,2,2,6,2,0.156,6.4,1
2026-09-18,night,S17,C,Friday,0,2,0,2,6,2,0.156,6.4,0
2026-09-18,night,S18,C,Friday,1,2,0,2,6,2,0.156,6.4,0
2026-09-18,night,S19,D,Friday,0,3,1,1,6,2,0.219,6.4,0
2026-09-18,night,S20,D,Friday,0,3,2,1,6,2,0.219,6.4,0
2026-09-18,night,S21,D,Friday,0,2,1,1,6,2,0.219,6.4,0
2026-09-18,night,S22,D,Friday,0,3,1,1,6,2,0.219,6.4,0
2026-09-18,night,S23,D,Friday,0,2,2,1,6,2,0.219,6.4,0
2026-09-18,night,S24,D,Friday,0,1,1,1,6,2,0.219,6.4,1
2026-09-19,night,S01,A,Saturday,0,2,1,1,6,2,0.161,6.4,0
2026-09-19,night,S02,A,Saturday,0,2,2,1,6,2,0.161,6.4,0
2026-09-19,night,S03,A,Saturday,0,2,3,1,6,2,0.161,6.4,1
2026-09-19,night,S04,A,Saturday,0,1,1,1,6,2,0.161,6.4,0
2026-09-19,night,S05,A,Saturday,0,2,3,1,6,2,0.161,6.4,0
2026-09-19,night,S06,A,Saturday,0,2,2,1,6,2,0.161,6.4,0
2026-09-19,night,S07,B,Saturday,0,2,1,2,6,2,0.219,6.4,0
2026-09-19,night,S08,B,Saturday,0,2,2,2,6,2,0.219,6.4,0
2026-09-19,night,S09,B,Saturday,0,1,3,2,6,2,0.219,6.4,1
2026-09-19,night,S10,B,Saturday,0,2,3,2,6,2,0.219,6.4,0
2026-09-19,night,S11,B,Saturday,0,2,1,2,6,2,0.219,6.4,0
2026-09-19,night,S12,B,Saturday,0,1,1,2,6,2,0.219,6.4,0
2026-09-19,night,S13,C,Saturday,0,1,2,2,6,2,0.161,6.4,0
2026-09-19,night,S14,C,Saturday,0,2,3,2,6,2,0.161,6.4,0
2026-09-19,night,S15,C,Saturday,1,1,2,2,6,2,0.161,6.4,0
2026-09-19,night,S16,C,Saturday,0,2,2,2,6,2,0.161,6.4,0
2026-09-19,night,S17,C,Saturday,0,2,0,2,6,2,0.161,6.4,0
2026-09-19,night,S18,C,Saturday,1,2,0,2,6,2,0.161,6.4,0
2026-09-19,night,S19,D,Saturday,0,3,1,1,6,2,0.203,6.4,0
2026-09-19,night,S20,D,Saturday,0,3,2,1,6,2,0.203,6.4,0
2026-09-19,night,S21,D,Saturday,0,2,1,1,6,2,0.203,6.4,0
2026-09-19,night,S22,D,Saturday,0,3,1,1,6,2,0.203,6.4,1
2026-09-19,night,S23,D,Saturday,0,2,2,1,6,2,0.203,6.4,0
2026-09-19,night,S24,D,Saturday,0,1,1,1,6,2,0.203,6.4,1
2026-09-21,early,S01,A,Monday,0,2,0,2,9,2,0.125,6.3,0
2026-09-21,early,S02,A,Monday,0,2,2,2,9,2,0.125,6.3,0
2026-09-21,early,S03,A,Monday,0,1,2,2,9,2,0.125,6.3,1
2026-09-21,early,S04,A,Monday,0,2,1,2,9,2,0.125,6.3,0
2026-09-21,early,S05,A,Monday,0,2,2,2,9,2,0.125,6.3,0
2026-09-21,early,S06,A,Monday,0,1,1,2,9,2,0.125,6.3,1
2026-09-21,early,S07,B,Monday,0,2,3,1,9,2,0.172,6.3,0
2026-09-21,early,S08,B,Monday,0,2,2,1,9,2,0.172,6.3,0
2026-09-21,early,S09,B,Monday,0,2,2,1,9,2,0.172,6.3,0
2026-09-21,early,S10,B,Monday,0,2,2,1,9,2,0.172,6.3,0
2026-09-21,early,S11,B,Monday,0,1,1,1,9,2,0.172,6.3,0
2026-09-21,early,S12,B,Monday,0,2,1,1,9,2,0.172,6.3,0
2026-09-21,early,S13,C,Monday,0,1,2,3,9,2,0.172,6.3,0
2026-09-21,early,S14,C,Monday,0,1,1,3,9,2,0.172,6.3,1
2026-09-21,early,S15,C,Monday,1,3,2,3,9,2,0.172,6.3,0
2026-09-21,early,S16,C,Monday,0,2,1,3,9,2,0.172,6.3,0
2026-09-21,early,S17,C,Monday,0,1,1,3,9,2,0.172,6.3,1
2026-09-21,early,S18,C,Monday,1,2,3,3,9,2,0.172,6.3,0
2026-09-21,early,S19,D,Monday,0,1,3,3,9,2,0.13,6.3,1
2026-09-21,early,S20,D,Monday,0,1,2,3,9,2,0.13,6.3,0
2026-09-21,early,S21,D,Monday,0,2,1,3,9,2,0.13,6.3,0
2026-09-21,early,S22,D,Monday,0,1,2,3,9,2,0.13,6.3,1
2026-09-21,early,S23,D,Monday,0,2,1,3,9,2,0.13,6.3,0
2026-09-21,early,S24,D,Monday,0,2,2,3,9,2,0.13,6.3,0
2026-09-22,early,S01,A,Tuesday,0,2,0,2,9,2,0.13,6.3,0
2026-09-22,early,S02,A,Tuesday,0,2,2,2,9,2,0.13,6.3,0
2026-09-22,early,S03,A,Tuesday,0,1,2,2,9,2,0.13,6.3,0
2026-09-22,early,S04,A,Tuesday,0,2,1,2,9,2,0.13,6.3,0
2026-09-22,early,S05,A,Tuesday,0,2,2,2,9,2,0.13,6.3,0
2026-09-22,early,S06,A,Tuesday,0,1,1,2,9,2,0.13,6.3,1
2026-09-22,early,S07,B,Tuesday,0,2,3,1,9,2,0.167,6.3,0
2026-09-22,early,S08,B,Tuesday,0,2,2,1,9,2,0.167,6.3,0
2026-09-22,early,S09,B,Tuesday,0,2,2,1,9,2,0.167,6.3,0
2026-09-22,early,S10,B,Tuesday,0,2,2,1,9,2,0.167,6.3,0
2026-09-22,early,S11,B,Tuesday,0,1,1,1,9,2,0.167,6.3,0
2026-09-22,early,S12,B,Tuesday,0,2,1,1,9,2,0.167,6.3,0
2026-09-22,early,S13,C,Tuesday,0,1,2,3,9,2,0.161,6.3,1
2026-09-22,early,S14,C,Tuesday,0,1,1,3,9,2,0.161,6.3,0
2026-09-22,early,S15,C,Tuesday,1,3,2,3,9,2,0.161,6.3,0
2026-09-22,early,S16,C,Tuesday,0,2,1,3,9,2,0.161,6.3,0
2026-09-22,early,S17,C,Tuesday,0,1,1,3,9,2,0.161,6.3,0
2026-09-22,early,S18,C,Tuesday,1,2,3,3,9,2,0.161,6.3,0
2026-09-22,early,S19,D,Tuesday,0,1,3,3,9,2,0.135,6.3,1
2026-09-22,early,S20,D,Tuesday,0,1,2,3,9,2,0.135,6.3,0
2026-09-22,early,S21,D,Tuesday,0,2,1,3,9,2,0.135,6.3,0
2026-09-22,early,S22,D,Tuesday,0,1,2,3,9,2,0.135,6.3,1
2026-09-22,early,S23,D,Tuesday,0,2,1,3,9,2,0.135,6.3,0
2026-09-22,early,S24,D,Tuesday,0,2,2,3,9,2,0.135,6.3,0
2026-09-23,early,S01,A,Wednesday,0,2,0,2,9,2,0.13,6.3,0
2026-09-23,early,S02,A,Wednesday,0,2,2,2,9,2,0.13,6.3,0
2026-09-23,early,S03,A,Wednesday,0,1,2,2,9,2,0.13,6.3,0
2026-09-23,early,S04,A,Wednesday,0,2,1,2,9,2,0.13,6.3,0
2026-09-23,early,S05,A,Wednesday,0,2,2,2,9,2,0.13,6.3,0
2026-09-23,early,S06,A,Wednesday,0,1,1,2,9,2,0.13,6.3,1
2026-09-23,early,S07,B,Wednesday,0,2,3,1,9,2,0.161,6.3,0
2026-09-23,early,S08,B,Wednesday,0,2,2,1,9,2,0.161,6.3,0
2026-09-23,early,S09,B,Wednesday,0,2,2,1,9,2,0.161,6.3,0
2026-09-23,early,S10,B,Wednesday,0,2,2,1,9,2,0.161,6.3,0
2026-09-23,early,S11,B,Wednesday,0,1,1,1,9,2,0.161,6.3,1
2026-09-23,early,S12,B,Wednesday,0,2,1,1,9,2,0.161,6.3,0
2026-09-23,early,S13,C,Wednesday,0,1,2,3,9,2,0.167,6.3,0
2026-09-23,early,S14,C,Wednesday,0,1,1,3,9,2,0.167,6.3,1
2026-09-23,early,S15,C,Wednesday,1,3,2,3,9,2,0.167,6.3,0
2026-09-23,early,S16,C,Wednesday,0,2,1,3,9,2,0.167,6.3,0
2026-09-23,early,S17,C,Wednesday,0,1,1,3,9,2,0.167,6.3,1
2026-09-23,early,S18,C,Wednesday,1,2,3,3,9,2,0.167,6.3,0
2026-09-23,early,S19,D,Wednesday,0,1,3,3,9,2,0.141,6.3,0
2026-09-23,early,S20,D,Wednesday,0,1,2,3,9,2,0.141,6.3,1
2026-09-23,early,S21,D,Wednesday,0,2,1,3,9,2,0.141,6.3,0
2026-09-23,early,S22,D,Wednesday,0,1,2,3,9,2,0.141,6.3,1
2026-09-23,early,S23,D,Wednesday,0,2,1,3,9,2,0.141,6.3,0
2026-09-23,early,S24,D,Wednesday,0,2,2,3,9,2,0.141,6.3,0
2026-09-24,early,S01,A,Thursday,0,2,0,2,9,2,0.13,6.3,1
2026-09-24,early,S02,A,Thursday,0,2,2,2,9,2,0.13,6.3,0
2026-09-24,early,S03,A,Thursday,0,1,2,2,9,2,0.13,6.3,1
2026-09-24,early,S04,A,Thursday,0,2,1,2,9,2,0.13,6.3,0
2026-09-24,early,S05,A,Thursday,0,2,2,2,9,2,0.13,6.3,0
2026-09-24,early,S06,A,Thursday,0,1,1,2,9,2,0.13,6.3,0
2026-09-24,early,S07,B,Thursday,0,2,3,1,9,2,0.177,6.3,0
2026-09-24,early,S08,B,Thursday,0,2,2,1,9,2,0.177,6.3,0
2026-09-24,early,S09,B,Thursday,0,2,2,1,9,2,0.177,6.3,1
2026-09-24,early,S10,B,Thursday,0,2,2,1,9,2,0.177,6.3,0
2026-09-24,early,S11,B,Thursday,0,1,1,1,9,2,0.177,6.3,0
2026-09-24,early,S12,B,Thursday,0,2,1,1,9,2,0.177,6.3,0
2026-09-24,early,S13,C,Thursday,0,1,2,3,9,2,0.161,6.3,1
2026-09-24,early,S14,C,Thursday,0,1,1,3,9,2,0.161,6.3,1
2026-09-24,early,S15,C,Thursday,1,3,2,3,9,2,0.161,6.3,0
2026-09-24,early,S16,C,Thursday,0,2,1,3,9,2,0.161,6.3,0
2026-09-24,early,S17,C,Thursday,0,1,1,3,9,2,0.161,6.3,1
2026-09-24,early,S18,C,Thursday,1,2,3,3,9,2,0.161,6.3,0
2026-09-24,early,S19,D,Thursday,0,1,3,3,9,2,0.146,6.3,0
2026-09-24,early,S20,D,Thursday,0,1,2,3,9,2,0.146,6.3,1
2026-09-24,early,S21,D,Thursday,0,2,1,3,9,2,0.146,6.3,0
2026-09-24,early,S22,D,Thursday,0,1,2,3,9,2,0.146,6.3,0
2026-09-24,early,S23,D,Thursday,0,2,1,3,9,2,0.146,6.3,0
2026-09-24,early,S24,D,Thursday,0,2,2,3,9,2,0.146,6.3,0
2026-09-25,early,S01,A,Friday,0,2,0,2,9,2,0.146,6.3,0
2026-09-25,early,S02,A,Friday,0,2,2,2,9,2,0.146,6.3,0
2026-09-25,early,S03,A,Friday,0,1,2,2,9,2,0.146,6.3,0
2026-09-25,early,S04,A,Friday,0,2,1,2,9,2,0.146,6.3,0
2026-09-25,early,S05,A,Friday,0,2,2,2,9,2,0.146,6.3,0
2026-09-25,early,S06,A,Friday,0,1,1,2,9,2,0.146,6.3,0
2026-09-25,early,S07,B,Friday,0,2,3,1,9,2,0.193,6.3,0
2026-09-25,early,S08,B,Friday,0,2,2,1,9,2,0.193,6.3,0
2026-09-25,early,S09,B,Friday,0,2,2,1,9,2,0.193,6.3,0
2026-09-25,early,S10,B,Friday,0,2,2,1,9,2,0.193,6.3,0
2026-09-25,early,S11,B,Friday,0,1,1,1,9,2,0.193,6.3,1
2026-09-25,early,S12,B,Friday,0,2,1,1,9,2,0.193,6.3,0
2026-09-25,early,S13,C,Friday,0,1,2,3,9,2,0.161,6.3,0
2026-09-25,early,S14,C,Friday,0,1,1,3,9,2,0.161,6.3,1
2026-09-25,early,S15,C,Friday,1,3,2,3,9,2,0.161,6.3,0
2026-09-25,early,S16,C,Friday,0,2,1,3,9,2,0.161,6.3,0
2026-09-25,early,S17,C,Friday,0,1,1,3,9,2,0.161,6.3,1
2026-09-25,early,S18,C,Friday,1,2,3,3,9,2,0.161,6.3,0
2026-09-25,early,S19,D,Friday,0,1,3,3,9,2,0.146,6.3,1
2026-09-25,early,S20,D,Friday,0,1,2,3,9,2,0.146,6.3,0
2026-09-25,early,S21,D,Friday,0,2,1,3,9,2,0.146,6.3,0
2026-09-25,early,S22,D,Friday,0,1,2,3,9,2,0.146,6.3,1
2026-09-25,early,S23,D,Friday,0,2,1,3,9,2,0.146,6.3,0
2026-09-25,early,S24,D,Friday,0,2,2,3,9,2,0.146,6.3,0
2026-09-26,early,S01,A,Saturday,0,2,0,2,9,2,0.146,6.3,1
2026-09-26,early,S02,A,Saturday,0,2,2,2,9,2,0.146,6.3,0
2026-09-26,early,S03,A,Saturday,0,1,2,2,9,2,0.146,6.3,0
2026-09-26,early,S04,A,Saturday,0,2,1,2,9,2,0.146,6.3,0
2026-09-26,early,S05,A,Saturday,0,2,2,2,9,2,0.146,6.3,0
2026-09-26,early,S06,A,Saturday,0,1,1,2,9,2,0.146,6.3,0
2026-09-26,early,S07,B,Saturday,0,2,3,1,9,2,0.193,6.3,0
2026-09-26,early,S08,B,Saturday,0,2,2,1,9,2,0.193,6.3,0
2026-09-26,early,S09,B,Saturday,0,2,2,1,9,2,0.193,6.3,0
2026-09-26,early,S10,B,Saturday,0,2,2,1,9,2,0.193,6.3,0
2026-09-26,early,S11,B,Saturday,0,1,1,1,9,2,0.193,6.3,0
2026-09-26,early,S12,B,Saturday,0,2,1,1,9,2,0.193,6.3,0
2026-09-26,early,S13,C,Saturday,0,1,2,3,9,2,0.151,6.3,0
2026-09-26,early,S14,C,Saturday,0,1,1,3,9,2,0.151,6.3,1
2026-09-26,early,S15,C,Saturday,1,3,2,3,9,2,0.151,6.3,0
2026-09-26,early,S16,C,Saturday,0,2,1,3,9,2,0.151,6.3,0
2026-09-26,early,S17,C,Saturday,0,1,1,3,9,2,0.151,6.3,1
2026-09-26,early,S18,C,Saturday,1,2,3,3,9,2,0.151,6.3,0
2026-09-26,early,S19,D,Saturday,0,1,3,3,9,2,0.141,6.3,0
2026-09-26,early,S20,D,Saturday,0,1,2,3,9,2,0.141,6.3,1
2026-09-26,early,S21,D,Saturday,0,2,1,3,9,2,0.141,6.3,0
2026-09-26,early,S22,D,Saturday,0,1,2,3,9,2,0.141,6.3,0
2026-09-26,early,S23,D,Saturday,0,2,1,3,9,2,0.141,6.3,0
2026-09-26,early,S24,D,Saturday,0,2,2,3,9,2,0.141,6.3,0
2026-09-21,late,S01,A,Monday,0,2,2,1,7,2,0.12,5.9,0
2026-09-21,late,S02,A,Monday,0,2,2,1,7,2,0.12,5.9,0
2026-09-21,late,S03,A,Monday,0,2,3,1,7,2,0.12,5.9,0
2026-09-21,late,S04,A,Monday,0,3,1,1,7,2,0.12,5.9,0
2026-09-21,late,S05,A,Monday,0,3,3,1,7,2,0.12,5.9,0
2026-09-21,late,S06,A,Monday,0,1,0,1,7,2,0.12,5.9,1
2026-09-21,late,S07,B,Monday,0,1,2,2,7,2,0.109,5.9,0
2026-09-21,late,S08,B,Monday,0,2,1,2,7,2,0.109,5.9,0
2026-09-21,late,S09,B,Monday,0,1,1,2,7,2,0.109,5.9,1
2026-09-21,late,S10,B,Monday,0,2,1,2,7,2,0.109,5.9,0
2026-09-21,late,S11,B,Monday,0,2,2,2,7,2,0.109,5.9,0
2026-09-21,late,S12,B,Monday,0,2,1,2,7,2,0.109,5.9,0
2026-09-21,late,S13,C,Monday,0,2,1,0,7,2,0.151,5.9,0
2026-09-21,late,S14,C,Monday,0,2,2,0,7,2,0.151,5.9,0
2026-09-21,late,S15,C,Monday,1,2,2,0,7,2,0.151,5.9,0
2026-09-21,late,S16,C,Monday,0,2,2,0,7,2,0.151,5.9,0
2026-09-21,late,S17,C,Monday,0,2,2,0,7,2,0.151,5.9,0
2026-09-21,late,S18,C,Monday,1,2,0,0,7,2,0.151,5.9,0
2026-09-21,late,S19,D,Monday,0,1,1,4,7,2,0.151,5.9,0
2026-09-21,late,S20,D,Monday,0,2,2,4,7,2,0.151,5.9,0
2026-09-21,late,S21,D,Monday,0,1,2,4,7,2,0.151,5.9,1
2026-09-21,late,S22,D,Monday,0,1,2,4,7,2,0.151,5.9,1
2026-09-21,late,S23,D,Monday,0,1,2,4,7,2,0.151,5.9,0
2026-09-21,late,S24,D,Monday,0,2,3,4,7,2,0.151,5.9,0
2026-09-22,late,S01,A,Tuesday,0,2,2,1,7,2,0.12,5.9,0
2026-09-22,late,S02,A,Tuesday,0,2,2,1,7,2,0.12,5.9,0
2026-09-22,late,S03,A,Tuesday,0,2,3,1,7,2,0.12,5.9,0
2026-09-22,late,S04,A,Tuesday,0,3,1,1,7,2,0.12,5.9,0
2026-09-22,late,S05,A,Tuesday,0,3,3,1,7,2,0.12,5.9,0
2026-09-22,late,S06,A,Tuesday,0,1,0,1,7,2,0.12,5.9,1
2026-09-22,late,S07,B,Tuesday,0,1,2,2,7,2,0.104,5.9,0
2026-09-22,late,S08,B,Tuesday,0,2,1,2,7,2,0.104,5.9,0
2026-09-22,late,S09,B,Tuesday,0,1,1,2,7,2,0.104,5.9,1
2026-09-22,late,S10,B,Tuesday,0,2,1,2,7,2,0.104,5.9,0
2026-09-22,late,S11,B,Tuesday,0,2,2,2,7,2,0.104,5.9,0
2026-09-22,late,S12,B,Tuesday,0,2,1,2,7,2,0.104,5.9,0
2026-09-22,late,S13,C,Tuesday,0,2,1,0,7,2,0.156,5.9,0
2026-09-22,late,S14,C,Tuesday,0,2,2,0,7,2,0.156,5.9,0
2026-09-22,late,S15,C,Tuesday,1,2,2,0,7,2,0.156,5.9,0
2026-09-22,late,S16,C,Tuesday,0,2,2,0,7,2,0.156,5.9,1
2026-09-22,late,S17,C,Tuesday,0,2,2,0,7,2,0.156,5.9,0
2026-09-22,late,S18,C,Tuesday,1,2,0,0,7,2,0.156,5.9,0
2026-09-22,late,S19,D,Tuesday,0,1,1,4,7,2,0.161,5.9,1
2026-09-22,late,S20,D,Tuesday,0,2,2,4,7,2,0.161,5.9,0
2026-09-22,late,S21,D,Tuesday,0,1,2,4,7,2,0.161,5.9,0
2026-09-22,late,S22,D,Tuesday,0,1,2,4,7,2,0.161,5.9,1
2026-09-22,late,S23,D,Tuesday,0,1,2,4,7,2,0.161,5.9,1
2026-09-22,late,S24,D,Tuesday,0,2,3,4,7,2,0.161,5.9,0
2026-09-23,late,S01,A,Wednesday,0,2,2,1,7,2,0.12,5.9,0
2026-09-23,late,S02,A,Wednesday,0,2,2,1,7,2,0.12,5.9,0
2026-09-23,late,S03,A,Wednesday,0,2,3,1,7,2,0.12,5.9,0
2026-09-23,late,S04,A,Wednesday,0,3,1,1,7,2,0.12,5.9,0
2026-09-23,late,S05,A,Wednesday,0,3,3,1,7,2,0.12,5.9,0
2026-09-23,late,S06,A,Wednesday,0,1,0,1,7,2,0.12,5.9,1
2026-09-23,late,S07,B,Wednesday,0,1,2,2,7,2,0.109,5.9,1
2026-09-23,late,S08,B,Wednesday,0,2,1,2,7,2,0.109,5.9,0
2026-09-23,late,S09,B,Wednesday,0,1,1,2,7,2,0.109,5.9,0
2026-09-23,late,S10,B,Wednesday,0,2,1,2,7,2,0.109,5.9,0
2026-09-23,late,S11,B,Wednesday,0,2,2,2,7,2,0.109,5.9,0
2026-09-23,late,S12,B,Wednesday,0,2,1,2,7,2,0.109,5.9,0
2026-09-23,late,S13,C,Wednesday,0,2,1,0,7,2,0.167,5.9,0
2026-09-23,late,S14,C,Wednesday,0,2,2,0,7,2,0.167,5.9,0
2026-09-23,late,S15,C,Wednesday,1,2,2,0,7,2,0.167,5.9,0
2026-09-23,late,S16,C,Wednesday,0,2,2,0,7,2,0.167,5.9,0
2026-09-23,late,S17,C,Wednesday,0,2,2,0,7,2,0.167,5.9,0
2026-09-23,late,S18,C,Wednesday,1,2,0,0,7,2,0.167,5.9,0
2026-09-23,late,S19,D,Wednesday,0,1,1,4,7,2,0.161,5.9,1
2026-09-23,late,S20,D,Wednesday,0,2,2,4,7,2,0.161,5.9,0
2026-09-23,late,S21,D,Wednesday,0,1,2,4,7,2,0.161,5.9,0
2026-09-23,late,S22,D,Wednesday,0,1,2,4,7,2,0.161,5.9,0
2026-09-23,late,S23,D,Wednesday,0,1,2,4,7,2,0.161,5.9,0
2026-09-23,late,S24,D,Wednesday,0,2,3,4,7,2,0.161,5.9,0
2026-09-24,late,S01,A,Thursday,0,2,2,1,7,2,0.125,5.9,0
2026-09-24,late,S02,A,Thursday,0,2,2,1,7,2,0.125,5.9,0
2026-09-24,late,S03,A,Thursday,0,2,3,1,7,2,0.125,5.9,0
2026-09-24,late,S04,A,Thursday,0,3,1,1,7,2,0.125,5.9,0
2026-09-24,late,S05,A,Thursday,0,3,3,1,7,2,0.125,5.9,0
2026-09-24,late,S06,A,Thursday,0,1,0,1,7,2,0.125,5.9,1
2026-09-24,late,S07,B,Thursday,0,1,2,2,7,2,0.104,5.9,1
2026-09-24,late,S08,B,Thursday,0,2,1,2,7,2,0.104,5.9,0
2026-09-24,late,S09,B,Thursday,0,1,1,2,7,2,0.104,5.9,1
2026-09-24,late,S10,B,Thursday,0,2,1,2,7,2,0.104,5.9,0
2026-09-24,late,S11,B,Thursday,0,2,2,2,7,2,0.104,5.9,0
2026-09-24,late,S12,B,Thursday,0,2,1,2,7,2,0.104,5.9,0
2026-09-24,late,S13,C,Thursday,0,2,1,0,7,2,0.167,5.9,0
2026-09-24,late,S14,C,Thursday,0,2,2,0,7,2,0.167,5.9,0
2026-09-24,late,S15,C,Thursday,1,2,2,0,7,2,0.167,5.9,0
2026-09-24,late,S16,C,Thursday,0,2,2,0,7,2,0.167,5.9,0
2026-09-24,late,S17,C,Thursday,0,2,2,0,7,2,0.167,5.9,0
2026-09-24,late,S18,C,Thursday,1,2,0,0,7,2,0.167,5.9,0
2026-09-24,late,S19,D,Thursday,0,1,1,4,7,2,0.167,5.9,1
2026-09-24,late,S20,D,Thursday,0,2,2,4,7,2,0.167,5.9,0
2026-09-24,late,S21,D,Thursday,0,1,2,4,7,2,0.167,5.9,1
2026-09-24,late,S22,D,Thursday,0,1,2,4,7,2,0.167,5.9,1
2026-09-24,late,S23,D,Thursday,0,1,2,4,7,2,0.167,5.9,0
2026-09-24,late,S24,D,Thursday,0,2,3,4,7,2,0.167,5.9,0
2026-09-25,late,S01,A,Friday,0,2,2,1,7,2,0.125,5.9,0
2026-09-25,late,S02,A,Friday,0,2,2,1,7,2,0.125,5.9,0
2026-09-25,late,S03,A,Friday,0,2,3,1,7,2,0.125,5.9,0
2026-09-25,late,S04,A,Friday,0,3,1,1,7,2,0.125,5.9,0
2026-09-25,late,S05,A,Friday,0,3,3,1,7,2,0.125,5.9,0
2026-09-25,late,S06,A,Friday,0,1,0,1,7,2,0.125,5.9,1
2026-09-25,late,S07,B,Friday,0,1,2,2,7,2,0.115,5.9,1
2026-09-25,late,S08,B,Friday,0,2,1,2,7,2,0.115,5.9,1
2026-09-25,late,S09,B,Friday,0,1,1,2,7,2,0.115,5.9,1
2026-09-25,late,S10,B,Friday,0,2,1,2,7,2,0.115,5.9,0
2026-09-25,late,S11,B,Friday,0,2,2,2,7,2,0.115,5.9,0
2026-09-25,late,S12,B,Friday,0,2,1,2,7,2,0.115,5.9,0
2026-09-25,late,S13,C,Friday,0,2,1,0,7,2,0.161,5.9,0
2026-09-25,late,S14,C,Friday,0,2,2,0,7,2,0.161,5.9,0
2026-09-25,late,S15,C,Friday,1,2,2,0,7,2,0.161,5.9,0
2026-09-25,late,S16,C,Friday,0,2,2,0,7,2,0.161,5.9,0
2026-09-25,late,S17,C,Friday,0,2,2,0,7,2,0.161,5.9,0
2026-09-25,late,S18,C,Friday,1,2,0,0,7,2,0.161,5.9,0
2026-09-25,late,S19,D,Friday,0,1,1,4,7,2,0.172,5.9,0
2026-09-25,late,S20,D,Friday,0,2,2,4,7,2,0.172,5.9,1
2026-09-25,late,S21,D,Friday,0,1,2,4,7,2,0.172,5.9,1
2026-09-25,late,S22,D,Friday,0,1,2,4,7,2,0.172,5.9,1
2026-09-25,late,S23,D,Friday,0,1,2,4,7,2,0.172,5.9,0
2026-09-25,late,S24,D,Friday,0,2,3,4,7,2,0.172,5.9,1
2026-09-26,late,S01,A,Saturday,0,2,2,1,7,2,0.141,5.9,0
2026-09-26,late,S02,A,Saturday,0,2,2,1,7,2,0.141,5.9,0
2026-09-26,late,S03,A,Saturday,0,2,3,1,7,2,0.141,5.9,0
2026-09-26,late,S04,A,Saturday,0,3,1,1,7,2,0.141,5.9,0
2026-09-26,late,S05,A,Saturday,0,3,3,1,7,2,0.141,5.9,0
2026-09-26,late,S06,A,Saturday,0,1,0,1,7,2,0.141,5.9,1
2026-09-26,late,S07,B,Saturday,0,1,2,2,7,2,0.12,5.9,1
2026-09-26,late,S08,B,Saturday,0,2,1,2,7,2,0.12,5.9,0
2026-09-26,late,S09,B,Saturday,0,1,1,2,7,2,0.12,5.9,1
2026-09-26,late,S10,B,Saturday,0,2,1,2,7,2,0.12,5.9,0
2026-09-26,late,S11,B,Saturday,0,2,2,2,7,2,0.12,5.9,0
2026-09-26,late,S12,B,Saturday,0,2,1,2,7,2,0.12,5.9,0
2026-09-26,late,S13,C,Saturday,0,2,1,0,7,2,0.167,5.9,1
2026-09-26,late,S14,C,Saturday,0,2,2,0,7,2,0.167,5.9,0
2026-09-26,late,S15,C,Saturday,1,2,2,0,7,2,0.167,5.9,0
2026-09-26,late,S16,C,Saturday,0,2,2,0,7,2,0.167,5.9,0
2026-09-26,late,S17,C,Saturday,0,2,2,0,7,2,0.167,5.9,0
2026-09-26,late,S18,C,Saturday,1,2,0,0,7,2,0.167,5.9,0
2026-09-26,late,S19,D,Saturday,0,1,1,4,7,2,0.172,5.9,0
2026-09-26,late,S20,D,Saturday,0,2,2,4,7,2,0.172,5.9,0
2026-09-26,late,S21,D,Saturday,0,1,2,4,7,2,0.172,5.9,1
2026-09-26,late,S22,D,Saturday,0,1,2,4,7,2,0.172,5.9,0
2026-09-26,late,S23,D,Saturday,0,1,2,4,7,2,0.172,5.9,0
2026-09-26,late,S24,D,Saturday,0,2,3,4,7,2,0.172,5.9,0
2026-09-21,night,S01,A,Monday,0,2,1,1,7,2,0.177,7.5,0
2026-09-21,night,S02,A,Monday,0,2,2,1,7,2,0.177,7.5,0
2026-09-21,night,S03,A,Monday,0,2,3,1,7,2,0.177,7.5,0
2026-09-21,night,S04,A,Monday,0,1,1,1,7,2,0.177,7.5,0
2026-09-21,night,S05,A,Monday,0,2,3,1,7,2,0.177,7.5,0
2026-09-21,night,S06,A,Monday,0,2,2,1,7,2,0.177,7.5,1
2026-09-21,night,S07,B,Monday,0,2,1,2,7,2,0.229,7.5,0
2026-09-21,night,S08,B,Monday,0,2,2,2,7,2,0.229,7.5,0
2026-09-21,night,S09,B,Monday,0,1,3,2,7,2,0.229,7.5,0
2026-09-21,night,S10,B,Monday,0,2,3,2,7,2,0.229,7.5,0
2026-09-21,night,S11,B,Monday,0,2,1,2,7,2,0.229,7.5,0
2026-09-21,night,S12,B,Monday,0,1,1,2,7,2,0.229,7.5,1
2026-09-21,night,S13,C,Monday,0,2,2,2,7,2,0.156,7.5,0
2026-09-21,night,S14,C,Monday,0,1,3,2,7,2,0.156,7.5,0
2026-09-21,night,S15,C,Monday,1,1,2,2,7,2,0.156,7.5,0
2026-09-21,night,S16,C,Monday,0,2,2,2,7,2,0.156,7.5,0
2026-09-21,night,S17,C,Monday,0,2,0,2,7,2,0.156,7.5,0
2026-09-21,night,S18,C,Monday,1,2,0,2,7,2,0.156,7.5,0
2026-09-21,night,S19,D,Monday,0,1,1,2,7,2,0.214,7.5,1
2026-09-21,night,S20,D,Monday,0,3,2,2,7,2,0.214,7.5,0
2026-09-21,night,S21,D,Monday,0,2,1,2,7,2,0.214,7.5,0
2026-09-21,night,S22,D,Monday,0,3,1,2,7,2,0.214,7.5,0
2026-09-21,night,S23,D,Monday,0,2,2,2,7,2,0.214,7.5,0
2026-09-21,night,S24,D,Monday,0,1,1,2,7,2,0.214,7.5,1
2026-09-22,night,S01,A,Tuesday,0,2,1,1,7,2,0.182,7.5,0
2026-09-22,night,S02,A,Tuesday,0,2,2,1,7,2,0.182,7.5,0
2026-09-22,night,S03,A,Tuesday,0,2,3,1,7,2,0.182,7.5,0
2026-09-22,night,S04,A,Tuesday,0,1,1,1,7,2,0.182,7.5,0
2026-09-22,night,S05,A,Tuesday,0,2,3,1,7,2,0.182,7.5,0
2026-09-22,night,S06,A,Tuesday,0,2,2,1,7,2,0.182,7.5,0
2026-09-22,night,S07,B,Tuesday,0,2,1,2,7,2,0.229,7.5,0
2026-09-22,night,S08,B,Tuesday,0,2,2,2,7,2,0.229,7.5,0
2026-09-22,night,S09,B,Tuesday,0,1,3,2,7,2,0.229,7.5,0
2026-09-22,night,S10,B,Tuesday,0,2,3,2,7,2,0.229,7.5,0
2026-09-22,night,S11,B,Tuesday,0,2,1,2,7,2,0.229,7.5,0
2026-09-22,night,S12,B,Tuesday,0,1,1,2,7,2,0.229,7.5,0
2026-09-22,night,S13,C,Tuesday,0,2,2,2,7,2,0.161,7.5,0
2026-09-22,night,S14,C,Tuesday,0,1,3,2,7,2,0.161,7.5,0
2026-09-22,night,S15,C,Tuesday,1,1,2,2,7,2,0.161,7.5,0
2026-09-22,night,S16,C,Tuesday,0,2,2,2,7,2,0.161,7.5,1
2026-09-22,night,S17,C,Tuesday,0,2,0,2,7,2,0.161,7.5,1
2026-09-22,night,S18,C,Tuesday,1,2,0,2,7,2,0.161,7.5,1
2026-09-22,night,S19,D,Tuesday,0,1,1,2,7,2,0.224,7.5,1
2026-09-22,night,S20,D,Tuesday,0,3,2,2,7,2,0.224,7.5,0
2026-09-22,night,S21,D,Tuesday,0,2,1,2,7,2,0.224,7.5,0
2026-09-22,night,S22,D,Tuesday,0,3,1,2,7,2,0.224,7.5,0
2026-09-22,night,S23,D,Tuesday,0,2,2,2,7,2,0.224,7.5,0
2026-09-22,night,S24,D,Tuesday,0,1,1,2,7,2,0.224,7.5,1
2026-09-23,night,S01,A,Wednesday,0,2,1,1,7,2,0.182,7.5,0
2026-09-23,night,S02,A,Wednesday,0,2,2,1,7,2,0.182,7.5,0
2026-09-23,night,S03,A,Wednesday,0,2,3,1,7,2,0.182,7.5,0
2026-09-23,night,S04,A,Wednesday,0,1,1,1,7,2,0.182,7.5,1
2026-09-23,night,S05,A,Wednesday,0,2,3,1,7,2,0.182,7.5,0
2026-09-23,night,S06,A,Wednesday,0,2,2,1,7,2,0.182,7.5,0
2026-09-23,night,S07,B,Wednesday,0,2,1,2,7,2,0.234,7.5,0
2026-09-23,night,S08,B,Wednesday,0,2,2,2,7,2,0.234,7.5,0
2026-09-23,night,S09,B,Wednesday,0,1,3,2,7,2,0.234,7.5,1
2026-09-23,night,S10,B,Wednesday,0,2,3,2,7,2,0.234,7.5,0
2026-09-23,night,S11,B,Wednesday,0,2,1,2,7,2,0.234,7.5,1
2026-09-23,night,S12,B,Wednesday,0,1,1,2,7,2,0.234,7.5,1
2026-09-23,night,S13,C,Wednesday,0,2,2,2,7,2,0.177,7.5,0
2026-09-23,night,S14,C,Wednesday,0,1,3,2,7,2,0.177,7.5,1
2026-09-23,night,S15,C,Wednesday,1,1,2,2,7,2,0.177,7.5,0
2026-09-23,night,S16,C,Wednesday,0,2,2,2,7,2,0.177,7.5,0
2026-09-23,night,S17,C,Wednesday,0,2,0,2,7,2,0.177,7.5,0
2026-09-23,night,S18,C,Wednesday,1,2,0,2,7,2,0.177,7.5,0
2026-09-23,night,S19,D,Wednesday,0,1,1,2,7,2,0.229,7.5,0
2026-09-23,night,S20,D,Wednesday,0,3,2,2,7,2,0.229,7.5,0
2026-09-23,night,S21,D,Wednesday,0,2,1,2,7,2,0.229,7.5,0
2026-09-23,night,S22,D,Wednesday,0,3,1,2,7,2,0.229,7.5,0
2026-09-23,night,S23,D,Wednesday,0,2,2,2,7,2,0.229,7.5,0
2026-09-23,night,S24,D,Wednesday,0,1,1,2,7,2,0.229,7.5,1
2026-09-24,night,S01,A,Thursday,0,2,1,1,7,2,0.193,7.5,1
2026-09-24,night,S02,A,Thursday,0,2,2,1,7,2,0.193,7.5,0
2026-09-24,night,S03,A,Thursday,0,2,3,1,7,2,0.193,7.5,0
2026-09-24,night,S04,A,Thursday,0,1,1,1,7,2,0.193,7.5,1
2026-09-24,night,S05,A,Thursday,0,2,3,1,7,2,0.193,7.5,0
2026-09-24,night,S06,A,Thursday,0,2,2,1,7,2,0.193,7.5,0
2026-09-24,night,S07,B,Thursday,0,2,1,2,7,2,0.24,7.5,0
2026-09-24,night,S08,B,Thursday,0,2,2,2,7,2,0.24,7.5,0
2026-09-24,night,S09,B,Thursday,0,1,3,2,7,2,0.24,7.5,0
2026-09-24,night,S10,B,Thursday,0,2,3,2,7,2,0.24,7.5,0
2026-09-24,night,S11,B,Thursday,0,2,1,2,7,2,0.24,7.5,0
2026-09-24,night,S12,B,Thursday,0,1,1,2,7,2,0.24,7.5,1
2026-09-24,night,S13,C,Thursday,0,2,2,2,7,2,0.182,7.5,0
2026-09-24,night,S14,C,Thursday,0,1,3,2,7,2,0.182,7.5,1
2026-09-24,night,S15,C,Thursday,1,1,2,2,7,2,0.182,7.5,0
2026-09-24,night,S16,C,Thursday,0,2,2,2,7,2,0.182,7.5,0
2026-09-24,night,S17,C,Thursday,0,2,0,2,7,2,0.182,7.5,0
2026-09-24,night,S18,C,Thursday,1,2,0,2,7,2,0.182,7.5,0
2026-09-24,night,S19,D,Thursday,0,1,1,2,7,2,0.219,7.5,1
2026-09-24,night,S20,D,Thursday,0,3,2,2,7,2,0.219,7.5,0
2026-09-24,night,S21,D,Thursday,0,2,1,2,7,2,0.219,7.5,0
2026-09-24,night,S22,D,Thursday,0,3,1,2,7,2,0.219,7.5,0
2026-09-24,night,S23,D,Thursday,0,2,2,2,7,2,0.219,7.5,0
2026-09-24,night,S24,D,Thursday,0,1,1,2,7,2,0.219,7.5,0
2026-09-25,night,S01,A,Friday,0,2,1,1,7,2,0.203,7.5,0
2026-09-25,night,S02,A,Friday,0,2,2,1,7,2,0.203,7.5,1
2026-09-25,night,S03,A,Friday,0,2,3,1,7,2,0.203,7.5,0
2026-09-25,night,S04,A,Friday,0,1,1,1,7,2,0.203,7.5,1
2026-09-25,night,S05,A,Friday,0,2,3,1,7,2,0.203,7.5,0
2026-09-25,night,S06,A,Friday,0,2,2,1,7,2,0.203,7.5,0
2026-09-25,night,S07,B,Friday,0,2,1,2,7,2,0.24,7.5,0
2026-09-25,night,S08,B,Friday,0,2,2,2,7,2,0.24,7.5,0
2026-09-25,night,S09,B,Friday,0,1,3,2,7,2,0.24,7.5,0
2026-09-25,night,S10,B,Friday,0,2,3,2,7,2,0.24,7.5,1
2026-09-25,night,S11,B,Friday,0,2,1,2,7,2,0.24,7.5,0
2026-09-25,night,S12,B,Friday,0,1,1,2,7,2,0.24,7.5,1
2026-09-25,night,S13,C,Friday,0,2,2,2,7,2,0.188,7.5,0
2026-09-25,night,S14,C,Friday,0,1,3,2,7,2,0.188,7.5,1
2026-09-25,night,S15,C,Friday,1,1,2,2,7,2,0.188,7.5,0
2026-09-25,night,S16,C,Friday,0,2,2,2,7,2,0.188,7.5,0
2026-09-25,night,S17,C,Friday,0,2,0,2,7,2,0.188,7.5,0
2026-09-25,night,S18,C,Friday,1,2,0,2,7,2,0.188,7.5,0
2026-09-25,night,S19,D,Friday,0,1,1,2,7,2,0.208,7.5,1
2026-09-25,night,S20,D,Friday,0,3,2,2,7,2,0.208,7.5,0
2026-09-25,night,S21,D,Friday,0,2,1,2,7,2,0.208,7.5,1
2026-09-25,night,S22,D,Friday,0,3,1,2,7,2,0.208,7.5,0
2026-09-25,night,S23,D,Friday,0,2,2,2,7,2,0.208,7.5,0
2026-09-25,night,S24,D,Friday,0,1,1,2,7,2,0.208,7.5,1
2026-09-26,night,S01,A,Saturday,0,2,1,1,7,2,0.203,7.5,0
2026-09-26,night,S02,A,Saturday,0,2,2,1,7,2,0.203,7.5,0
2026-09-26,night,S03,A,Saturday,0,2,3,1,7,2,0.203,7.5,0
2026-09-26,night,S04,A,Saturday,0,1,1,1,7,2,0.203,7.5,0
2026-09-26,night,S05,A,Saturday,0,2,3,1,7,2,0.203,7.5,0
2026-09-26,night,S06,A,Saturday,0,2,2,1,7,2,0.203,7.5,0
2026-09-26,night,S07,B,Saturday,0,2,1,2,7,2,0.25,7.5,0
2026-09-26,night,S08,B,Saturday,0,2,2,2,7,2,0.25,7.5,0
2026-09-26,night,S09,B,Saturday,0,1,3,2,7,2,0.25,7.5,0
2026-09-26,night,S10,B,Saturday,0,2,3,2,7,2,0.25,7.5,0
2026-09-26,night,S11,B,Saturday,0,2,1,2,7,2,0.25,7.5,0
2026-09-26,night,S12,B,Saturday,0,1,1,2,7,2,0.25,7.5,0
2026-09-26,night,S13,C,Saturday,0,2,2,2,7,2,0.193,7.5,0
2026-09-26,night,S14,C,Saturday,0,1,3,2,7,2,0.193,7.5,1
2026-09-26,night,S15,C,Saturday,1,1,2,2,7,2,0.193,7.5,0
2026-09-26,night,S16,C,Saturday,0,2,2,2,7,2,0.193,7.5,0
2026-09-26,night,S17,C,Saturday,0,2,0,2,7,2,0.193,7.5,0
2026-09-26,night,S18,C,Saturday,1,2,0,2,7,2,0.193,7.5,0
2026-09-26,night,S19,D,Saturday,0,1,1,2,7,2,0.224,7.5,1
2026-09-26,night,S20,D,Saturday,0,3,2,2,7,2,0.224,7.5,0
2026-09-26,night,S21,D,Saturday,0,2,1,2,7,2,0.224,7.5,0
2026-09-26,night,S22,D,Saturday,0,3,1,2,7,2,0.224,7.5,0
2026-09-26,night,S23,D,Saturday,0,2,2,2,7,2,0.224,7.5,0
2026-09-26,night,S24,D,Saturday,0,1,1,2,7,2,0.224,7.5,0
